,,,,,,,,,,,,,,,
MARKA,Ürün Adı,BARKOD-1,REFERANS-1,BARKOD-2,REFERANS-2,BARKOD-3,REFERANS-3,BARKOD-4,REFERANS-4,BARKOD-5,REFERANS-5,BARKOD-6,REFERANS-6,UNIQ KOD,UNIQ ÜRÜN ADI
RABANNE,PACO RABANNE,,,,,,,,,,,,,,
RABANNE,1 MILLION ,,,,,,,,,,,,,,
RABANNE,1 MILLION EDT 200 ML,3349668566372,PPR65135969,,,,,,,,,,, PPR000000006, 1 MILLION EDT 200 ML
RABANNE,1 MILLION EDT 100 ML,3349666007921,PPR65051844,,,,,,,,,,, PPR000000010, 1 MILLION EDT 100 ML 
RABANNE,1 MILLION EDT 50 ML,3349666007891,PPR65051845,3349668612598,PPR65187136,,,,,,,,, PPR000000011, 1 MILLION EDT 50 ML
RABANNE,1 MILLION EDT DEO SPRAY 150 ML,3349668530502,PPR65096966,,,,,,,,,,, PPR000000012, 1 MILLION EDT DEO SPRAY 150 ML
RABANNE,1 MILLION EDT 30ML,3349668677405,PPR65249453,,,,,,,,,,,,
RABANNE,1 MILLION EDT DEO STICK 75 GR,3349666007990,PPR65102224,,,,,,,,,,, PPR000000013, 1 MILLION EDT DEO STICK 75 GR
RABANNE,1 MILLION PARFUM,,,,,,,,,,,,,,
RABANNE,1 MILLION PARFUM 200 ML,3349668581948,PPR65158198,,,,,,,,,,, PPR000000014, 1 MILLION PARFUM 200 ML
RABANNE,1 MILLION PARFUM 100 ML,3349668579839,PPR65156001,,,,,,,,,,, PPR000000015, 1 MILLION PARFUM 100 ML
RABANNE,1 MILLION PARFUM 50 ML,3349668579822,PPR65156000,,,,,,,,,,, PPR000000016, 1 MILLION PARFUM 50 ML
RABANNE,1 MILLION BLACK,,,,,,,,,,,,,,
RABANNE,1 MILLION BLACK 200 ML,3349668672974,PPR65246130,,,,,,,,,,,,
RABANNE,1 MILLION BLACK 100 ML,3349668672967,PPR65246128,,,,,,,,,,,,
RABANNE,1 MILLION BLACK 50 ML,3349668672950,PPR65246127,,,,,,,,,,,,
RABANNE,1 MILLION ELIXIR,,,,,,,,,,,,,,
RABANNE,1 MILLION ELIXIR PARFUM INTENSE 100 ML,3349668600304,PPR65177273,,,,,,,,,,, PPR000000103, 1 MILLION ELIXIR PARFUM INTENSE 100 ML
RABANNE,1 MILLION ELIXIR PARFUM INTENSE 50 ML,3349668601073,PPR65177464,,,,,,,,,,, PPR000000104, 1 MILLION ELIXIR PARFUM INTENSE 50 ML
RABANNE,1 MILLION ROYAL,,,,,,,,,,,,,,
RABANNE,1 MILLION ROYAL PARFUM 100 ML,3349668617050,PPR65190440,,,,,,,,,,, PPR000000113, 1 MILLION ROYAL PARFUM 100 ML
RABANNE,1 MILLION ROYAL PARFUM 50 ML,3349668617043,PPR65190439,,,,,,,,,,, PPR000000114, 1 MILLION ROYAL PARFUM 50 ML
RABANNE,1 MILLION NIGHT ELIXIR,,,,,,,,,,,,,,
RABANNE,1 MILLION NIGHT ELIXIR 100 ML,3349668662388,PPR65228314,,,,,,,,,,,,
RABANNE,1 MILLION NIGHT ELIXIR 50 ML,3349668662289,PPR65228304,,,,,,,,,,,,
RABANNE,MILLION GOLD,,,,,,,,,,,,,,
RABANNE,MILLION GOLD EDP INTENSE 100 ML,3349668630349,PPR65200311,,,,,,,,,,, PPR000000138, MILLION GOLD RE24 EDP INTENSE 100 ML
RABANNE,MILLION GOLD EDP INTENSE 50 ML,3349668630332,PPR65200310,,,,,,,,,,, PPR000000139, MILLION GOLD RE24 EDP INTENSE 50 ML
RABANNE,MILLION GOLD RE25,,,,,,,,,,,,,,
RABANNE,MILLION GOLD ELIXIR 200 ML,3349668644940,PPR65215778,,,,,,,,,,, PPR000000143, MILLION GOLD RE25 200 ML
RABANNE,MILLION GOLD ELIXIR 100 ML,3349668644933,PPR65215777,,,,,,,,,,, PPR000000144, MILLION GOLD RE25 100 ML
RABANNE,MILLION GOLD ELIXIR 50 ML,3349668644957,PPR65215779,,,,,,,,,,, PPR000000145, MILLION GOLD RE25 50 ML
RABANNE,LADY MILLION,,,,,,,,,,,,,,
RABANNE,LADY MILLION EDP 80 ML,3349668508587,PPR65051781,,,,,,,,,,, PPR000000017, LADY MILLION EDP 80 ML
RABANNE,LADY MILLION EDP 50 ML,3349668508488,PPR65051774,3349668612604,PPR65187137,,,,,,,,, PPR000000018, LADY MILLION EDP 50 ML
RABANNE,LADY MILLION EDP DEO SPRAY 150 ML,3349668508525,PPR65051776,3349668589999,PPR65165725,,,,,,,,, PPR000000002, LADY MILLION EDP DEO SPRAY 150 ML
RABANNE,LADY MILLION ROYAL,,,,,,,,,,,,,,
RABANNE,LADY MILLION ROYAL EDP 80 ML,3349668617173,PPR65190452,,,,,,,,,,, PPR000000115, LADY MILLION ROYAL EDP 80 ML
RABANNE,LADY MILLION ROYAL EDP 50 ML,3349668617166,PPR65190451,,,,,,,,,,, PPR000000116, LADY MILLION ROYAL EDP 50 ML
RABANNE,MILLION FOR HER,,,,,,,,,,,,,,
RABANNE,MILLION FOR HER EDP 90 ML,3349668630264,PPR65200303,,,,,,,,,,, PPR000000141, MILLION FOR HER 2024 EDP 90 ML REFILLABLE
RABANNE,MILLION FOR HER EDP 50 ML,3349668630257,PPR65200302,,,,,,,,,,, PPR000000140, MILLION FOR HER 2024 EDP 50 ML REFILLABLE
RABANNE,MILLION FOR HER DEO SPRAY 150 ML,3349668637980,PPR65212353,,,,,,,,,,, PPR000000142, MILLION FOR HER 2024 EDP 150 ML DEO SPRAY
RABANNE,MILLION GOLD FOR HER,,,,,,,,,,,,,,
RABANNE,MILLION FOR HER 90 ML REFILL,3349668645206,PPR65215864,,,,,,,,,,, PPR000000146, MILLION FOR HER 90 ML REFILL
RABANNE,MILLION FOR HER 50 ML REFILL,3349668645213,PPR65215865,,,,,,,,,,, PPR000000147, MILLION FOR HER 50 ML REFILL
RABANNE,MILLION GOLD FOR HER ELIXIR,,,,,,,,,,,,,,
RABANNE,MILLION GOLD FOR HER ELIXIR 90 ML,3349668664870,PPR65229932,,,,,,,,,,,,
RABANNE,MILLION GOLD FOR HER ELIXIR 50 ML,3349668664887,PPR65229933,,,,,,,,,,,,
RABANNE,INVICTUS,,,,,,,,,,,,,,
RABANNE,INVICTUS EDT 200 ML,3349668589678,PPR65165373,,,,,,,,,,, PPR000000029, INVICTUS EDT 200 ML
RABANNE,INVICTUS EDT 100 ML,3349668515660,PPR65055742,,,,,,,,,,, PPR000000031, INVICTUS EDT 100 ML
RABANNE,INVICTUS EDT 50 ML,3349668515653,PPR65055741,,,,,,,,,,, PPR000000032, INVICTUS EDT 50 ML
RABANNE,INVICTUS EDT DEO SPRAY 150 ML,3349668530564,PPR65096983,,,,,,,,,,, PPR000000034, INVICTUS EDT DEO SPRAY 150 ML
RABANNE,INVICTUS EDT DEO STICK 75 GR,3349668515752,PPR65055751,,,,,,,,,,, PPR000000035, INVICTUS EDT DEO STICK 75 GR
RABANNE,INVICTUS VICTORY,,,,,,,,,,,,,,
RABANNE,INVICTUS VICTORY EDP 100 ML,3349668588732,PPR65164673,,,,,,,,,,, PPR000000036, INVICTUS VICTORY EDP 100 ML
RABANNE,INVICTUS VICTORY EDP 50 ML,3349668588749,PPR65164674,,,,,,,,,,, PPR000000037, INVICTUS VICTORY EDP 50 ML
RABANNE,INVICTUS VICTORY ELIXIR,,,,,,,,,,,,,,
RABANNE,INVICTUS VICTORY ELIXIR PARFUM 200 ML,3349668614530,PPR65188731,,,,,,,,,,, PPR000000117, INVICTUS VICTORY ELIXIR PARFUM 200 ML
RABANNE,INVICTUS VICTORY ELIXIR PARFUM 100 ML,3349668614523,PPR65188730,,,,,,,,,,, PPR000000118, INVICTUS VICTORY ELIXIR PARFUM 100 ML
RABANNE,INVICTUS VICTORY ELIXIR PARFUM 50 ML,3349668614516,PPR65188729,,,,,,,,,,, PPR000000119, INVICTUS VICTORY ELIXIR PARFUM 50 ML
RABANNE,INVICTUS VICTORY ABSOLU,,,,,,,,,,,,,,
RABANNE,INVICTUS VICTORY ABSOLU 200 ML,3349668641840,PPR65215211,,,,,,,,,,, PPR000000148, INVICTUS VICTORY ABSOLU 200 ML
RABANNE,INVICTUS VICTORY ABSOLU 100 ML,3349668641833,PPR65215210,,,,,,,,,,, PPR000000149, INVICTUS VICTORY ABSOLU 100 ML
RABANNE,INVICTUS VICTORY ABSOLU 50 ML,3349668641826,PPR65215209,,,,,,,,,,, PPR000000150, INVICTUS VICTORY ABSOLU 50 ML
RABANNE,INVICTUS PARFUM,,,,,,,,,,,,,,
RABANNE,INVICTUS PARFUM 200 ML,3349668627547,PPR65199571,,,,,,,,,,, PPR000000128, INVICTUS PARFUM 200 ML
RABANNE,INVICTUS PARFUM 100 ML,3349668627530,PPR65199570,,,,,,,,,,, PPR000000129, INVICTUS PARFUM 100 ML
RABANNE,INVICTUS PARFUM 50 ML,3349668627523,PPR65199569,,,,,,,,,,, PPR000000130, INVICTUS PARFUM 50 ML
RABANNE,INVICTUS ELIXIR,,,,,,,,,,,,,,
RABANNE,INVICTUS ELIXIR 200 ML,3349668662685,PPR65228349,,,,,,,,,,,,
RABANNE,INVICTUS ELIXIR 100 ML,3349668664733,PPR65229792,,,,,,,,,,,,
RABANNE,INVICTUS ELIXIR 50 ML,3349668662678,PPR65228348,,,,,,,,,,,,
RABANNE,OLYMPÉA SOLAR INTENSE,,,,,,,,,,,,,,
RABANNE,OLYMPÉA SOLAR EDP INTENSE 80 ML,3349668599417,PPR65176239,,,,,,,,,,, PPR000000107, OLYMPEA SOLAR EDP INTENSE 80 ML
RABANNE,OLYMPÉA SOLAR EDP INTENSE 50 ML,3349668599448,PPR65176242,,,,,,,,,,, PPR000000108, OLYMPEA SOLAR EDP INTENSE 50 ML
RABANNE,OLYMPÉA,,,,,,,,,,,,,,
RABANNE,OLYMPÉA EDP 80 ML,3349668528677,PPR65095775,3349668612635,PPR65187140,,,,,,,,, PPR000000044, OLYMPEA EDP 80 ML
RABANNE,OLYMPÉA EDP 50 ML,3349668568093,PPR65137847,3349668528660,PPR65095773,3349668679249,PPR65250755,,,,,,, PPR000000003, OLYMPEA EDP 50ML
RABANNE,OLYMPÉA DEO SPRAY 150 ML,3349668528745,PPR65095801,,,,,,,,,,, PPR000000046, OLYMPEA DEO SPRAY 150 ML
RABANNE,OLYMPÉA PARFUM,,,,,,,,,,,,,,
RABANNE,OLYMPEA PARFUM 80 ML,3349668627479,PPR65199563,,,,,,,,,,, PPR000000131, OLYMPEA PARFUM 80 ML
RABANNE,OLYMPEA PARFUM 50 ML,3349668627462,PPR65199562,,,,,,,,,,, PPR000000132, OLYMPEA PARFUM 50 ML
RABANNE,OLYMPEA ABSOLU,,,,,,,,,,,,,,
RABANNE,OLYMPEA ABSOLU 80 ML,3349668641772,PPR65215203,,,,,,,,,,, PPR000000151, OLYMPEA ABSOLU 80 ML
RABANNE,OLYMPEA ABSOLU 50 ML,3349668641765,PPR65215202,,,,,,,,,,, PPR000000152, OLYMPEA ABSOLU 50 ML
RABANNE,OLYMPEA ELIXIR,,,,,,,,,,,,,,
RABANNE,OLYMPEA ELIXIR 80 ML,3349668662937,PPR65228780,,,,,,,,,,,,
RABANNE,OLYMPEA ELIXIR 50 ML,3349668662920,PPR65228779,,,,,,,,,,,,
RABANNE,PHANTOM,,,,,,,,,,,,,,
RABANNE,PHANTOM EDT 100 ML,3349668582297,PPR65158923,,,,,,,,,,, PPR000000057, PHANTOM EDT 100 ML
RABANNE,PHANTOM EDT 50 ML,3349668582365,PPR65159116,,,,,,,,,,, PPR000000058, PHANTOM EDT 50 ML
RABANNE,PHANTOM DEO SPRAY 150 ML,3349668583485,PPR65160369,,,,,,,,,,, PPR000000059, PHANTOM DEO SPRAY 150 ML
RABANNE,PHANTOM PARFUM,,,,,,,,,,,,,,
RABANNE,PHANTOM PARFUM 100 ML,3349668614592,PPR65188737,,,,,,,,,,, PPR000000122, PHANTOM PARFUM 100 ML
RABANNE,PHANTOM PARFUM 50 ML,3349668614585,PPR65188736,,,,,,,,,,, PPR000000123, PHANTOM PARFUM 50 ML
RABANNE,PHANTOM INTENSE,,,,,,,,,,,,,,
RABANNE,PHANTOM INTENSE EDP 100 ML,3349668630035,PPR65200224,,,,,,,,,,, PPR000000133, PHANTOM EDP INTENSE 100 ML
RABANNE,PHANTOM INTENSE EDP 50 ML,3349668630028,PPR65200223,,,,,,,,,,, PPR000000134, PHANTOM EDP INTENSE 50 ML
RABANNE,PHANTOM RE25,,,,,,,,,,,,,,
RABANNE,PHANTOM ELIXIR EDP 100 ML,3349668644049,PPR65215598,,,,,,,,,,, PPR000000153, PHANTOM RE25 100 ML
RABANNE,PHANTOM ELIXIR EDP 50 ML,3349668644063,PPR65215600,,,,,,,,,,, PPR000000154, PHANTOM RE25 50 ML
RABANNE,PHANTOM PARFUM ELIXIR,,,,,,,,,,,,,,
RABANNE,PHANTOM IN RED PARFUM ELIXIR 100 ML ,3349668661640,PPR65227767,,,,,,,,,,,,
RABANNE,PHANTOM IN RED PARFUM ELIXIR 50 ML ,3349668661916,PPR65227968,,,,,,,,,,,,
RABANNE,FAME,,,,,,,,,,,,,,
RABANNE,FAME EDP 80 ML,3349668594412,PPR65170086,,,,,,,,,,, PPR000000109, FAME EDP 80 ML
RABANNE,FAME EDP 50 ML,3349668594429,PPR65170087,,,,,,,,,,, PPR000000110, FAME EDT 50 ML
RABANNE,FAME DEO SPRAY 150 ML,3349668595174,PPR65170980,,,,,,,,,,, PPR000000111, FAME DEO SPRAY 150 ML
RABANNE,FAME PARFUM,,,,,,,,,,,,,,
RABANNE,FAME PARFUM 80 ML,3349668614660,PPR65188744,,,,,,,,,,, PPR000000124, FAME PARFUM 80 ML
RABANNE,FAME PARFUM 50 ML,3349668614653,PPR65188743,,,,,,,,,,, PPR000000125, FAME PARFUM 50 ML
RABANNE,FAME INTENSE,,,,,,,,,,,,,,
RABANNE,FAME INTENSE EDP 80 ML,3349668630448,PPR65200321,,,,,,,,,,, PPR000000135, FAME EDP INTENSE 80 ML
RABANNE,FAME INTENSE EDP 50 ML,3349668630110,PPR65200232,,,,,,,,,,, PPR000000136, FAME EDP INTENSE 50 ML
RABANNE,FAME PARFUM ELIXIR,,,,,,,,,,,,,,
RABANNE,FAME IN LOVE PARFUM ELIXIR 80 ML,3349668643929,PPR65215585,,,,,,,,,,,,
RABANNE,FAME IN LOVE PARFUM ELIXIR 50 ML,3349668643943,PPR65215587,,,,,,,,,,,,
RABANNE,KOFRE,,,,,,,,,,,,,,
RABANNE,MILLION GFH LE26 90 ML,3349668663187,PPR65228861,,,,,,,,,,,,
RABANNE,FAME WINTER COLLECTOR 80 ML,3349668669868,PPR65242941,,,,,,,,,,,,
RABANNE,MGFH EDP50 + FAMOUS BLACK MASCARA MD26,3349668664979,PPR65235067,,,,,,,,,,,,
RABANNE,MGFH MG10 + MINI MD26,3349668667208,PPR65240176,,,,,,,,,,,,
RABANNE,FAME EDP50 + FS ROCKSTAR MASCARA MD26,3349668664955,PPR65235065,,,,,,,,,,,,
RABANNE,MGFH EDP90+ MG10+MINI DRAMALIPS MD26,3349668664986,PPR65235068,,,,,,,,,,,,
RABANNE,LADY MILLION EDP 80 + BL100 MD26,3349668667086,PPR65240035,,,,,,,,,,,,
RABANNE,FAME EDP80+BL100 MD26,3349668667062,PPR65240033,,,,,,,,,,,,
RABANNE,OLYMPEA EDP80+BL100 MD26,3349668667024,PPR65240029,,,,,,,,,,,,
RABANNE,1M EDT100+SG100 FD26,3349668666676,PPR65239993,,,,,,,,,,,,
RABANNE,INV EDT100+SG100 FD26,3349668666812,PPR65240006,,,,,,,,,,,,
RABANNE,INV VICT ELIXIR PAR100+DEO150+MG10 FD26,3349668666850,PPR65240010,,,,,,,,,,,,
RABANNE,PHANTOM PARFUM 100+SG100 FD26,3349668666904,PPR65240015,,,,,,,,,,,,
RABANNE,INV VICT ELI100 + DEO150 + MG10 HD26,3349668672516,PPR65245934,,,,,,,,,,,,
RABANNE,INV EDT100 + DEO150 + MG10 HD26,3349668672448,PPR65245927,,,,,,,,,,,,
RABANNE,INV VICTORY EDP100 + DEO150 + MG10 HD26,3349668672523,PPR65245935,,,,,,,,,,,,
RABANNE,1M EDT100 + DEO150 + MG10 HD26,3349668672172,PPR65245900,,,,,,,,,,,,
RABANNE,1M ELIXIR 100+DEO150+MG10 HD26,3349668672363,PPR65245919,,,,,,,,,,,,
RABANNE,MGFH EDP90 + BL100 + MG10 HD26,3349668672851,PPR65245972,,,,,,,,,,,,
RABANNE,INV RE26 100 + DEO150 + MG10 HD26,3349668672455,PPR65245928,,,,,,,,,,,,
RABANNE,MGFH EDP50 + FS FAMOUS MASCARA HD26,3349668670598,PPR65243739,,,,,,,,,,,,
RABANNE,DELIST,,,,,,,,,,,,,,
RABANNE,OLYMPEA FLORA EDP 80 ML,3349668614479,PPR65188725,,,,,,,,,,, PPR000000120, OLYMPÉA FLORA EDP 80 ML
RABANNE,PHANTOM DEO STICK 75 GR,3349668586677,PPR65163469,,,,,,,,,,, PPR000000060, PHANTOM DEO STICK 75 GR
RABANNE,FAME RE24 EDP50 + BL75 HD24,3349668635108,PPR65211286,,,,,,,,,,,,
RABANNE,FAME FELINE COLLECTOR 25 80 ML REFILLABLE,3349668654819,PPR65222385,,,,,,,,,,,,
RABANNE,FAME EDP80+BL100 MD25,3349668642878,PPR65215411,,,,,,,,,,,,
RABANNE,PHANTOM PARFUM100 + MG10 AO25,3349668643134,PPR65215442,,,,,,,,,,,,
RABANNE,FAME EDP80 + BL100 + MG10 HD25,3349668656226,PPR65223469,,,,,,,,,,,,
RABANNE,PHANTOM PARFUM100 + DEO150 HD25,3349668656288,PPR65223483,,,,,,,,,,,,
RABANNE,FAME LE 25 EDP 80 ML,3349668630417,PPR65200318,,,,,,,,,,,,
CAROLINA HERRERA,CAROLINA HERRERA,,,,,,,,,,,,,,
CAROLINA HERRERA,212,,,,,,,,,,,,,,
CAROLINA HERRERA,212 NYC EDT 100 ML,8411061865408,PCH65116553,8411061088180,PCH65200068,,,,,,,,, PCH000000003, 212 NYC EDT 100 ML
CAROLINA HERRERA,212 NYC EDT 60 ML,8411061894026,PCH65119424,,,,,,,,,,, PCH000000004, 212 NYC EDT 60 ML
CAROLINA HERRERA,212 MEN,,,,,,,,,,,,,,
CAROLINA HERRERA,212 MEN EDT 100 ML,8411061853160,PCH65114527,8411061043868,PCH65183412,,,,,,,,, PCH000000007, 212 MEN EDT 100 ML
CAROLINA HERRERA,212 MEN EDT 50 ML,8411061896259,PCH65119644,,,,,,,,,,, PCH000000008, 212 MEN EDT 50 ML
CAROLINA HERRERA,212 VIP MEN,,,,,,,,,,,,,,
CAROLINA HERRERA,212 VIP MEN EDT 100 ML,8411061723760,PCH65116791,8411061088166,PCH65200066,,,,,,,,, PCH000000014, 212 VIP MEN EDT 100 ML
CAROLINA HERRERA,212 VIP MEN EDT 50 ML,8411061869253,PCH65116792,,,,,,,,,,, PCH000000015, 212 VIP MEN EDT 50 ML
CAROLINA HERRERA,'212 MEN NYC PARFUM,,,,,,,,,,,,,,
CAROLINA HERRERA,212 MEN NYC PARFUM 100 ML,8411061124994,PCH65227902,,,,,,,,,,,,
CAROLINA HERRERA,212 MEN NYC PARFUM 50 ML,8411061125007,PCH65227903,,,,,,,,,,,,
CAROLINA HERRERA,212 VIP ROSE,,,,,,,,,,,,,,
CAROLINA HERRERA,212 VIP ROSE EDP 80 ML,8411061777176,PCH65081672,8411061088197,PCH65200069,,,,,,,,, PCH000000016, 212 VIP ROSE EDP 80 ML
CAROLINA HERRERA,212 VIP ROSE EDP 50 ML,8411061777183,PCH65081673,8411061106518,PCH65214298,,,,,,,,, PCH000000017, 212 VIP ROSE EDP 50 ML
CAROLINA HERRERA,212 VIP ROSE ELIXIR,,,,,,,,,,,,,,
CAROLINA HERRERA,212 VIP ROSÉ ELIXIR EDP 80 ML,8411061083482,PCH65198170,,,,,,,,,,, PCH000000099, 212 VIP ROSÉ ELIXIR EDP 80 ML
CAROLINA HERRERA,212 VIP ROSÉ ELIXIR EDP 50 ML,8411061083499,PCH65198171,,,,,,,,,,, PCH000000100, 212 VIP ROSÉ ELIXIR EDP 50 ML
CAROLINA HERRERA,212 VIP BLACK,,,,,,,,,,,,,,
CAROLINA HERRERA,212 VIP BLACK EDP 100 ML,8411061869376,PCH65116796,8411061043844,PCH65183410,,,,,,,,, PCH000000021, 212 VIP BLACK EDP 100 ML
CAROLINA HERRERA,212 VIP BLACK EDP 50 ML,8411061869406,PCH65116797,8411061120637,PCH65224439,,,,,,,,, PCH000000022, 212 VIP BLACK EDP 50 ML
CAROLINA HERRERA,212 VIP BLACK ELIXIR,,,,,,,,,,,,,,
CAROLINA HERRERA,212 VIP BLACK ELIXIR EDP 100 ML,8411061105016,PCH65213586,,,,,,,,,,, PCH000000109, 212 VIP BLACK ELIXIR EDP 100 ML
CAROLINA HERRERA,212 VIP BLACK ELIXIR EDP 50 ML,8411061105009,PCH65213585,,,,,,,,,,, PCH000000110, 212 VIP BLACK ELIXIR EDP 50 ML
CAROLINA HERRERA,GOOD GIRL,,,,,,,,,,,,,,
CAROLINA HERRERA,GOOD GIRL EDP 80 ML,8411061818961,PCH65104398,8411061026342,PCH65176159,,,,,,,,, PCH000000001, CH GOODGIRL EDP 80 ML
CAROLINA HERRERA,GOOD GIRL EDP 50 ML,8411061819838,PCH65104824,8411061026250,PCH65176140,,,,,,,,, PCH000000002, CH GOODGIRL EDP 50 ML
CAROLINA HERRERA,GOOD GIRL BLUSH,,,,,,,,,,,,,,
CAROLINA HERRERA,GOOD GIRL BLUSH EDP 80 ML,8411061056752,PCH65187278,,,,,,,,,,, PCH000000093, GOOD GIRL BLUSH EDP 80 ML
CAROLINA HERRERA,GOOD GIRL BLUSH EDP 50 ML,8411061056769,PCH65187279,,,,,,,,,,, PCH000000094, GOOD GIRL BLUSH EDP 50 ML
CAROLINA HERRERA,GOOD GIRL BLUSH ELIXIR,,,,,,,,,,,,,,
CAROLINA HERRERA,GOOD GIRL BLUSH ELIXIR EDP 80 ML,8411061083659,PCH65198197,,,,,,,,,,, PCH000000103, GOOD GIRL BLUSH ELIXIR EDP 80 ML
CAROLINA HERRERA,GOOD GIRL BLUSH ELIXIR EDP 50 ML,8411061083666,PCH65198198,,,,,,,,,,, PCH000000104, GOOD GIRL BLUSH ELIXIR EDP 50 ML
CAROLINA HERRERA,VERY GOOD GIRL ,,,,,,,,,,,,,,
CAROLINA HERRERA,VERY GOOD GIRL EDP 80 ML,8411061995754,PCH65165902,8411061124802,PCH65227568,,,,,,,,, PCH000000040, VERY GOOD GIRL EDP 80 ML
CAROLINA HERRERA,VERY GOOD GIRL EDP 50 ML,8411061996973,PCH65166510,8411061043875,PCH65183413,,,,,,,,, PCH000000041, VERY GOOD GIRL EDP 50 ML
CAROLINA HERRERA,VERY GOOD GIRL ELIXIR,,,,,,,,,,,,,,
CAROLINA HERRERA,VERY GOOD GIRL ELIXIR EDP 80 ML,8411061106228,PCH65214251,,,,,,,,,,, PCH000000111, VERY GOOD GIRL ELIXIR EDP 80 ML
CAROLINA HERRERA,VERY GOOD GIRL ELIXIR EDP 50 ML,8411061106211,PCH65214250,,,,,,,,,,, PCH000000112, VERY GOOD GIRL ELIXIR EDP 50 ML
CAROLINA HERRERA,LA BOMBA,,,,,,,,,,,,,,
CAROLINA HERRERA,LA BOMBA EDP 80 ML,8411061077160,PCH65195954,,,,,,,,,,,,
CAROLINA HERRERA,LA BOMBA EDP 50 ML,8411061077153,PCH65195953,,,,,,,,,,,,
CAROLINA HERRERA,LA BOMBA BODY CREAM 200 ML,8411061111352,PCH65218189,,,,,,,,,,,,
CAROLINA HERRERA,LA BOMBA SHIMMERING BODY OIL 150 ML,8411061111369,PCH65218190,,,,,,,,,,,,
CAROLINA HERRERA,JASMINE ABSOLU,,,,,,,,,,,,,,
CAROLINA HERRERA,JASMINE ABSOLU EDP 80 ML,8411061123614,PCH65225855,,,,,,,,,,,,
CAROLINA HERRERA,JASMINE ABSOLU EDP 50 ML,8411061123607,PCH65225854,,,,,,,,,,,,
CAROLINA HERRERA,BAD BOY,,,,,,,,,,,,,,
CAROLINA HERRERA,BAD BOY EDT 100 ML ,8411061923245,PCH65132647,8411061099728,PCH65206727,,,,,,,,, PCH000000043, BAD BOY EDT 100 ML 
CAROLINA HERRERA,BAD BOY EDT 50 ML,8411061926093,PCH65133810,8411061099735,PCH65206728,,,,,,,,, PCH000000044, BAD BOY EDT 50 ML
CAROLINA HERRERA,BAD BOY DEO SPRAY 100 ML,8411061958544,PCH65147995,,,,,,,,,,, PCH000000045, BAD BOY DEO SPRAY 100 ML
CAROLINA HERRERA,BAD BOY DEO STICK 75 GR,8411061973479,PCH65156566,,,,,,,,,,, PCH000000046, BAD BOY DEO STICK 75 GR
CAROLINA HERRERA,BAD BOY COBALT,,,,,,,,,,,,,,
CAROLINA HERRERA,BAD BOY COBALT EDP 100 ML,8411061027837,PCH65176773,8411061099759,PCH65206730,,,,,,,,, PCH000000090, BAD BOY COBALT EDP 100ML
CAROLINA HERRERA,BAD BOY COBALT EDP 50 ML,8411061027813,PCH65176771,8411061099766,PCH65206731,,,,,,,,, PCH000000089, BAD BOY COBALT EDP 50ML
CAROLINA HERRERA,BAD BOY COBALT ELIXIR,,,,,,,,,,,,,,
CAROLINA HERRERA,BAD BOY COBALT ELIXIR 100 ML,8411061083772,PCH65198208,,,,,,,,,,, PCH000000107, BAD BOY COBALT ELIXIR 100 ML
CAROLINA HERRERA,BAD BOY COBALT ELIXIR 50 ML,8411061083765,PCH65198207,,,,,,,,,,, PCH000000108, BAD BOY COBALT ELIXIR 50 ML
CAROLINA HERRERA,BAD BOY COBALT ABSOLUTE,,,,,,,,,,,,,,
CAROLINA HERRERA,BAD BOY COBALT ABSOLUTE EDP 100 ML,8411061124840,PCH65227863,,,,,,,,,,,,
CAROLINA HERRERA,BAD BOY COBALT ABSOLUTE EDP 50 ML,8411061124833,PCH65227862,,,,,,,,,,,,
CAROLINA HERRERA,BAD BOY ELIXIR,,,,,,,,,,,,,,
CAROLINA HERRERA,BAD BOY ELIXIR EDP 100 ML,8411061106297,PCH65214258,,,,,,,,,,, PCH000000113, BAD BOY ELIXIR EDP 100 ML
CAROLINA HERRERA,BAD BOY ELIXIR EDP 50 ML,8411061106303,PCH65214259,,,,,,,,,,, PCH000000114, BAD BOY ELIXIR EDP 50 ML
CAROLINA HERRERA,2026 KOFRE,,,,,,,,,,,,,,
CAROLINA HERRERA,212 VIP BLACK LE 26 EDP 100 ML,8411061124406,PCH65227699,,,,,,,,,,,,
CAROLINA HERRERA,212 VIP ROSÉ LE 26 EDP 80 ML,8411061124413,PCH65227700,,,,,,,,,,,,
CAROLINA HERRERA,GOOD GIRL EDP COLLECTOR 80 ML,8411061133620,PCH65239656,,,,,,,,,,,,
CAROLINA HERRERA,GOOD GIRL BLUSH EDP COLLECTOR 80 ML,8411061133668,PCH65239660,,,,,,,,,,,,
CAROLINA HERRERA,GG EDP MINI+GG BLUSH MINI,8411061122662,PCH65225677,,,,,,,,,,,,
CAROLINA HERRERA,GG EDP 50ML+GG HAIRMIST MD26 SEPH,8411061134504,PCH65240295,,,,,,,,,,,,
CAROLINA HERRERA,GG EDP MGSP 10ML + GG MINI SET SEPH,8411061134511,PCH65240296,,,,,,,,,,,,
CAROLINA HERRERA,212 MEN 100ML EDT + DEOSTICK 75ML FD26,8411061134320,PCH65240277,,,,,,,,,,,,
CAROLINA HERRERA,212 VIP BLACK 100ML+SG100ML FD26,8411061134351,PCH65240280,,,,,,,,,,,,
CAROLINA HERRERA,BB EDT 100ML +SG TB 100ML +MGSP FD26,8411061134375,PCH65240282,,,,,,,,,,,,
CAROLINA HERRERA,BB COB 100ML+SG TB 100ML FD26,8411061134405,PCH65240285,,,,,,,,,,,,
CAROLINA HERRERA,GG EDP 80ML + BL 100 ML MD26,8411061134474,PCH65240292,,,,,,,,,,,,
CAROLINA HERRERA,GG BLUSH 80ML + BL 100ML + MGSP MD26,8411061134559,PCH65240300,,,,,,,,,,,,
CAROLINA HERRERA,212 MEN 100ML+212 MEN 30ML HD26 SP,8411061143230,PCH65246874,,,,,,,,,,,,
CAROLINA HERRERA,212 VIP BLACK 100ML+SG 100ML + MGSP HD26,8411061143285,PCH65246879,,,,,,,,,,,,
CAROLINA HERRERA,BB COB 100ML+DEO NAT COBALT +MGSP HD26,8411061142134,PCH65245680,,,,,,,,,,,,
CAROLINA HERRERA,GG EDP 50ML+BL 100ML+MGSP HD26 SEPH,8411061142240,PCH65245691,,,,,,,,,,,,
CAROLINA HERRERA,GG EDP 80ML+BL 100ML HD26,8411061142264,PCH65245693,,,,,,,,,,,,
CAROLINA HERRERA,GG EDP 80ML+HAIRMIST GG EDP+MGSP HD26,8411061142301,PCH65245697,,,,,,,,,,,,
CAROLINA HERRERA,GG BLUSH 80ML+BL 100ML+MGSP HD26,8411061142196,PCH65245686,,,,,,,,,,,,
CAROLINA HERRERA,CH LA BOMBA 50ML+BL100ML HD26,8411061142400,PCH65245707,,,,,,,,,,,,
CAROLINA HERRERA,CH LA BOMBA 80ML+BL100+MGSP10 HD26,8411061142417,PCH65245708,,,,,,,,,,,,
CAROLINA HERRERA,CH ADV CALENDAR 24GIFTS HD26,8411061142448,PCH65245711,,,,,,,,,,,,
CAROLINA HERRERA,GG JASMINE ABS 80ML +BL 100ML+MGSPHD26,8411061142349,PCH65245701,,,,,,,,,,,,
RABANNE,DELIST,,,,,,,,,,,,,,
CAROLINA HERRERA,BAD BOY EXTREME EDP 50 ML,8411061057193,PCH65187319,8411061099797,PCH65206734,,,,,,,,, PCH000000098, BAD BOY EXTREME EDP 50 ML
CAROLINA HERRERA,BAD BOY EDT 200 ML REFILL,8411061063415,PCH65189545,,,,,,,,,,, PCH000000106, BAD BOY EDT 200 ML REFILL
JEAN PAUL GAULTIER,JEAN PAUL GAULTIER,,,,,,,,,,,,,,
JEAN PAUL GAULTIER,LE MALE,,,,,,,,,,,,,,
JEAN PAUL GAULTIER,LE MALE EDT 200 ML,8435415012690,PJG65120123,,,,,,,,,,, PJG000000078, LE MALE EDT 200 ML
JEAN PAUL GAULTIER,LE MALE EDT 125 ML,8435415012669,PJG65120122,,,,,,,,,,, PJG000000006, LE MALE EDT 125 ML
JEAN PAUL GAULTIER,LE MALE EDT 75 ML,8435415012638,PJG65120121,,,,,,,,,,, PJG000000007, LE MALE EDT 75 ML
JEAN PAUL GAULTIER,LE MALE DEO SPRAY 150 ML,8435415012843,PJG65120128,,,,,,,,,,, PJG000000008, LE MALE DEO SPRAY 150 ML
JEAN PAUL GAULTIER,LE MALE DEO STICK 75 GR,8435415012812,PJG65120127,8435415060400,PJG65177571,,,,,,,,, PJG000000001, LE MALE DEO STICK 75 GR
JEAN PAUL GAULTIER,LE MALE LE PARFUM,,,,,,,,,,,,,,
JEAN PAUL GAULTIER,LE MALE LE PARFUM EDP 200 ML,8435415032360,PJG65156555,,,,,,,,,,, PJG000000009, LE MALE LE PARFUM 200 ML
JEAN PAUL GAULTIER,LE MALE LE PARFUM EDP 125 ML,8435415032315,PJG65156533,,,,,,,,,,, PJG000000010, LE MALE LE PARFUM 125 ML
JEAN PAUL GAULTIER,LE MALE LE PARFUM EDP 75 ML,8435415032278,PJG65156529,,,,,,,,,,, PJG000000011, LE MALE LE PARFUM 75 ML
JEAN PAUL GAULTIER,CLASSIQUE,,,,,,,,,,,,,,
JEAN PAUL GAULTIER,CLASSIQUE EDT 100 ML,8435415011341,PJG65119959,,,,,,,,,,, PJG000000013, CLASSIQUE EDT 100 ML
JEAN PAUL GAULTIER,CLASSIQUE EDT 50 ML,8435415011310,PJG65119958,,,,,,,,,,, PJG000000014, CLASSIQUE EDT 50 ML
JEAN PAUL GAULTIER,LE MALE ELIXIR,,,,,,,,,,,,,,
JEAN PAUL GAULTIER,LE MALE ELIXIR EDP 125 ML,8435415076944,PJG65189084,,,,,,,,,,, PJG000000065, LE MALE ELIXIR EDP 125 ML
JEAN PAUL GAULTIER,LE MALE ELIXIR EDP 75 ML,8435415076937,PJG65189083,,,,,,,,,,, PJG000000066, LE MALE ELIXIR EDP 75 ML
JEAN PAUL GAULTIER,LE MALE RE25,,,,,,,,,,,,,,
JEAN PAUL GAULTIER,LE MALE ELIXIR ABSOLU 125 ML,8435415102346,PJG65214878,,,,,,,,,,, PJG000000083, LE MALE RE25 PARFUM 125 ML
JEAN PAUL GAULTIER,LE MALE ELIXIR ABSOLU 75 ML,8435415102339,PJG65214877,,,,,,,,,,, PJG000000084, LE MALE RE25 PARFUM 75 ML
JEAN PAUL GAULTIER,LE MALE IN BLUE,,,,,,,,,,,,,,
JEAN PAUL GAULTIER,LE MALE IN BLUE EDP 125 ML,8435415114363,PJG65227873,,,,,,,,,,,,
JEAN PAUL GAULTIER,LE MALE IN BLUE EDP 75 ML,8435415114356,PJG65227872,,,,,,,,,,,,
JEAN PAUL GAULTIER,CLASSIQUE LA BELLE,,,,,,,,,,,,,,
JEAN PAUL GAULTIER,CLASSIQUE LA BELLE EDP 100 ML,8435415017244,PJG65132212,,,,,,,,,,, PJG000000024, CLASSIQUE LA BELLE EDP 100 ML
JEAN PAUL GAULTIER,CLASSIQUE LA BELLE EDP 50 ML,8435415017213,PJG65132209,,,,,,,,,,, PJG000000025, CLASSIQUE LA BELLE EDP 50 ML
JEAN PAUL GAULTIER,LA BELLE PARADISE GARDEN,,,,,,,,,,,,,,
JEAN PAUL GAULTIER,LA BELLE PARADISE GARDEN EDP 100 ML,8435415091251,PJG65199799,,,,,,,,,,, PJG000000079, LA BELLE PARADISE GARDEN EDP 100 ML
JEAN PAUL GAULTIER,LA BELLE PARADISE GARDEN EDP 50 ML,8435415091268,PJG65199800,,,,,,,,,,, PJG000000080, LA BELLE PARADISE GARDEN EDP 50 ML
JEAN PAUL GAULTIER,LA BELLE NARCISSE,,,,,,,,,,,,,,
JEAN PAUL GAULTIER,LA BELLE NARCISSE EDP 100 ML,8435415115025,PJG65227993,,,,,,,,,,,,
JEAN PAUL GAULTIER,LA BELLE NARCISSE EDP 50 ML,8435415115049,PJG65227995,,,,,,,,,,,,
JEAN PAUL GAULTIER,LA FAVORITE,,,,,,,,,,,,,,
JEAN PAUL GAULTIER,LA FAVORITE EDP 100 ML,8435415108805,PJG65220484,,,,,,,,,,,,
JEAN PAUL GAULTIER,LA FAVORITE EDP 50 ML,8435415118040,PJG65239893,,,,,,,,,,,,
JEAN PAUL GAULTIER,LE MALE LE BEAU,,,,,,,,,,,,,,
JEAN PAUL GAULTIER,LE MALE LE BEAU EDT 125 ML,8435415017206,PJG65132208,,,,,,,,,,, PJG000000028, LE MALE LE BEAU EDT 125 ML
JEAN PAUL GAULTIER,LE MALE LE BEAU EDT 75 ML,8435415017190,PJG65132207,,,,,,,,,,, PJG000000029, LE MALE LE BEAU EDT 75 ML
JEAN PAUL GAULTIER,LE BEAU PARADISE GARDEN,,,,,,,,,,,,,,
JEAN PAUL GAULTIER,LE BEAU PARADISE GARDEN EDP 125 ML,8435415091275,PJG65199801,,,,,,,,,,, PJG000000081, LE BEAU PARADISE GARDEN EDP 125 ML
JEAN PAUL GAULTIER,LE BEAU PARADISE GARDEN EDP 75 ML,8435415091244,PJG65199798,,,,,,,,,,, PJG000000082, LE BEAU PARADISE GARDEN EDP 75 ML
JEAN PAUL GAULTIER,LE BEAU NARCISSE,,,,,,,,,,,,,,
JEAN PAUL GAULTIER,LE BEAU NARCISSE EDP 125 ML,8435415115193,PJG65228042,,,,,,,,,,,,
JEAN PAUL GAULTIER,LE BEAU NARCISSE EDP 75 ML,8435415115209,PJG65228043,,,,,,,,,,,,
JEAN PAUL GAULTIER,LE BEAU LE PARFUM,,,,,,,,,,,,,,
JEAN PAUL GAULTIER,LE BEAU LE PARFUM EDP 125 ML,8435415062190,PJG65180318,,,,,,,,,,, PJG000000062, LE BEAU LE PARFUM EDP 125 ML
JEAN PAUL GAULTIER,LE BEAU LE PARFUM EDP 75 ML,8435415062213,PJG65180320,,,,,,,,,,, PJG000000063, LE BEAU LE PARFUM EDP 75 ML
JEAN PAUL GAULTIER,SCANDAL,,,,,,,,,,,,,,
JEAN PAUL GAULTIER,SCANDAL EDP SPRAY 80 ML,8435415006408,PJG65116705,8435415059060,PJG65176518,,,,,,,,, PJG000000002, SCANDAL EDP 80 ML
JEAN PAUL GAULTIER,SCANDAL EDP SPRAY 50 ML,8435415006378,PJG65116704,8435415059077,PJG65176519,8435415100496,PJG65213045,,,,,,, PJG000000003, SCANDAL EDP 50 ML
JEAN PAUL GAULTIER,SCANDAL LE PARFUM,,,,,,,,,,,,,,
JEAN PAUL GAULTIER,SCANDAL LE PARFUM FOR HER EDP 80 ML,8435415050760,PJG65168248,,,,,,,,,,, PJG000000067, SCANDAL LE PARFUM FOR HER EDP 80 ML
JEAN PAUL GAULTIER,SCANDAL LE PARFUM FOR HER EDP 50 ML,8435415050753,PJG65168247,,,,,,,,,,, PJG000000068, SCANDAL LE PARFUM FOR HER EDP 50 ML
JEAN PAUL GAULTIER,SCANDAL ABSOLU HER,,,,,,,,,,,,,,
JEAN PAUL GAULTIER,SCANDAL ABSOLU 80ML,8435415080422,PJG65189843,,,,,,,,,,, PJG000000073, SCANDAL ABSOLU 80 ML
JEAN PAUL GAULTIER,SCANDAL ABSOLU 50ML,8435415080415,PJG65189842,,,,,,,,,,, PJG000000074, SCANDAL ABSOLU 50 ML
JEAN PAUL GAULTIER,SCANDAL RE25,,,,,,,,,,,,,,
JEAN PAUL GAULTIER,SCANDAL INTENSE FOR HER EDP 80 ML,8435415102704,PJG65214933,,,,,,,,,,, PJG000000085, SCANDAL RE25 HER EDP 80 ML
JEAN PAUL GAULTIER,SCANDAL INTENSE FOR HER EDP 50 ML,8435415102698,PJG65214932,,,,,,,,,,, PJG000000086, SCANDAL RE25 HER EDP 50 ML
JEAN PAUL GAULTIER,SCANDAL ELIXIR PARFUM FOR HER,,,,,,,,,,,,,,
JEAN PAUL GAULTIER,SCANDAL ELIXIR PARFUM FOR HER 80 ML,8435415113960,PJG65227814,,,,,,,,,,,,
JEAN PAUL GAULTIER,SCANDAL ELIXIR PARFUM FOR HER 50 ML,8435415113977,PJG65227815,,,,,,,,,,,,
JEAN PAUL GAULTIER,SCANDAL PUOR HOMME,,,,,,,,,,,,,,
JEAN PAUL GAULTIER,SCANDAL POUR HOMME EDT 100 ML,8435415030885,PJG65154951,,,,,,,,,,, PJG000000036, SCANDAL POUR HOMME EDT 100 ML
JEAN PAUL GAULTIER,SCANDAL POUR HOMME EDT 50 ML,8435415030908,PJG65154953,,,,,,,,,,, PJG000000037, SCANDAL POUR HOMME EDT 50 ML
JEAN PAUL GAULTIER,SCANDAL POUR HOMME EDT DEO SPRAY 150 ML,8435415052375,PJG65170014,,,,,,,,,,, PJG000000038, SCANDAL POUR HOMME EDT DEO SPRAY 150 ML
JEAN PAUL GAULTIER,SCANDAL POUR HOMME EDT DEO STICK 75 GR,8435415052382,PJG65170015,,,,,,,,,,, PJG000000061, SCANDAL POUR HOMME EDT DEO STICK 75 GR
JEAN PAUL GAULTIER,SCANDAL LE PARFUM FOR HIM,,,,,,,,,,,,,,
JEAN PAUL GAULTIER,SCANDAL LE PARFUM FOR HIM EDP 100 ML,8435415065191,PJG65182477,,,,,,,,,,, PJG000000069, SCANDAL LE PARFUM FOR HIM EDP 100 ML
JEAN PAUL GAULTIER,SCANDAL LE PARFUM FOR HIM EDP 50 ML,8435415065207,PJG65182478,,,,,,,,,,, PJG000000070, SCANDAL LE PARFUM FOR HIM EDP 50 ML
JEAN PAUL GAULTIER,SCANDAL ABSOLU HIM,,,,,,,,,,,,,,
JEAN PAUL GAULTIER,SCANDAL LE PARFUM ABSOLU 100 ML,8435415080385,PJG65189839,,,,,,,,,,, PJG000000076, SCANDAL LE PARFUM ABSOLU 100 ML
JEAN PAUL GAULTIER,SCANDAL LE PARFUM ABSOLU 50 ML,8435415080378,PJG65189838,,,,,,,,,,, PJG000000077, SCANDAL LE PARFUM ABSOLU 50 ML
JEAN PAUL GAULTIER,SCANDAL RE25,,,,,,,,,,,,,,
JEAN PAUL GAULTIER,SCANDAL INTENSE FOR HIM EDP 100 ML,8435415102728,PJG65214935,,,,,,,,,,, PJG000000087, SCANDAL RE25 HIM EDP 100 ML
JEAN PAUL GAULTIER,SCANDAL INTENSE FOR HIM EDP 50 ML,8435415102711,PJG65214934,,,,,,,,,,, PJG000000088, SCANDAL RE25 HIM EDP 50 ML
JEAN PAUL GAULTIER,SCANDAL ELIXIR PARFUM FOR HIM,,,,,,,,,,,,,,
JEAN PAUL GAULTIER,SCANDAL ELIXIR PARFUM FOR HIM 100 ML,8435415114028,PJG65227820,,,,,,,,,,,,
JEAN PAUL GAULTIER,SCANDAL ELIXIR PARFUM FOR HIM 50 ML,8435415114004,PJG65227818,,,,,,,,,,,,
JEAN PAUL GAULTIER,DIVINE,,,,,,,,,,,,,,
JEAN PAUL GAULTIER,DIVINE EDP 100 ML,8435415076838,PJG65188916,,,,,,,,,,, PJG000000071, DIVINE EDP 100 ML
JEAN PAUL GAULTIER,DIVINE EDP 50 ML,8435415076821,PJG65188915,,,,,,,,,,, PJG000000072, DIVINE EDP 50 ML
JEAN PAUL GAULTIER,DIVINE LE PARFUM,,,,,,,,,,,,,,
JEAN PAUL GAULTIER,DIVINE EDP LE PARFUM 100 ML,8435415091169,PJG65199770,,,,,,,,,,, PJG000000089, DIVINE EDP LE PARFUM 100 ML
JEAN PAUL GAULTIER,DIVINE EDP LE PARFUM 50 ML,8435415091152,PJG65199769,,,,,,,,,,, PJG000000090, DIVINE EDP LE PARFUM 50 ML
JEAN PAUL GAULTIER,DIVINE ELIXIR,,,,,,,,,,,,,,
JEAN PAUL GAULTIER,DIVINE ELIXIR EDP 100 ML,8435415105316,PJG65216984,,,,,,,,,,, PJG000000091, DIVINE ELIXIR EDP 100 ML
JEAN PAUL GAULTIER,DIVINE ELIXIR EDP 50 ML,8435415105309,PJG65216983,,,,,,,,,,, PJG000000092, DIVINE ELIXIR EDP 50 ML
JEAN PAUL GAULTIER,DIVINE COUTURE,,,,,,,,,,,,,,
JEAN PAUL GAULTIER,DIVINE COUTURE EDP 100 ML,8435415114790,PJG65227950,,,,,,,,,,,,
JEAN PAUL GAULTIER,DIVINE COUTURE EDP 50 ML,8435415114783,PJG65227949,,,,,,,,,,,,
JEAN PAUL GAULTIER,KOFRE - ONE SHOT,,,,,,,,,,,,,,
JEAN PAUL GAULTIER,JPG SCANDAL EDP 50ML + BL 75ML MD26,8435415116558,PJG65238125,,,,,,,,,,,,
JEAN PAUL GAULTIER,JPG DIVINE EDP 50ML+ BL 75ML MD26,8435415116633,PJG65238133,,,,,,,,,,,,
JEAN PAUL GAULTIER,JPG LM EDT 125ML + SG 75ML FD26,8435415116602,PJG65238130,,,,,,,,,,,,
JEAN PAUL GAULTIER,JPG SCANDAL FOR HIM EDT100ML+SG75ML FD26,8435415116527,PJG65238122,,,,,,,,,,,,
JEAN PAUL GAULTIER,LE MALE ELIXIR XMAS COLLECTOR 125 ML - BOYNER EXC.,8435415121910,PJG65243533,,,,,,,,,,,,
JEAN PAUL GAULTIER,JPG LM EDT 125ML+ASB75+DEOSTICK75 HD26,8435415124164,PJG65247281,,,,,,,,,,,,
JEAN PAUL GAULTIER,JPG LME EDP 125ML+SG75+MG10 HD26,8435415124294,PJG65247294,,,,,,,,,,,,
RABANNE,DELIST,,,,,,,,,,,,,,
JEAN PAUL GAULTIER,JPG LM EDT125+EDT40 HD25,8435415113083,PJG65225140,,,,,,,,,,,,
JEAN PAUL GAULTIER,JPG SC EDP80+BL75+MG10 HD25,8435415113229,PJG65225154,,,,,,,,,,,,
ZADIG&VOLTAIRE,ZADIG&VOLTAIRE,,,,,,,,,,,,,,
ZADIG&VOLTAIRE,THIS IS HER!,,,,,,,,,,,,,,
ZADIG&VOLTAIRE,THIS IS HER! EDP 100 ML,3423474891856,ZV4891850,,,,,,,,,,, ZV0000000002, THIS IS HER! EDP 100 ML
ZADIG&VOLTAIRE,THIS IS HER! EDP 50 ML,3423474891757,ZV4891750,,,,,,,,,,, ZV0000000003, THIS IS HER! EDP 50 ML
ZADIG&VOLTAIRE,THIS IS HER! DEO SPRAY 100 ML,3423474892259,ZV4892250,,,,,,,,,,, ZV0000000004, THIS IS HER! DEO SPRAY 100 ML
ZADIG&VOLTAIRE,THIS IS HER RED HOT,,,,,,,,,,,,,,
ZADIG&VOLTAIRE,THIS IS HER RED HOT EDP 100 ML,3423222138417,ZV31900412101,,,,,,,,,,,,
ZADIG&VOLTAIRE,THIS IS HER RED HOT EDP 50 ML,3423222138400,ZV31900411101,,,,,,,,,,,,
ZADIG&VOLTAIRE,THIS IS HIM!,,,,,,,,,,,,,,
ZADIG&VOLTAIRE,THIS IS HIM! EDT 100 ML,3423474896257,ZV4896250,,,,,,,,,,, ZV0000000007, THIS IS HIM! EDT 100 ML
ZADIG&VOLTAIRE,THIS IS HIM! EDT 50 ML,3423474896158,ZV4896150,,,,,,,,,,, ZV0000000008, THIS IS HIM! EDT 50 ML
ZADIG&VOLTAIRE,THIS IS HIM RED HOT,,,,,,,,,,,,,,
ZADIG&VOLTAIRE,THIS IS HIM RED HOT EDP 100 ML,3423222138431,ZV31900414101,,,,,,,,,,,,
ZADIG&VOLTAIRE,THIS IS HIM RED HOT EDP 50 ML,3423222138424,ZV31900413101,,,,,,,,,,,,
ZADIG&VOLTAIRE,ZADIG EDP,,,,,,,,,,,,,,
ZADIG&VOLTAIRE,ZADIG EDP 90 ML,3423222119102,ZV31900318101,,,,,,,,,,, ZV0000000050, ZV 25 NEW PILLAR EDP 90 ML
ZADIG&VOLTAIRE,ZADIG EDP 50 ML,3423222118983,ZV31900316101,,,,,,,,,,, ZV0000000051, ZV 25 NEW PILLAR EDP 50 ML
ZADIG&VOLTAIRE,ZADIG EDP INTENSE,,,,,,,,,,,,,,
ZADIG&VOLTAIRE,ZADIG EDP INTENSE 90 ML,3423222137984,ZV31900399101,,,,,,,,,,,,
ZADIG&VOLTAIRE,ZADIG EDP INTENSE 50 ML,3423222137991,ZV31900400101,,,,,,,,,,,,
ZADIG&VOLTAIRE,KOFRE - ONE SHOT,,,,,,,,,,,,,,
ZADIG&VOLTAIRE,ZV XMAS 26 TI HER EDP- SET 100ML+10ML,3423222138493,ZV31900420101,,,,,,,,,,,,
ZADIG&VOLTAIRE,ZV XMAS 26 NEW PILLAR EDP- SET 90 ML+10M,3423222138349,ZV31900405101,,,,,,,,,,,,
ZADIG&VOLTAIRE,ZV XMAS 26 TI HIM EDT- SET 100ML+SG        ,3423222138486,ZV31900419101,,,,,,,,,,,,
ISSEY MIYAKE,ISSEY MIYAKE,,,,,,,,,,,,,,
ISSEY MIYAKE,L'EAU D'ISSEY,,,,,,,,,,,,,,
ISSEY MIYAKE,L'EAU D'ISSEY EDT 100 ML,3423470300161,IM3001675,,IM3001650,,,,,,,,, IM0000000001, L'EAU D'ISSEY EDT 100 ML
ISSEY MIYAKE,L'EAU D'ISSEY EDT 50 ML,3423470300154,IM3001550,,,,,,,,,,, IM0000000002, L'EAU D'ISSEY EDT 50 ML
ISSEY MIYAKE,L'EAU D'ISSEY DEO SPRAY 100 ML,3423470481136,IM4811350,,,,,,,,,,, IM0000000003, L'EAU D'ISSEY DEO SPRAY 100 ML
ISSEY MIYAKE,L'EAU D'ISSEY EDP INTENSE,,,,,,,,,,,,,,
ISSEY MIYAKE,L'EAU D'ISSEY EDP INTENSE 100 ML,3423222118341,IM31800651101,,,,,,,,,,, IM0000000095, L'EAU D'ISSEY EDP INTENSE 100 ML
ISSEY MIYAKE,L'EAU D'ISSEY EDP INTENSE 50 ML,3423222118327,IM31800649101,,,,,,,,,,, IM0000000096, L'EAU D'ISSEY EDP INTENSE 50 ML
ISSEY MIYAKE,LUMIERE,,,,,,,,,,,,,,
ISSEY MIYAKE,LUMIERE EDP REFILL 150 ML,3423222132064,IM31800767101,,,,,,,,,,,,
ISSEY MIYAKE,LUMIERE EDP 100 ML,3423222132033,IM31800764101,,,,,,,,,,,,
ISSEY MIYAKE,LUMIERE EDP 50 ML,3423222132019,IM31800762101,,,,,,,,,,,,
ISSEY MIYAKE,LUMIERE BODY LOTION 200 ML,3423222132071,IM31800768101,,,,,,,,,,,,
ISSEY MIYAKE,LUMIERE SHOWER CREAM 200 ML,3423222132088,IM31800769101,,,,,,,,,,,,
ISSEY MIYAKE,L'EAU D'ISSEY POUR HOMME,,,,,,,,,,,,,,
ISSEY MIYAKE,L'EAU D'ISSEY POUR HOMME EDT 125 ML,3423470311365,IM3113650,,,,,,,,,,, IM0000000011, L'EAU D'ISSEY POUR HOMME EDT 125 ML
ISSEY MIYAKE,L'EAU D'ISSEY POUR HOMME EDT 75 ML,3423470311358,IM3113550,,,,,,,,,,, IM0000000012, L'EAU D'ISSEY POUR HOMME EDT 75 ML
ISSEY MIYAKE,L'EAU D'ISSEY POUR HOMME DEO SPRAY 150 ML,3423470311785,IM3117850,,,,,,,,,,, IM0000000013, L'EAU D'ISSEY POUR HOMME DEO SPRAY 150 ML
ISSEY MIYAKE,L'EAU D'ISSEY POUR HOMME DEO STICK 75 ML,3423470311518,IM3115150,,,,,,,,,,, IM0000000014, L'EAU D'ISSEY POUR HOMME DEO STICK 75 GR
ISSEY MIYAKE,L'EAU D'ISSEY POUR HOMME EDP,,,,,,,,,,,,,,
ISSEY MIYAKE,L'EAU D'ISSEY POUR HOMME EDP 125 ML,3423222118396,IM31800656101,,,,,,,,,,, IM0000000097, L'EAU D'ISSEY POUR HOMME EDP 125 ML
ISSEY MIYAKE,L'EAU D'ISSEY POUR HOMME EDP 75 ML,3423222118372,IM31800654101,,,,,,,,,,, IM0000000098, L'EAU D'ISSEY POUR HOMME EDP 75 ML
ISSEY MIYAKE,WOOD&WOOD INTENSE,,,,,,,,,,,,,,
ISSEY MIYAKE,L'EAU D'ISSEY POUR HOMME WOOD&WOOD INTENSE EDP 100 ML,3423478509351,IM8509350,,,,,,,,,,, IM0000000027, L'EAU D'ISSEY POUR HOMME WOOD&WOOD EDP INTENSE 100 ML
ISSEY MIYAKE,L'EAU D'ISSEY POUR HOMME WOOD&WOOD INTENSE EDP 50 ML ,3423478509757,IM8509750,,,,,,,,,,, IM0000000028, L'EAU D'ISSEY POUR HOMME WOOD&WOOD EDP INTENSE 50 ML 
ISSEY MIYAKE,LESEL D'ISSEY,,,,,,,,,,,,,,
ISSEY MIYAKE,LESEL D'ISSEY EDT 100 ML,3423222106324,IM31800545101,,,,,,,,,,, IM0000000099, LESEL D'ISSEY EDT 100 ML
ISSEY MIYAKE,LESEL D'ISSEY EDT 50 ML,3423222106300,IM31800543101,,,,,,,,,,, IM0000000100, LESEL D'ISSEY EDT 50 ML
ISSEY MIYAKE,PLEATS PLEASE,,,,,,,,,,,,,,
ISSEY MIYAKE,PLEATS PLEASE EDT 50 ML,3423473947158,IM39471500104,,,,,,,,,,,,
ISSEY MIYAKE,PLEATS PLEASE L’EAU EDT 50 ML,3423473949954,IM39499500103,,,,,,,,,,,,
ISSEY MIYAKE,L'EAU D'ISSEY POUR HOMME INTENSE EDT 125 ML ,3423470486018,IM4860150,,,,,,,,,,,,
ISSEY MIYAKE,L'EAU D'ISSEY POUR HOMME INTENSE EDT 75 ML ,3423470486025,IM4860250,,,,,,,,,,,,
ISSEY MIYAKE,L'EAU D'ISSEY POUR HOMME SPORT EDT 100 ML,3423474867158,IM4867150,,,,,,,,,,,,
ISSEY MIYAKE,POUR HOMME NOIR AMBRE,,,,,,,,,,,,,,
ISSEY MIYAKE,POUR HOMME NOIR AMBRE EDP 100 ML,3423474884957,IM4884950,,,,,,,,,,, IM0000000101, POUR HOMME NOIR AMBRE EDP 100 ML
ISSEY MIYAKE,LE SEL D'ISSEY EDP,,,,,,,,,,,,,,
ISSEY MIYAKE,LE SEL D'ISSEY EDP 100 ML SCREW,3423222119485,IM31800678101,,,,,,,,,,, IM0000000102, LE SEL D'ISSEY EDP 100 ML
ISSEY MIYAKE,LE SEL D'ISSEY EDP 50 ML SCREW,3423222119461,IM31800676101,,,,,,,,,,, IM0000000103, LE SEL D'ISSEY EDP 50 ML
ISSEY MIYAKE,LE SEL D'ISSEY EDP DEO SPRAY,3423222132620,IM31800779101,,,,,,,,,,,,
ISSEY MIYAKE,LE SEL D'ISSEY PARFUM,,,,,,,,,,,,,,
ISSEY MIYAKE,LE SEL D'ISSEY PARFUM 100 ML,3423222134921,IM31800841101,,,,,,,,,,,,
ISSEY MIYAKE,LE SEL D'ISSEY PARFUM 50 ML,3423222134914,IM31800840101,,,,,,,,,,,,
ISSEY MIYAKE,KOFRE - ONE SHOT,,,,,,,,,,,,,,
ISSEY MIYAKE,L'EAU D'ISSEY POUR HOMME ABSOLU D'EAU EDP 125 ML,3423222134839,IM31800832101,,,,,,,,,,,,
ISSEY MIYAKE,L'EAU D'ISSEY ABSOLU D'EAU EDP 100 ML,3423222134785,IM31800827101,,,,,,,,,,,,
ISSEY MIYAKE,IM EI-MD26-SETB EDT 100ML+BL50ML+SP10ML,3423222134426,IM31800801101,,,,,,,,,,,,
ISSEY MIYAKE,IM EI-GIP26-EDT 100ML+EDT 25ML,3423222134471,IM31800806101,,,,,,,,,,,,
ISSEY MIYAKE,IM EH-GIP26-EDT 125ML+EDT 40ML,3423222134488,IM31800807101,,,,,,,,,,,,
ISSEY MIYAKE,IM EH-FD26-SETD EDT 125ML+SG50ML+EDT10ML,3423222134440,IM31800803101,,,,,,,,,,,,
ISSEY MIYAKE,IM SI-FD26-SETF EDT 100ML+SG50ML+SP10ML,3423222134464,IM31800805101,,,,,,,,,,,,
ISSEY MIYAKE,IM SI-FD26-SETG EDP100ML+SG50ML+SP10ML,3423222137946,IM31800886101,,,,,,,,,,,,
ISSEY MIYAKE,IM EH-XMAS26-SET D EDT125ML+SG50ML+DEO75,3423222134709,IM31800819101,,,,,,,,,,,,
ISSEY MIYAKE,IM SI-XMAS26-SET F EDT100ML+SG50+EDT10ML,3423222134723,IM31800821101,,,,,,,,,,,,
ISSEY MIYAKE,IM SI-XMAS26-SET I EDP100ML+SG50ML+SP10M,3423222141769,IM31800900101,,,,,,,,,,,,
ISSEY MIYAKE,IM EI-XMAS26-SET B EDT100ML+BL50ML+SP10M,3423222134686,IM31800817101,,,,,,,,,,,,
ISSEY MIYAKE,IM LI-XMAS26-SET H EDP100ML+BL50ML+MINI,3423222134747,IM31800823101,,,,,,,,,,,,
RABANNE,DELIST,,,,,,,,,,,,,,
ISSEY MIYAKE,IM EI-XMS25-SETBEDT100ml+BL 50ml+EDT10ML,3423222119652,IM31800685101,,,,,,,,,,,,
ISSEY MIYAKE,IM EH-XMS25-SETE EDT125ml+SG50ml+EDT10ml,3423222119683,IM31800688101,,,,,,,,,,,,
ISSEY MIYAKE,DROP D'ISSEY FRAICHE EDP 90 ML,3423222048204,IM31800303101,,,,,,,,,,,,
NARCISO RODRIGUEZ,NARCISO RODRIGUEZ,,,,,,,,,,,,,,
NARCISO RODRIGUEZ,FOR HER,,,,,,,,,,,,,,
NARCISO RODRIGUEZ,FOR HER EDT 100 ML,3423470890020,BNR8900250,,,,,,,,,,, NR0000000001, FOR HER EDT 100 ML
NARCISO RODRIGUEZ,FOR HER EDT 50 ML,3423470890013,BNR8900150,,,,,,,,,,, NR0000000002, FOR HER EDT 50 ML
NARCISO RODRIGUEZ,FOR HER,,,,,,,,,,,,,,
NARCISO RODRIGUEZ,FOR HER EDP 100 ML,3423470890129,BNR8901250,,,,,,,,,,, NR0000000003, FOR HER EDP 100 ML
NARCISO RODRIGUEZ,FOR HER EDP 50 ML,3423470890136,BNR8901350,,,,,,,,,,, NR0000000004, FOR HER EDP 50 ML
NARCISO RODRIGUEZ,FOR HER DEO SPRAY 100 ML,3423470890235,BNR8902350,,,,,,,,,,, NR0000000005, FOR HER DEO SPRAY 100 ML
NARCISO RODRIGUEZ,FOR HER EDP INTENSE,,,,,,,,,,,,,,
NARCISO RODRIGUEZ,FOR HER EDP INTENSE 100 ML,3423222121297,BNR82000916101,,,,,,,,,,, NR0000000073, FOR HER EDP INTENSE 100 ML
NARCISO RODRIGUEZ,FOR HER EDP INTENSE 50 ML,3423222121273,BNR82000914101,,,,,,,,,,, NR0000000074, FOR HER EDP INTENSE 50 ML
NARCISO RODRIGUEZ,FOR HER PURE MUSC,,,,,,,,,,,,,,
NARCISO RODRIGUEZ,FOR HER PURE MUSC EDP 100 ML,3423478515956,BNR8515950,,,,,,,,,,, NR0000000008, FOR HER PURE MUSC EDP 100 ML
NARCISO RODRIGUEZ,FOR HER PURE MUSC EDP 50 ML,3423478504158,BNR8504150,,,,,,,,,,, NR0000000009, FOR HER PURE MUSC EDP 50 ML
NARCISO RODRIGUEZ,FOR HER PURE MUSC BLANC,,,,,,,,,,,,,,
NARCISO RODRIGUEZ,FOR HER PURE MUSC BLANC EDP INTENSE 100 ML,3423222143947,BNR82001205101,,,,,,,,,,,,
NARCISO RODRIGUEZ,FOR HER PURE MUSC BLANC EDP INTENSE 50 ML,3423222143930,BNR82001204101,,,,,,,,,,,,
NARCISO RODRIGUEZ,CRISTAL,,,,,,,,,,,,,,
NARCISO RODRIGUEZ,CRISTAL EDP 90 ML,3423222055639,BNR82000364101,,,,,,,,,,, NR0000000059, CRISTAL EDP 90 ML
NARCISO RODRIGUEZ,CRISTAL EDP 50 ML,3423222055615,BNR82000362101,,,,,,,,,,, NR0000000060, CRISTAL EDP 50 ML
NARCISO RODRIGUEZ,POUDREE,,,,,,,,,,,,,,
NARCISO RODRIGUEZ,POUDREE EDP 90 ML,3423478840652,BNR8840650,,,,,,,,,,, NR0000000020, POUDREE EDP 90 ML
NARCISO RODRIGUEZ,POUDREE EDP 50 ML,3423478840454,BNR8840450,,,,,,,,,,, NR0000000021, POUDREE EDP 50 ML
NARCISO RODRIGUEZ,AMBREE,,,,,,,,,,,,,,
NARCISO RODRIGUEZ,AMBREE EDP 90 ML,3423473053958,BNR30539500000,,,,,,,,,,, NR0000000026, AMBREE EDP 90 ML
NARCISO RODRIGUEZ,AMBREE EDP 50 ML,3423473053859,BNR30538500000,,,,,,,,,,, NR0000000027, AMBREE EDP 50 ML
NARCISO RODRIGUEZ,RADIANT,,,,,,,,,,,,,,
NARCISO RODRIGUEZ,RADIANT EDP 90 ML,3423222121976,BNR82000964101,,,,,,,,,,, NR0000000075, NARCISO ROSE QUARTZ EDP 90 ML
NARCISO RODRIGUEZ,RADIANT EDP 50 ML,3423222121969,BNR82000963101,,,,,,,,,,, NR0000000076, NARCISO ROSE QUARTZ EDP 50 ML
NARCISO RODRIGUEZ,BLEU NOIR,,,,,,,,,,,,,,
NARCISO RODRIGUEZ,BLEU NOIR EDP 100 ML,3423478807655,BNR8807650,,,,,,,,,,, NR0000000045, NARCISO FOR HIM BLEU NOIR EDP 100 ML
NARCISO RODRIGUEZ,BLEU NOIR EDP 50 ML,3423478807556,BNR8807550,,,,,,,,,,, NR0000000044, NARCISO FOR HIM BLEU NOIR EDP 50 ML
NARCISO RODRIGUEZ,BLEU NOIR PARFUM,,,,,,,,,,,,,,
NARCISO RODRIGUEZ,FOR HIM BLEU NOIR PARFUM 100 ML,3423222056070,BNR82000408101,,,,,,,,,,, NR0000000033, FOR HIM BLEU NOIR PARFUM 100 ML
NARCISO RODRIGUEZ,FOR HIM BLEU NOIR PARFUM 50 ML,3423222056063,BNR82000407101,,,,,,,,,,, NR0000000034, FOR HIM BLEU NOIR PARFUM 50 ML
NARCISO RODRIGUEZ,FOR HIM MUSC SANTAL,,,,,,,,,,,,,,
NARCISO RODRIGUEZ,FOR HIM MUSC SANTAL EDP INTENSE 100 ML,3423222145057,BNR82001236101,,,,,,,,,,,,
NARCISO RODRIGUEZ,FOR HIM MUSC SANTAL EDP INTENSE 50 ML,3423222145033,BNR82001234101,,,,,,,,,,,,
NARCISO RODRIGUEZ,HAIR MIST,,,,,,,,,,,,,,
NARCISO RODRIGUEZ,NARCISO POUDREE HAIR MIST 30 ML,3423478837355,BNR88373500104,,,,,,,,,,, NR0000000071, NARCISO NNP EDP HAIR MIST 30 ML
NARCISO RODRIGUEZ,NARCISO FOR HER HAIR MIST 30 ML,3423470890228,BNR8902250,,,,,,,,,,, NR0000000072, NARCISO FOR HER HAIR MIST 30 ML
NARCISO RODRIGUEZ,MUSC COLLECTION,,,,,,,,,,,,,,
NARCISO RODRIGUEZ,JASMINE MUSC EDP INTENSE 100 ML,3423222005672,BNR82000189101,,,,,,,,,,, NR0000000082, JASMINE MUSC EDP INTENSE 100 ML
NARCISO RODRIGUEZ,OUD MUSC EDP INTENSE 100 ML,3423478462854,BNR84628500102,,,,,,,,,,, NR0000000083, OUD MUSC EDP INTENSE 100 ML
NARCISO RODRIGUEZ,ROSE MUSC EDP INTENSE 100 ML,3423478812154,BNR88121500103,,,,,,,,,,, NR0000000084, ROSE MUSC EDP INTENSE 100 ML
NARCISO RODRIGUEZ,AMBER MUSC EDP INTENSE 100 ML,3423478920057,BNR8920050,,,,,,,,,,, NR0000000085, AMBER MUSC EDP INTENSE 100 ML
NARCISO RODRIGUEZ,SANTAL MUSC EDP INTENSE 100 ML ,3423478819153,BNR8819150,,BNR88191500102,,,,,,,,, NR0000000086, SANTAL MUSC EDP INTENSE 100 ML 
NARCISO RODRIGUEZ,SAFRAN MUSC EDP INTENSE 100 ML,3423222121570,BNR82000924101,,,,,,,,,,, NR0000000087, SAFRAN MUSC EDP INTENSE 100 ML
NARCISO RODRIGUEZ,PATCHOULI MUSC EDP INTENSE 100 ML,3423220004073,BNR82000066102,,,,,,,,,,, NR0000000088, PATCHOULI MUSC EDP INTENSE 100 ML
NARCISO RODRIGUEZ,NR MC NEROLI ESSENCE 2026-EDPI 100ML,3423222121921,BNR82000959101,,,,,,,,,,,,
NARCISO RODRIGUEZ,MUSC COLLECTION ESSENTIAL,,,,,,,,,,,,,,
NARCISO RODRIGUEZ,NR MC MO8 - ROSE EPICEE EDPI 100 ML,3423222107796,BNR82000752101,,,,,,,,,,, NR0000000089, NR MC MO8 - ROSE EPICEE EDPI 100 ML
NARCISO RODRIGUEZ,NR MC MO9 - RADIANT MAGNOLIA EDPI 100 ML,3423222107802,BNR82000753101,,,,,,,,,,, NR0000000090, NR MC MO9 - RADIANT MAGNOLIA EDPI 100 ML
NARCISO RODRIGUEZ,NR MC MO7 - WILD TUBEROSE EDPI 100 ML,3423222107789,BNR82000751101,,,,,,,,,,, NR0000000091, NR MC MO7 - WILD TUBEROSE EDPI 100 ML
NARCISO RODRIGUEZ,NR MC MUSC GRENAT 2026-EDPI 100ML,3423222145453,BNR82001276101,,,,,,,,,,,,
NARCISO RODRIGUEZ,KOFRE - ONE SHOT,,,,,,,,,,,,,,
NARCISO RODRIGUEZ,NR FOR HER EDT MD26 SETB100+BL50+FHEDT PS10,3423222145330,BNR82001264101,,,,,,,,,,,,
NARCISO RODRIGUEZ,NR FOR HER EDP MD26 SETC100+BL50+FHEDP PS10,3423222145347,BNR82001265101,,,,,,,,,,,,
NARCISO RODRIGUEZ,NR FOR HER PURE MUSC EDP MD26 SETE100+BL50+FHPMEDPPS10,3423222145361,BNR82001267101,,,,,,,,,,,,
NARCISO RODRIGUEZ,NR FOR HER EDP INTENSE-MD26-SETF-50+BL50,3423222145378,BNR82001268101,,,,,,,,,,,,
NARCISO RODRIGUEZ,NR BLUE NOIR EDP FD XMS26 100ML+SG50+ PS10,3423222145385,BNR82001269101,,,,,,,,,,,,
NARCISO RODRIGUEZ,NR FH EDT-XMS26-SET 50ML+PMPS10,,BNR82001232101,,,,,,,,,,,,
NARCISO RODRIGUEZ,NR FHEDT-XMS26-SETB-100+BL50+FHEDTPS10,3423222144906,BNR82001221101,,,,,,,,,,,,
NARCISO RODRIGUEZ,NR FHEDP-XMS26-SETD-100+BL50+FHEDPPS10,3423222144920,BNR82001223101,,,,,,,,,,,,
NARCISO RODRIGUEZ,NR FHPM-XMS26-SETF-100+BL50+FHPMPS10,3423222144944,BNR82001225101,,,,,,,,,,,,
NARCISO RODRIGUEZ,NR FHEDPI-XMS26-SETI-100+BL50+FHEDPIPS10,3423222144975,BNR82001228101,,,,,,,,,,,,
RABANNE,DELIST,,,,,,,,,,,,,,
NARCISO RODRIGUEZ,NR C3 EDP-MD25-SETB-90ML+BL50+C3EDPPS10,3423222121877,BNR82000954101,,,,,,,,,,,,
NARCISO RODRIGUEZ,NR FHPM-XMS25-SETE-100+BL50+FHPMPS10,3423222133801,BNR82001084101,,,,,,,,,,,,
NARCISO RODRIGUEZ,ALL OF ME EDP - EL KREMİ 50ML,3423222121693,BNR82000936101,,,,,,,,,,,,
NARCISO RODRIGUEZ,ALL OF ME FLORAL EDP 90 ML,3423222121624,BNR82000929101,,,,,,,,,,, NR0000000080, ALL OF ME FLORAL EDP 90 ML
NARCISO RODRIGUEZ,ALL OF ME FLORAL EDP 50 ML,3423222121617,BNR82000928101,,,,,,,,,,, NR0000000081, ALL OF ME FLORAL EDP 50 ML
NARCISO RODRIGUEZ,FOR HIM VETIVER MUSC EDT 100 ML,3423222107741,BNR82000747101,,,,,,,,,,, NR0000000067, FOR HIM VETIVER MUSC EDT 100 ML
HRM,HERMÈS ,,,,,,,,,,,,,,
HRM,H24 HERBES VIVES EDP,,,,,,,,,,,,,,
HERMES,H24 HERBES VIVES EDP REFILLABLE 100 ML,3346130432111,HRM113602V0,,,,,,,,,,, HRM000000656, H24 HERBES VIVES EDP REFILLABLE 100 ML
HERMES,H24 HERBES VIVES EDP REFILLABLE 50 ML,3346130432104,HRM113601V0,,,,,,,,,,, HRM000000655, H24 HERBES VIVES EDP REFILLABLE 50 ML
HERMES,H24 EDT,,,,,,,,,,,,,,
HERMES,H24 EDT 100 ML,3346133500022,HRM101561V0,,,,,,,,,,, HRM000000084, H24 EDT 100 ML
HERMES,H24 EDT 50 ML,3346133500046,HRM101563V0,,,,,,,,,,, HRM000000085, H24 EDT 50 ML
HERMES,H24 EDP,,,,,,,,,,,,,,
HERMES,H24 EDP 100 ML,3346130413752,HRM108421V0,,,,,,,,,,, HRM000000575, H24 EDP 100 ML
HERMES,H24 EDP 50 ML,3346130413769,HRM108422V0,,,,,,,,,,, HRM000000576, H24 EDP 50 ML
HERMES,H24 REFRESHING DEO STICK 75 GR,3346130413646,HRM108410V0,,,,,,,,,,, HRM000000577, H24 REFRESHING STICK DEODORANT 75ML
HERMES,H24 REFRESHING DEO SPRAY 150 ML,3346130413639,HRM108409V0,,,,,,,,,,, HRM000000578, H24 REFRESHING DEO SPRAY 150 ML
HERMES,TERRE D'HERMÈS EDT,,,,,,,,,,,,,,
HERMES,TERRE D'HERMÈS EDT 200 ML ,3346131402007,HRM23659,3346130013457,HRM107748V0,,,,,,,,, HRM000000001, TERRE D'HERMES EDT 200 ML
HERMES,TERRE D'HERMÈS EDT 100 ML ,3346131400003,HRM20872,3346130009603,HRM107188V0,,,,,,,,, HRM000000003, TERRE D'HERMES EDT 100 ML
HERMES,TERRE D'HERMÈS EDT 50 ML ,3346131400041,HRM20873,3346130009610,HRM107189V0,,,,,,,,, HRM000000004, TERRE D'HERMES EDT 50 ML
HERMES,TERRE D'HERMÈS DEO SPRAY 150 ML,3346131400164,HRM20877,3346130009764,HRM107206V0,,,,,,,,, HRM000000005, TERRE D'HERMES DEO. SPRAY 150 ML
HERMES,TERRE D'HERMÈS DEO STICK 75 GR,3346131400157,HRM20942,3346130009931,HRM107223V0,,,,,,,,, HRM000000006, TERRE D'HERMES DEO. STICK 75 GR
HERMES,TERRE D'HERMÈS EDT 30 ML REFILLABLE +125 ML,3346131408016,HRM35160,3346130013440,HRM107747V0,,,,,,,,, HRM000000002, TERRE D'HERMES EDT 30 ML REFILL + 125 ML
HERMES,TERRE D'HERMÈS PURE PARFUM ,,,,,,,,,,,,,,
HERMES,TERRE D'HERMÈS PURE PARFUM 75 ML ,3346131402205,HRM24578,3346130013495,HRM107757V0,,,,,,,,, HRM000000007, TERRE D'HERMES PURE PERFUME 75 ML
HERMES,TERRE D'HERMÈS PARFUM 121 GR 30ML + REFILL 125ML,3346131403684,HRM27779/1,3346130009849,HRM107214V0,,,,,,,,, HRM000000008, TERRE D'HERMES PARFUM 30 ML + REFILL 125 ML
HERMES,TERRE D'HERMÈS PURE PARFUM 200 ML ,3346131403097,HRM26085,3346130013501,HRM107758V0,,,,,,,,, HRM000000076, TERRE D'HERMES PURE PERFUME 200 ML
HERMES,TERRE D'HERMÈS EIV EDP,,,,,,,,,,,,,,
HERMES,TERRE D'HERMES EIV EDP 200 ML,3346131431625,HRM100057V0,,,,,,,,,,,,
HERMES,TERRE D'HERMÈS EIV EDP 100 ML ,3346131430741,HRM40946,,,,,,,,,,, HRM000000090, TERRE D'HERMES EIV EDP 100 ML 
HERMES,TERRE D'HERMÈS EIV EDP 50 ML ,3346131430734,HRM40945,,,,,,,,,,, HRM000000091, TERRE D'HERMES EIV EDP 50 ML 
HERMES,TERRE D'HERMÈS EAU GIVREE,,,,,,,,,,,,,,
HERMES,TERRE D'HERMES EAU GIVREE EDP 175ML REFILLABLE,3346130416135,HRM108931V0,,,,,,,,,,, HRM108931V0, TERRE D'HERMES EAU GIVREE EDP 175ML REFILLABLE
HERMES,TERRE D'HERMÈS EAU GIVREE EDP 100 ML,3346130012245,HRM107522V0,,,,,,,,,,, HRM000000580, TERRE D'HERMÈS EAU GIVREE EDP 100 ML
HERMES,TERRE D'HERMÈS EAU GIVREE EDP 50 ML,3346130012375,HRM107535V0,,,,,,,,,,, HRM000000581, TERRE D'HERMÈS EAU GIVREE EDP 50 ML
HERMES,TERRE D'HERMES INTENSE EDP,,,,,,,,,,,,,,
HERMES,TERRE D'HERMES INTENSE EDP 100 ML,3346130424116,HRM111231V0,,,,,,,,,,, HRM000000726, TERRE D'HERMES INTENSE EDP 100 ML
HERMES,TERRE D'HERMES INTENSE EDP 50 ML,3346130424109,HRM111230V0,,,,,,,,,,, HRM000000727, TERRE D'HERMES INTENSE EDP 50 ML
HERMES,TERRE D'HERMES EDP INTENSE REFILABLE 30ML,3346130435648,HRM114102V0,,,,,,,,,,,,
HERMES,TERRE D'HERMES EDP INTENSE KIT 30ML&200ML REFILL,3346130435662,HRM114105V0,,,,,,,,,,,,
HERMES,TERRE D'HERMES EDP INTENSE 175ML,3346130020080,HRM116415V0,,,,,,,,,,,,
HERMES,BARENIA EDP,,,,,,,,,,,,,,
HERMES,BARENIA EDP 100 ML,3346130421337,HRM110435V0,,,,,,,,,,, HRM110435V0, BARENIA EDP 100ML
HERMES,BARENIA EDP 60 ML,3346130421344,HRM110436V0,,,,,,,,,,, HRM110436V0, BARENIA EDP 60ML
HERMES,BARENIA EDP NOMAD  15ML SPRAY + BOX,3346130421368,HRM110438V0,,,,,,,,,,, HRM110438V0, BARENIA EDP NOMAD  15ML SPRAY + BOX
HERMES,BARENIA EDP 30 ML,3346130431800,HRM113537V0,,,,,,,,,,, HRM000000725, BARENIA EDP 30 ML
HERMES,BARENIA EDP 125 ML REFILL,3346130421351,HRM110437V0,,,,,,,,,,, HRM000000729, BARENIA EDP 125 ML REFILL
HERMES,BARENIA EDP INTENSE,,,,,,,,,,,,,,
HERMES,BARENIA EDP INTENSE 100 ML,3346130018926,HRM116302V0,,,,,,,,,,, HRM000000731, BARENIA EDP INTENSE 100 ML
HERMES,BARENIA EDP INTENSE 60 ML,3346130018933,HRM116303V0,,,,,,,,,,, HRM000000732, BARENIA EDP INTENSE 60 ML
HERMES,BARENIA EDP INTENSE 30 ML,3346130018940,HRM116304V0,,,,,,,,,,, HRM000000733, BARENIA EDP INTENSE 30 ML
HERMES,BARENIA EDP INTENSE REFILL 125 ML,3346130018957,HRM116305V0,,,,,,,,,,, HRM000000734, BARENIA EDP INTENSE 125 ML REFILL
HERMES,BARENIA EDP INTENSE NOMAD 15 ML + BOX,3346130018964,HRM116306V0,,,,,,,,,,, HRM000000735, BARENIA EDP INTENSE 15 ML NOMAD + BOX
HERMES,TWILLY D'HERMÈS EDP,,,,,,,,,,,,,,
HERMES,TWILLY D'HERMÈS EDP 85 ML ,3346133200021,HRM36988,3346130010364,HRM107265V0,,,,,,,,, HRM000000009, TWILLY D'HERMES EDP 85 ML
HERMES,TWILLY D'HERMÈS EDP 50 ML ,3346133200014,HRM36987,3346130010357,HRM107264V0,,,,,,,,, HRM000000010, TWILLY D'HERMES EDP 50 ML
HERMES,TWILLY D'HERMÈS EAU POIVREE EDP,,,,,,,,,,,,,,
HERMES,TWILLY D'HERMÈS EAU POIVREE EDP 85 ML ,3346133202506,HRM100804V0,3346130009566,HRM107175V0,,,,,,,,, HRM000000014, TWILLY D'HERMES EAU DE POIVREE EDP 85 ML
HERMES,TWILLY D'HERMÈS EAU POIVREE EDP 50 ML ,3346133202513,HRM100805V0,3346130009481,HRM107167V0,,,,,,,,, HRM000000015, TWILLY D'HERMES EAU DE POIVREE EDP 50 ML
HERMES,TWILLY D'HERMÈS EAU GINGER EDP,,,,,,,,,,,,,,
HERMES,TWILLY D'HERMÈS EAU GINGER EDP 85 ML,3346133203671,HRM103951V0,,,,,,,,,,, HRM000000099, TWILLY D'HERMES EAU GINGER EDP 85ML
HERMES,TWILLY D'HERMÈS EAU GINGER EDP 50 ML,3346133203664,HRM103950V0,,,,,,,,,,, HRM000000100, TWILLY D'HERMES EAU GINGER EDP 50ML
HERMES,EAU DE MERVEILLES EDT,,,,,,,,,,,,,,
HERMES,EAU DES MERVEILLES EDT 100 ML,3346131700011,HRM20048/1,3346131796861,HRM101325V0,3346130010265,HRM107291V0,,,,,,, HRM000000016, EAU DES MERVEILLES EDT 100 ML
HERMES,EAU DES MERVEILLES EDT 50 ML,3346131700028,HRM20049/1,3346131796854,HRM101324V0,3346130010258,HRM107290V0,,,,,,, HRM000000017, EAU DES MERVEILLES EDT 50 ML
HERMES,ELIXIR DES MERVEILLES EDP,,,,,,,,,,,,,,
HERMES,ELIXIR DES MERVEILLES EDP 100 ML,3346131700936,HRM21150,3346131796953,HRM101334V0,3346130010173,HRM107255V0,,,,,,, HRM000000020, ELIXIR DES MERVEILLES EDP 100 ML
HERMES,ELIXIR DES MERVEILLES EDP 50 ML,3346131700929,HRM21149,3346131796946,HRM101333V0,3346130010166,HRM107254V0,,,,,,, HRM000000021, ELIXIR DES MERVEILLES EDP 50 ML
HERMES,HAIR MIST,,,,,,,,,,,,,,
HERMES,EAU DES MERVEILLES HAIR MIST 50 ML,3346130412342,HRM108145V0,,,,,,,,,,,,
HERMES,TWILLY D'HERMES HAIR MIST 50 ML,3346130412366,HRM108147V0,,,,,,,,,,,,
HERMES,BARENIA HAIR MIST 30 ML,3346130017233,HRM115954V0,,,,,,,,,,, HRM000000730, BARENIA HAIR MIST 30 ML
HERMES,UN JARDIN SUR LA NIL HAIR MIST 30 ML,3346130016564,HRM115694V0,,,,,,,,,,,,
HERMES,UN JARDIN,,,,,,,,,,,,,,
HERMES,UN JARDIN SUR LA LAGUNE EDT 100 ML  ,3346133600050,HRM100082V0,,,,,,,,,,, HRM000000109, UN JARDIN SUR LA LAGUNE EDT 100 ML  
HERMES,LE JARDIN MONSIEUR LI EDT 100 ML ,3346132600013,HRM32118,,,,,,,,,,, HRM000000111, LE JARDIN MONSIEUR LI EDT 100 ML 
HERMES,UN JARDIN SUR LE TOIT EDT 100 ML,3346132400019,HRM28103,,,,,,,,,,, HRM000000112, UN JARDIN SUR LE TOIT EDT 100 ML
HERMES,UN JARDIN SUR LE NIL EDT 100 ML,3346138900087,HRM20396,,,,,,,,,,,,
HERMES,UN JARDIN SUR LE NIL HAIR&BODY DRY OIL BOTTLE 50ML,3346130439240,HRM114640V0,,,,,,,,,,,,
HERMES,UN JARDIN SOUS LA MER EDT 100 ML,3346130025658,HRM117484V0,,,,,,,,,,,,
HERMES,UN JARDIN SOUS LA MER EDT 50 ML,3346130025641,HRM117485V0,,,,,,,,,,,,
HERMES,VOYAGE D'HERMÈS,,,,,,,,,,,,,,
HERMES,VOYAGE D'HERMÈS DEO STICK 75 GR,3346132101091,HRM27526,,,,,,,,,,, HRM000000113, VOYAGE D'HERMES DEO STICK 75 GR
HERMES,VOYAGE D'HERMÈS DEO SPRAY 150 ML,3346132100063,HRM26218,,,,,,,,,,, HRM000000114, VOYAGE D'HERMES DEO SPRAY 150 ML
HERMES,COLOGNES COLLECTION EDC,,,,,,,,,,,,,,
HERMES,COLOGNES EAU D'CITRON NOIR EDC 100 ML,3346132004903,HRM40408,,,,,,,,,,, HRM000000115, COLOGNES EAU DE CITRON NOIR EDC 100 ML
HERMES,COLOGNES EAU D'ORANGE VERTE EDC 100 ML,3346130493167,HRM38302,3346130493594,HRM101916V0,,,,,,,,, HRM000000030, COLOGNES EAU D'ORANGE VERTE EDC 100 ML
HERMES,COLOGNES EAU D'RHUBARBE ECARLATE EDC 100 ML,3346132004897,HRM39958,3346130009382,HRM107157V0,3346132003531,HRM37065,,,,,,, HRM000000031, COLOGNES EAU DE RHUBARBE ECARLATE EDC 100 ML
HERMES,EAU D'ORANGE VERTE HAIR&BODY SHOWER GEL 200 ML,3346133031847,HRM39547,3346130492665,HRM33173,3346130432715,HRM113764V0,,,,,,,,
HERMES,EAU DE RHUBARBE ECARLATE HAIR&BODY SHOWERGEL 200 ML,3346133031489,HRM39503,3346133030451,HRM37120,3346130010548,HRM107283V0,3346130432722,HRM113765V0,,,,,,
HERMES,LE BAIN RHUBARBE ECARLATE HAND&BODY C.GEL 300 ML,3346133031465,HRM39501,3346133030444,HRM37119,3346130010524,HRM107281V0,3346130432999,HRM113807V0,,,,,,
HERMES,EAU D'ORANGE VERTE HAND&BODY CLEANSING GEL B.300 ML,3346133031823,HRM39545,3346130492658,HRM33172,3346130432982,HRM113805V0,,,,,,,,
HERMES,EAU DE CITRON NOIR HAIR&BODY SHOWER GEL 200 ML,3346130432739,HRM113766V0,3346133032073,HRM40418,,,,,,,,,,
HERMES,EAU DE CITRON NOIR HAND&BODY CLEANSING GEL B.300 ML,3346133032066,HRM40417,3346130433002,HRM113810V0,,,,,,,,,,
HERMES,KOFRE - ONE SHOT,,,,,,,,,,,,,,
HERMES,TERRE D'HERMES EDP INTENSE SET 100ML + 15ML FD26,3346130026013,HRM117747V0,,,,,,,,,,,,
HERMES,TWILLY D'HERMÈS EDP SET 85ML + 15ML + BL 40ML MD26,3346130026044,HRM117750V0,,,,,,,,,,,,
HERMES,BARENIA EDP SET 100 ML + 15ML + SOAP 25G MD26,3346130026075,HRM117753V0,,,,,,,,,,,,
HERMES,Terre d'Hermès EDT Set 100ml+ 15ml + ASL 40ml FD26,3346130025986,HRM117744V0,,,,,,,,,,,,
HERMES,Terre d'Hermès PP Set 75ml + 15ml + HBSG 40ml FD26,3346130026006,HRM117746V0,,,,,,,,,,,,
HERMES,FEH26 - Terre d'Hermès EDT Set 100ml + 15ml + Shower Gel 40ml,3346130027898,HRM118223V0,,,,,,,,,,,,
HERMES,FEH26 - Terre d'Hermès PP Set 75ml + 15ml + Shower Gel 40ml,3346130027904,HRM118224V0,,,,,,,,,,,,
HERMES,FEH26 - Barénia EDP Prest Set 100ml+Powder Grigris+Rouge H,,HRM118252V0,,,,,,,,,,,,
HERMES,FEH26 - Barénia 2026 EDP Set 100ml + 15ml + soap 25gr,3346130027942,HRM118229V0,,,,,,,,,,,,
RABANNE,DELIST,,,,,,,,,,,,,,
HERMES,EAU DE BASILIC POURPRE EDC 100 ML,3346130000020,HRM105009V0,,,,,,,,,,, HRM000000583, EAU DE BASILIC POURPRE EDC 100 ML
HERMES,TWILLY D'HERMES EDP SET ( 85ML + 15ML + BL 80ML) FEH25,3346130022930,HRM116947V0,,,,,,,,,,,,
HERMES,L'OMBRE DES MERVEILLES EDP 100 ML,3346131797080,HRM101653V0,,,,,,,,,,,,
HERMES,L'OMBRE DES MERVEILLES EDP 50 ML,3346131797097,HRM101654V0,,,,,,,,,,,,
DIOR,DIOR,,,,,,,,,,,,,,
DIOR,BACKSTAGE EYE PALETTE 001,3348901394932,C001200001,3348901674331,C038300001,,DIOR00000951,,DIOR00003042,,,,,DIOR00003042,BACKSTAGE EYE PALETTE 001 NUDE
DIOR,BACKSTAGE FACE GLOW PALETTE 001,3348901395052,C001500001,3348901770552,E000000579,,DIOR00000906,,DIOR00003938,,,,,DIOR00003938,BACKSTAGE FACE PALETTE 001 INT25
DIOR,JOY INTENSE,,,,,,,,,,,,,,
DIOR,JOY EDP INTENSE SPR 90 ML ,3348901487528,C099600458,,,,,,,,,,, DIOR00000001, JOY EDP INTENSE 90 ML 
DIOR,JOY EDP INTENSE SPR 50 ML ,3348901487511,C099600457,,,,,,,,,,, DIOR00000002, JOY EDP INTENSE 50 ML 
DIOR,JOY EAU DE PARFUM,,,,,,,,,,,,,,
DIOR,JOY EDP 90 ML,3348901419093,C099600152,,,,,,,,,,, DIOR00000003, JOY EDP 90 ML
DIOR,JOY EDP 50 ML,3348901419086,C099600151,,,,,,,,,,, DIOR00000004, JOY EDP 50 ML
DIOR,MISS DIOR PARFUM,,,,,,,,,,,,,,
DIOR,MISS DIOR PARFUM SPR 80 ML INT24,3348901708920,C099700897,,,,,,,,,,, DIOR00002796, MISS DIOR PARFUM SPR 80 ML
DIOR,MISS DIOR PARFUM SPR 50 ML INT24,3348901708937,C099700898,,,,,,,,,,, DIOR00002797, MISS DIOR PARFUM SPR 50 ML
DIOR,MISS DIOR NEW BLOOMING BOUQUET,,,,,,,,,,,,,,
DIOR,MISS DIOR BLOOMING BOUQUET EDT 100 ML,3348901627375,C099700102,,,,,,,,,,, DIOR00002486, MD BLOOMING BOUQUET EDT 100 ML
DIOR,MISS DIOR BLOOMING BOUQUET EDT 50 ML,3348901627368,C099700101,,,,,,,,,,, DIOR00002487, MD BLOOMING BOUQUET EDT 50 ML
DIOR,MISS DIOR NEW EDP,,,,,,,,,,,,,,
DIOR,MISS DIOR EDP SPR 100 ML,3348901571456,C099600764,,,,,,,,,,, DIOR00000008, MISS DIOR EDP 100 ML
DIOR,MISS DIOR EDP SPR 50 ML,3348901571449,C099600763,,,,,,,,,,, DIOR00000009, MISS DIOR EDP 50 ML
DIOR,MISS DIOR NEW EDT,,,,,,,,,,,,,,
DIOR,MISS DIOR NEW EDT SPR 100 ML,3348901419369,C099600155,,,,,,,,,,, DIOR00000012, MISS DIOR EDT 100 ML
DIOR,MISS DIOR NEW EDT SPR 50 ML,3348901419345,C099600154,,,,,,,,,,, DIOR00000013, MISS DIOR EDT 50 ML
DIOR,MISS DIOR BB BATH LINE,,,,,,,,,,,,,,
DIOR,MISS DIOR HAIR OIL 30 ML,3348901618816,C099700047,,,,,,,,,,, DIOR00002667, MISS DIOR HAIR OIL 30 ML
DIOR,MISS DIOR HAND GEL BTL 100 ML INT21,3348901576376,C099600740,,,,,,,,,,, DIOR00000023, MISS DIOR HAND GEL BTL 100 ML
DIOR,MISS DIOR HAND CREAM 50 ML,3348901385732,C099600058,,,,,,,,,,, DIOR00000025, MISS DIOR HAND CREAM 50 ML
DIOR,MISS DIOR FRESH BODY CREME 150 ML,3348901356510,F001101000,,,,,,,,,,, DIOR00000026, MISS DIOR FRESH BODY CREME 150 ML
DIOR,"MISS DIOR 
PERFUMED DEODORANT 100 ML",3348901333139,F001738000,,,,,,,,,,, DIOR00000029," MISS DIOR 
PERFUMED DEODORANT 100 ML"
DIOR,J'ADORE D'EAU,,,,,,,,,,,,,,
DIOR,J'ADORE PARFUM D'EAU 100 ML,3348901597715,C099600980,,,,,,,,,,, DIOR00002668, J'ADORE PARFUM D'EAU 100 ML
DIOR,J'ADORE PARFUM D'EAU 50 ML,3348901597722,C099600981,,,,,,,,,,, DIOR00002669, J'ADORE PARFUM D'EAU 50 ML
DIOR,J'ADORE EDP INFINISSIME,,,,,,,,,,,,,,
DIOR,J'ADORE EDP INFINISSIME SPR 100 ML,3348901521512,C099600555,,,,,,,,,,, DIOR00000030, J'ADORE EDP INFINISSIME 100 ML
DIOR,J'ADORE EDP INFINISSIME SPR 50 ML,3348901521406,C099600554,,,,,,,,,,, DIOR00000031, J'ADORE EDP INFINISSIME 50 ML
DIOR,J'ADORE EAU DE PARFUM,,,,,,,,,,,,,,
DIOR,J'ADORE EDP 150 ML,3348901237116,F071586009,,,,,,,,,,, DIOR00000032, J'ADORE EDP 150 ML 
DIOR,J'ADORE EDP 100 ML,3348900417878,F071524009,,,,,,,,,,, DIOR00000033, J'ADORE EDP 100 ML
DIOR,J'ADORE EDP 50 ML,3348900417885,F071522009,,,,,,,,,,, DIOR00000034, J'ADORE EDP 50 ML
DIOR,J'ADORE DEO SPRAY,3348900852655,F054015864,,,,,,,,,,, DIOR00000041, J'ADORE DEODORANT SPRAY 100 ML
DIOR,J'ADORE ADORABLES,,,,,,,,,,,,,,
DIOR,JAD BODY CREAM JAR 150 ML,3348901630528,C099700190,,,,,,,,,,, DIOR00002670, JAD BODY CREAM JAR 150ML INT23
DIOR,JAD BODY SCRUB JAR 150 ML,3348901641234,C099700240,,,,,,,,,,, DIOR00002671, JAD BODY SCRUB JAR 150ML INT23
DIOR,JAD SPARKING BODY GEL JAR 100 ML,3348901630603,C099700191,,,,,,,,,,, DIOR00002672, JAD SPARKING BODY GEL JAR 100ML INT23
DIOR,J'ADORE EAU DE TOILETTE NEW 2016,,,,,,,,,,,,,,
DIOR,J'ADORE EDT NEW 100 ML ,3348901296632,F361524609,,,,,,,,,,, DIOR00000044, J'ADORE EDT 100 ML 
DIOR,J'ADORE EDT NEW 50 ML ,3348901296625,F361522609,,,,,,,,,,, DIOR00000045, J'ADORE EDT 50 ML 
DIOR,J'ADORE YAN ÜRÜNLER,,,,,,,,,,,,,,
DIOR,JAD BODY MILK BTL 200ML INT24,3348901640084,C099700193,,,,,,,,,,, DIOR00002798, J'ADORE L'OR ESSENCE DE PARFUM SPR 50 ML
DIOR,JAD SHOWER GEL BTL 200ML INT24,3348901674744,C099700470,,,,,,,,,,, DIOR00000047, J'ADORE L'OR ESSP SPR 40 ML
DIOR,JAD HAND CREAM BTL 50ML INT24,3348901674751,C099700471,,,,,,,,,,, DIOR00002994, J'ADORE HAND CREAM BTL 50ML INT24
DIOR,MD ROSE BODY MILK BTL 175ML INT24,3348901687331,C099700711,,,,,,,,,,, DIOR00000047, J'ADORE L'OR ESSP SPR 40 ML
DIOR,MD ROSE SCRUB BODY OIL BTL 175ML INT24,3348901687324,C099700710,,,,,,,,,,, DIOR00000047, J'ADORE L'OR ESSP SPR 40 ML
DIOR,MISS DIOR SHIMMERING ROSE SORBET BODY GEL,3348901670852,C099700547,,,,,,,,,,, DIOR00002793, MISS DIOR SHIMMERING ROSE SORBET BODY GEL
DIOR,MISS DIOR SHOWER OIL,3348901670845,C099700546,,,,,,,,,,, DIOR00002794, MISS DIOR SHOWER OIL
DIOR,MISS DIOR MILK SCRUB TEST TB 75ML INT23,3348901670838,C099700545,,,,,,,,,,, DIOR00002795, MISS DIOR MILK SCRUB TEST TB 75ML INT23
DIOR,MD PARFUM R-PEARL 20ML INT24,3348901709019,C099700900,,,,,,,,,,, DIOR00003055, MD PARFUM R-PEARL 20ML INT24
DIOR,MD ROSE SHOWER GEL BTL 175ML INT24,3348901687348,C099700712,,,,,,,,,,, DIOR00003049, MD ROSE SHOWER GEL BTL 175ML INT24
DIOR,J'ADORE L'OR,,,,,,,,,,,,,,
DIOR,J'ADORE L'OR ESSENCE DE PARFUM SPR 50ML,3348901664653,C099700474,,,,,,,,,,, DIOR00002798, J'ADORE L'OR ESSENCE DE PARFUM SPR 50 ML
DIOR,POISON GIRL EAU DE PARFUM,,,,,,,,,,,,,,
DIOR,POISON GIRL EDP SPR 100 ML,3348901293846,F076324009,,,,,,,,,,, DIOR00000048, POISON GIRL EDP 100 ML
DIOR,POISON GIRL EDP SPR 50 ML,3348901293839,F076322009,,,,,,,,,,, DIOR00000049, POISON GIRL EDP 50 ML
DIOR,POISON GIRL EAU DE TOILETTE,,,,,,,,,,,,,,
DIOR,POISON GIRL EDT SPR 100 ML,3348901345736,F026324009,,,,,,,,,,, DIOR00000050, POISON GIRL EDT 100 ML
DIOR,POISON GIRL EDT SPR 50 ML,3348901345729,F026322009,,,,,,,,,,, DIOR00000051, POISON GIRL EDT 50 ML
DIOR,HYPNOTIC POISON EAU DE PARFUM,,,,,,,,,,,,,,
DIOR,HYPNOTIC POISON EDP 100 ML                  ,3348901192231,F008344409,,,,,,,,,,, DIOR00000054, HYPNOTIC POISON EDP 100 ML                  
DIOR,HYPNOTIC POISON EDP  50 ML                  ,3348901192224,F008342409,,,,,,,,,,, DIOR00000055, HYPNOTIC POISON EDP 50 ML                  
DIOR,HYPNOTIC POISON EAU DE TOILETTE,,,,,,,,,,,,,,
DIOR,HYPNOTIC POISON EDT 150 ML,3348901250351,F006386009,,,,,,,,,,, DIOR00000056, HYPNOTIC POISON EDT 150 ML
DIOR,HYPNOTIC POISON EDT 100 ML,3348900425309,F006344009,,,,,,,,,,, DIOR00000057, HYPNOTIC POISON EDT 100 ML
DIOR,HYPNOTIC POISON EDT 50 ML,3348900378575,F006342009,,,,,,,,,,, DIOR00000058, HYPNOTIC POISON EDT 50 ML
DIOR,POISON EDT,,,,,,,,,,,,,,
DIOR,POISON EDT 100 ML,3348900011687,F006324009,,,,,,,,,,, DIOR00000061, POISON EDT 100 ML
DIOR,POISON EDT 50 ML,3348900011632,F006322009,,,,,,,,,,, DIOR00000062, POISON EDT 50 ML
DIOR,PURE POISON EAU DE PARFUM,,,,,,,,,,,,,,
DIOR,PURE POISON EDP 100 ML,3348900606715,F008324609,,,,,,,,,,, DIOR00000063, PURE POISON EDP 100 ML
DIOR,PURE POISON EDP 50 ML,3348900606708,F008322609,,,,,,,,,,, DIOR00000064, PURE POISON EDP 50 ML
DIOR,DIOR FRAGRANCE TO GO - ROLLER PEARL/HAIR MIST,,,,,,,,,,,,,,
DIOR,MISS DIOR EDP R-PEARL 20 ML,3348901627276,C099700095,,,,,,,,,,, DIOR00001081, MD R-PEARL EDP 20 ML INT22
DIOR,J'ADORE EDP INFINISSIME R-PEARL 20 ML,3348901553650,C099600675,,,,,,,,,,, DIOR00000066, J'ADORE EDP INFINISSIME R-PEARL 20 ML
DIOR,MISS DIOR RNR HAIR MIST SPR 30 ML,3348901567473,C099670741,,,,,,,,,,, DIOR00000024, MISS DIOR RNR HAIR MIST SPR 30 ML
DIOR,J'ADORE EDP HAIR MIST SPR 40 ML,3348901497282,C099600483,,,,,,,,,,, DIOR00000067, J'ADORE EDP HAIR MIST SPR 40 ML
DIOR,J'ADORE EDT R-PEARL 20 ML,3348901497275,C099600482,,,,,,,,,,, DIOR00000068, J'ADORE EDT R-PEARL 20 ML
DIOR,J'ADORE EDP R-PEARL 20 ML,3348901426961,C099600173,,,,,,,,,,, DIOR00000069, J'ADORE EDP R-PEARL
DIOR,MISS DIOR EDT R-PEARL 20 ML,3348901455381,C099600346,,,,,,,,,,, DIOR00000070, MISS DIOR R-PEARL EDT
DIOR,HYPNOTIC POISON EDT R-PEARL 20 ML,3348901445108,C099600227,,,,,,,,,,, DIOR00000071, HYPNOTIC POISON R-PEARL EDT 20 ML
DIOR,MISS DIOR BLOOMING BOUQUET R-PEARL 20 ML,3348901395366,C099600080,,,,,,,,,,, DIOR00000072, MISS DIOR BLOOMING BOUQUET R-PEARL
DIOR,DUNE EAU DE TOILETTE,,,,,,,,,,,,,,
DIOR,DUNE EDT 100 ML,3348900103870,F006924009,,,,,,,,,,, DIOR00000076, DUNE EDT 100 ML
DIOR,DIORISSIMO EAU DE TOILETTE,,,,,,,,,,,,,,
DIOR,DIORISSIMO EDT 100 ML,3348900314290,F006424909,,,,,,,,,,, DIOR00000077, DIORISSIMO EDT 100 ML
DIOR,DIORISSIMO EDT 50 ML,3348900314283,F006422909,,,,,,,,,,, DIOR00000078, DIORISSIMO EDT 50 ML
DIOR,DIOR ADDICT EAU DE PARFUM,,,,,,,,,,,,,,
DIOR,DA PEACHY GLW VP 50ML INT26,3348901786362,E000000923,,,,,,,,,,,,
DIOR,DA PURPLE GLW VP 50ML INT26,3348901786393,E000000926,,,,,,,,,,,,
DIOR,DA ROSY GLW VP 50ML INT26,3348901786331,E000000920,,,,,,,,,,,,
DIOR,ADD EDP NEW SPR 100 ML,3348901181839,F007284409,,,,,,,,,,, DIOR00000080, ADDICT EDP 100 ML
DIOR,ADD EDP NEW SPR 50 ML,3348901182348,F007282409,,,,,,,,,,, DIOR00000081, ADDICT EDP 50 ML
DIOR,DIOR ADDICT EDT,,,,,,,,,,,,,,
DIOR,ADD NEW EDT SP 100 ML,3348901206174,F062874009,,,,,,,,,,, DIOR00000082, ADDICT EDT 100 ML
DIOR,ADD NEW EDT SP 50 ML,3348901206167,F062872009,,,,,,,,,,, DIOR00000083, ADDICT EDT 50 ML
DIOR,KADIN PARFÜM YILBAŞI SETLERİ 2024,,,,,,,,,,,,,,
DIOR,HOL JEWEL BOX JAD EDP 100ML INT24,3348901727747,C400100886,,,,,,,,,,,,
DIOR,SAUVAGE ELIXIR,,,,,,,,,,,,,,
DIOR,SAUVAGE ELIXIR SPRAY 100 ML,3348901640916,C099700242,,,,,,,,,,, DIOR00002485, SAUVAGE ELIXIR SPRAY 100ML
DIOR,SAUVAGE ELIXIR SPRAY 60 ML,3348901567572,C099600755,,,,,,,,,,, DIOR00000086, SAUVAGE ELIXIR 60 ML
DIOR,SAUVAGE PARFUM,,,,,,,,,,,,,,
DIOR,SAUVAGE PARFUM SPRAY 200 ML,3348901520065,C099600531,,,,,,,,,,, DIOR00000087, SAUVAGE PARFUM 200 ML
DIOR,SAUVAGE PARFUM SPRAY 100 ML,3348901486385,C099600455,,,,,,,,,,, DIOR00000088, SAUVAGE PARFUM 100 ML
DIOR,SAUVAGE PARFUM SPRAY 60 ML,3348901486392,C099600456,,,,,,,,,,, DIOR00000089, SAUVAGE PARFUM 60 ML
DIOR,SAUVAGE CLEANSER 125ML INT24,3348901683555,C099700672,,,,,,,,,,, DIOR00002799, SAUVAGE CLEANSER 125 ML
DIOR,SAUVAGE LOTION 100ML INT24,3348901683562,C099700673,,,,,,,,,,, DIOR00002800, SAUVAGE LOTION 100 ML
DIOR,SAUVAGE SERUM 50ML INT24,3348901683579,C099700674,,,,,,,,,,, DIOR00002801, SAUVAGE SERUM 50 ML
DIOR,SAUVAGE EDP,,,,,,,,,,,,,,
DIOR,SAUVAGE EDP SPRAY 200 ML,3348901428545,C099600180,,,,,,,,,,, DIOR00000090, SAUVAGE EDP 200 ML
DIOR,SAUVAGE EDP SPRAY 100 ML,3348901368247,F078524009,,,,,,,,,,, DIOR00000091, SAUVAGE EDP 100 ML
DIOR,SAUVAGE EDP SPRAY 60 ML,3348901368254,F078522009,,,,,,,,,,, DIOR00000092, SAUVAGE EDP 60 ML
DIOR,SAUVAGE EDT,,,,,,,,,,,,,,
DIOR,SAU NEW FRAG SPR 100ML INT24,3348901728836,C099800171,,,,,,,,,,, DIOR00003054, SAU NEW FRAG SPR 100 ML INT24
DIOR,SAU NEW FRAG SPR 60ML INT24,3348901728829,C099800170,,,,,,,,,,, DIOR00003053, SAU NEW FRAG SPR 60 ML INT24
DIOR,SAUVAGE YAN ÜRÜNLER,,,,,,,,,,,,,,
DIOR,SAUVAGE AFTER SHAVE BALM BTL 100 ML,3348901553261,C099600671,,,,,,,,,,, DIOR00000094, SAUVAGE AFTER SHAVE BALM BTL 100 ML
DIOR,SAUVAGE SHOWER GEL BTL 250 ML,3348901553254,C099600670,,,,,,,,,,, DIOR00000095, SAUVAGE SHOWER GEL BTL 250 ML
DIOR,SAUVAGE PERF RES EDT RFIL 300 ML,3348901470353,C399600392,,,,,,,,,,, DIOR00000096, SAUVAGE EDT REFIL 300 ML
DIOR,SAUVAGE SHAVING GEL TB 125 ML,3348901512619,C099600524,,,,,,,,,,, DIOR00000100, SAUVAGE SHAVING GEL TB 125 ML
DIOR,SAUVAGE EDT 200 ML,3348901321129,F068528009,,,,,,,,,,, DIOR00000097, SAUVAGE EDT 200 ML
DIOR,SAUVAGE EDT 100 ML,3348901250146,F068524009,,,,,,,,,,, DIOR00000098, SAUVAGE EDT 100 ML
DIOR,SAUVAGE EDT 60 ML,3348901250153,F068522009,,,,,,,,,,, DIOR00000099, SAUVAGE EDT 60 ML
DIOR,SAUVAGE DEOSPRAY 150 ML,3348901250276,F001734009,,,,,,,,,,, DIOR00000102, SAUVAGE DEO SPRAY 150 ML
DIOR,SAUVAGE AFTER SHAVE LOTION 100 ML,3348901250269,F000655000,,,,,,,,,,, DIOR00000103, SAUVAGE AFTER SHAVE LOTION
DIOR,DIOR SAUVAGE DEO STICK 75 GR,3348901292276,F001802000,,,,,,,,,,, DIOR00000106, SAUVAGE DEO STICK 75 GR
DIOR,DIOR HOMME SPORT ,,,,,,,,,,,,,,
DIOR,DIOR HOMME SPORT EDT SPRAY 200 ML,3348901627320,C099700096,,,,,,,,,,, DIOR00002488, DIOR HOMME SPORT EDT 200 ML
DIOR,DIOR HOMME SPORT EDT SPRAY 125 ML,3348901580069,C099600782,,,,,,,,,,, DIOR00000109, DIOR HOMME SPORT EDT 125 ML - 22
DIOR,DIOR HOMME SPORT EDT SPRAY 75 ML,3348901580076,C099600783,,,,,,,,,,, DIOR00000110, DIOR HOMME SPORT EDT 75 ML - 22
DIOR,DIOR HOMME PARFUM,,,,,,,,,,,,,,
DIOR,DIOR PARFUM SPRAY 100 ML,3348901483896,C099600445,,,,,,,,,,, DIOR00000111, DIOR HOMME PARFUM 100 ML
DIOR,DIOR HOMME NEW EDT,,,,,,,,,,,,,,
DIOR,DIOR HOMME NEW EDT SPRAY 150 ML,3348901544092,C099600613,,,,,,,,,,, DIOR00000112, DIOR HOMME EDT 150 ML
DIOR,DIOR HOMME NEW EDT SPRAY 100 ML,3348901419147,C099600157,,,,,,,,,,, DIOR00000113, DIOR HOMME EDT 100 ML
DIOR,DIOR HOMME NEW EDT SPRAY 50 ML,3348901419130,C099600156,,,,,,,,,,, DIOR00000114, DIOR HOMME EDT 50 ML
DIOR,DIOR HOMME NEW EDT AFTER SHAVE LOTION 100 ML,3348901419161,C099600159,,,,,,,,,,, DIOR00000115, DIOR HOMME AFTER SHAVE LOTION BTL 100 ML
DIOR,DIOR HOMME INTENSE EDP,,,,,,,,,,,,,,
DIOR,DIOR HOMME INTENSE EDP 150 ML,3348901001120,F077926009,,,,,,,,,,, DIOR00000116, DIOR HOMME INTENSE EDP 150 ML
DIOR,DIOR HOMME INTENSE EDP 100 ML,3348900838185,F047924709,,,,,,,,,,, DIOR00000117, DIOR HOMME INTENSE EDP 100 ML
DIOR,DIOR HOMME INTENSE EDP 50 ML,3348900838178,F047922709,,,,,,,,,,, DIOR00000118, DIOR HOMME INTENSE EDP 50 ML
DIOR,EAU SAUVAGE EAU DE TOILETTE,,,,,,,,,,,,,,
DIOR,EAU SAUVAGE EDT 100 ML,3348900627499,F009724109,,,,,,,,,,, DIOR00000134, EAU SAUVAGE EDT 100 ML
DIOR,EAU SAUVAGE EDT 50 ML,3348900627505,F009722109,,,,,,,,,,, DIOR00000135, EAU SAUVAGE EDT 50 ML
DIOR,JAD L OR,,,,,,,,,,,,,,
DIOR,JAD L OR ESSP SPR 80ML INT24,3348901700931,C099700827,,,,,,,,,,, DIOR00003052, JAD L OR ESSP SPR 80ML INT24
DIOR,ERKEK PARFÜM YILBAŞI SETLERİ 2024,,,,,,,,,,,,,,
DIOR,HOL JEWEL BOX DH EDT 100ML INT24,3348901727792,C400100896,,,,,,,,,,,,
DIOR,HOL JEWEL BOX SAUV PARF 100ML US24,3348901728027,C400150895,,,,,,,,,,,,
DIOR,FAHRENHEIT LE PARFUM,,,,,,,,,,,,,,
DIOR,FAHRENHET PARFUM SPRAY 75 ML               ,3348901116817,F086623009,,,,,,,,,,, DIOR00000138, FAHRENHET PARFUM 75 ML
DIOR,FAHRENHEIT EAU DE TOILETTE,,,,,,,,,,,,,,
DIOR,FAHRENHEIT EDT 100 ML,3348900012219,F006624009,,,,,,,,,,, DIOR00000139, FAHRENHEIT EDT 100 ML
DIOR,FAHRENHEIT EDT 50 ML,3348900012189,F006622009,,,,,,,,,,, DIOR00000140, FAHRENHEIT EDT 50 ML
DIOR,BATH LINE,,,,,,,,,,,,,,
DIOR,FAHRENHEIT DEODORANT METAL,3348900199699,F005666909,,,,,,,,,,, DIOR00000141, FAHRENHEIT DEO SPRAY
DIOR,FAHRENHEIT ANTIPERSPIRANT STIC,3348900600379,F005665900,,,,,,,,,,, DIOR00000142, FAHRENHEIT DEO STICK
GIVENCHY,GIVENCHY,,,,,,,,,,,,,,
GIVENCHY,L'INTERDIT EDP,,,,,,,,,,,,,,
GIVENCHY,L'INTERDIT EDP 125 ML,3274872459090,GVCP069393,3274872421479,GVCP069238,,,,,,,,,GVCP00000003,L'INTERDIT EDP 125 ML
GIVENCHY,L'INTERDIT EDP 80 ML,3274872372153,GVCP069002,,,,,,,,,,,GVCP00000004,L'INTERDIT EDP 80 ML
GIVENCHY,L'INTERDIT EDP 50 ML,3274872372146,GVCP069001,,,,,,,,,,,GVCP00000005,L'INTERDIT EDP 50 ML
GIVENCHY,L'INTERDIT EDP 35 ML,3274872372139,GVCP069000,,,,,,,,,,,GVCP00000264,L'INTERDIT EDP 35 ML
GIVENCHY,L'INTERDIT DEO  SPRAY 100 ML,3274872443860,GVCP069344,,,,,,,,,,,GVCP00000006,L'INTERDIT DEO. SPRAY 100 ML 
GIVENCHY,L'INTERDIT EDP 150 ML RECHARGE,3274872445529,GVCP169321,,,,,,,,,,,GVCP00000216,L'INTERDIT EDP 150 ML RECHARGE
GIVENCHY,L'INTERDIT EDP 100 ML REMPLISSABLE,3274872445512,GVCP069321,,,,,,,,,,,GVCP00000217,L'INTERDIT EDP 100 ML REMPLISSABLE
GIVENCHY,L'INTERDIT EDP ROUGE ELIXIR,,,,,,,,,,,,,,
GIVENCHY,L'INTERDIT EDP ROUGE ELIXIR 80 ML,3274872511798,GVCP090763,,,,,,,,,,,,
GIVENCHY,L'INTERDIT EDP ROUGE ELIXIR 50 ML,3274872511828,GVCP090765,,,,,,,,,,,,
GIVENCHY,L'INTERDIT EDP ROUGE ELIXIR 35 ML,3274872511811,GVCP090764,,,,,,,,,,,,
GIVENCHY,L'INTERDIT PARFUM,,,,,,,,,,,,,,
GIVENCHY,L'INTERDIT 25 PARFUM 80 ML,3274872495494,GVCP000432,,,,,,,,,,,GVCP00000265,L'INTERDIT 25 PARFUM 80 ML
GIVENCHY,L'INTERDIT 25 PARFUM 50 ML,3274872495487,GVCP000431,,,,,,,,,,,GVCP00000266,L'INTERDIT 25 PARFUM 50 ML
GIVENCHY,L'INTERDIT EDPI APSOLU,,,,,,,,,,,,,,
GIVENCHY,L'INTERDIT EDP INTENSE ABSOLU 80 ML,3274872473683,GVCP000220,,,,,,,,,,,GVCP00000254,L'INTERDIT 24 EDPI ABSOLU 80 ML
GIVENCHY,L'INTERDIT EDP INTENSE ABSOLU 50 ML,3274872473676,GVCP000218,,,,,,,,,,,GVCP00000253,L'INTERDIT 24 EDPI ABSOLU 50 ML
GIVENCHY,L'INTERDIT EDP ROUGE,,,,,,,,,,,,,,
GIVENCHY,L'INTERDIT EDP ROUGE 80 ML ,3274872428058,GVCP069262,,,,,,,,,,,GVCP00000009,L'INTERDIT EDP ROUGE 80 ML 
GIVENCHY,L'INTERDIT EDP ROUGE 50 ML ,3274872428041,GVCP069261,,,,,,,,,,,GVCP00000010,L'INTERDIT EDP ROUGE 50 ML 
GIVENCHY,L'INTERDIT EDP ROUGE BIG SIZE 125ML,3274872468931,GVCP000172,,,,,,,,,,,GVCP00000219,L'INTERDIT EDP ROUGE BIG SIZE 125 ML
GIVENCHY,L'INTERDIT EDP ROUGE ULTIME,,,,,,,,,,,,,,
GIVENCHY,L'INTERDIT EDP ROUGE ULTIME 80 ML,3274872456341,GVCP069382,,,,,,,,,,,GVCP00000011,L'INTERDIT EDP ROUGE ULTIME 80 ML
GIVENCHY,L'INTERDIT EDP ROUGE ULTIME 50 ML,3274872456334,GVCP069381,,,,,,,,,,,GVCP00000012,L'INTERDIT EDP ROUGE ULTIME 50 ML
GIVENCHY,IRRESISTIBLE EDP,,,,,,,,,,,,,,
GIVENCHY,IRRESISTIBLE EDP 125 ML,3274872450530,GVCP136090,3274872512634,GVCP090772,,,,,,,,,GVCP00000017,IRRESISTIBLE EDP 125 ML 
GIVENCHY,IRRESISTIBLE EDP 150 ML REFILL,3274872481558,GVCP000277,3274872518469,GVCP090843,,,,,,,,,GVCP00000268,IRRESISTIBLE EDP 150 ML REFILL
GIVENCHY,IRRESISTIBLE EDP 100 ML REFILLABLE,3274872481541,GVCP000276,3274872518476,GVCP090844,,,,,,,,,GVCP00000269,IRRESISTIBLE EDP 100 ML REFILLABLE
GIVENCHY,IRRESISTIBLE EDP 80 ML,3274872456143,GVCP036792,3274872400733,GVCP036175,3274872512603,GVCP090770,,,,,,,GVCP00000018,IRRESISTIBLE EDP 80 ML
GIVENCHY,IRRESISTIBLE EDP 50 ML,3274872456136,GVCP036791,3274872400726,GVCP036174,3274872512559,GVCP090767,,,,,,,GVCP00000019,IRRESISTIBLE EDP 50 ML
GIVENCHY,IRRESISTIBLE DEO SPRAY 100 ML,3274872451629,GVCP035005,3274872514942,GVCP090802,,,,,,,,,GVCP00000020,IRRESISTIBLE DEO. SPRAY 100 ML 
GIVENCHY,IRRESISTIBLE ROSE VELVET,,,,,,,,,,,,,,
GIVENCHY,IRRESISTIBLE EDP ROSE VELVET 80 ML,3274872447561,GVCP036772,,,,,,,,,,,GVCP00000021,IRRESISTIBLE EDP ROSE VELVET 80 ML 
GIVENCHY,IRRESISTIBLE EDP ROSE VELVET 50 ML,3274872447554,GVCP036771,,,,,,,,,,,GVCP00000022,IRRESISTIBLE EDP ROSE VELVET 50 ML 
GIVENCHY,IRRESISTIBLE VERY FLORAL,,,,,,,,,,,,,,
GIVENCHY,IRRESISTIBLE VERY FLORAL EDP 80 ML,3274872469013,GVCP000180,,,,,,,,,,,GVCP00000220,IRRESISTIBLE VERY FLORAL EDP 80 ML
GIVENCHY,IRRESISTIBLE VERY FLORAL EDP 50 ML,3274872469006,GVCP000179,,,,,,,,,,,GVCP00000221,IRRESISTIBLE VERY FLORAL EDP 50 ML
GIVENCHY,IRRESISTIBLE NECTAR EDP ,,,,,,,,,,,,,,
GIVENCHY,IRRESISTIBLE NECTAR EDP 50 ML,3274872501676,GVCP000502,,,,,,,,,,,,
GIVENCHY,IRRESISTIBLE NECTAR EDP 80 ML,3274872501652,GVCP000500,,,,,,,,,,,,
GIVENCHY,ANGE OU DEMON,,,,,,,,,,,,,,
GIVENCHY,ANGE OU DEMON EDP 100 ML,3274872396197,GVCP037295,,,,,,,,,,,GVCP00000023,ANGE OU DEMON EDP 100 ML
GIVENCHY,ANGE OU DEMON LE SECRET,,,,,,,,,,,,,,
GIVENCHY,ANGE OU DEMON LE SECRET EDP 100 ML,3274870002717,GVCP037476,3274872482630,GVCP000298,,,,,,,,,GVCP00000024,ANGE OU DEMON LE SECRET EDP 100 ML
GIVENCHY,GENTLEMAN,,,,,,,,,,,,,,
GIVENCHY,GENTLEMAN EDP 100 ML,3274872441033,GVCP011120,,,,,,,,,,,GVCP00000025,GENTLEMAN EDP 100 ML
GIVENCHY,GENTLEMAN SOCIETY,,,,,,,,,,,,,,
GIVENCHY,GENTLEMAN SOCIETY EDP 200 ML,3274872462687,GVCP000130,,,,,,,,,,,GVCP00000222,GENTLEMAN SOCIETY EDP 200 ML
GIVENCHY,GENTLEMAN SOCIETY EDP 100 ML,3274872448780,GVCP011241,,,,,,,,,,,GVCP00000027,GENTLEMAN SOCIETY EDP 100 ML
GIVENCHY,GENTLEMAN SOCIETY EDP 60 ML,3274872448773,GVCP011240,,,,,,,,,,,GVCP00000028,GENTLEMAN SOCIETY EDP 60 ML 
GIVENCHY,GENTLEMAN SOCIETY DEO SPRAY 150 ML,3274872450653,GVCP011244,3274872499355,GVCP000463,,,,,,,,,GVCP00000029,GENTLEMAN SOCIETY DEO. SPRAY 150 ML 
GIVENCHY,GENTLEMAN SOCIETY DEO STICK 75 ML,3274872450646,GVCP011243,,,,,,,,,,,GVCP00000030,GENTLEMAN SOCIETY DEO. STICK 75 ML 
GIVENCHY,GENTLEMAN SOCIETY AMBREE,,,,,,,,,,,,,,
GIVENCHY,GENTLEMAN SOCIETY AMBREE EDP 100 ML,3274872480810,GVCP000275,,,,,,,,,,,GVCP00000273,GENTLEMAN 25 SOCIETY AMBREE EDP 100 ML
GIVENCHY,GENTLEMAN SOCIETY AMBREE EDP 60 ML,3274872481688,GVCP000282,,,,,,,,,,,GVCP00000274,GENTLEMAN 25 SOCIETY AMBREE EDP 60 ML
GIVENCHY,GENTLEMAN SOCIETY SPORT ,,,,,,,,,,,,,,
GIVENCHY,GENTLEMAN SOCIETY SPORT 100 ML,3274872502598,GVCP090618,,,,,,,,,,,,
GIVENCHY,GENTLEMAN SOCIETY SPORT 60 ML,3274872502567,GVCP090617,,,,,,,,,,,,
GIVENCHY,GENTLEMAN BOISEE,,,,,,,,,,,,,,
GIVENCHY,GENTLEMAN EDP BOISEE 200 ML,3274872451698,GVCP011158,3274872501591,GVCP000499,3274872501591,GVCP000499,,,,,,,GVCP00000032,GENTLEMAN EDP BOISEE 200 ML 
GIVENCHY,GENTLEMAN EDP BOISEE 100 ML,3274872441057,GVCP011122,,,,,,,,,,,GVCP00000033,GENTLEMAN EDP BOISE 100 ML
GIVENCHY,GENTLEMAN EDP BOISEE 60 ML,3274872425002,GVCP011119,,,,,,,,,,,GVCP00000034,GENTLEMAN EDP BOISEE 60 ML 
GIVENCHY,GENTLEMEN RESERVE PRIVEE,,,,,,,,,,,,,,
GIVENCHY,GENTLEMAN EDP RESERVE PRIVEE 200 ML,3274872461642,GVCP000112,,,,,,,,,,,GVCP00000039,GENTLEMAN EDP RESERVE PRIVEE 200 ML 
GIVENCHY,GENTLEMAN EDP RESERVE PRIVEE 100 ML,3274872439078,GVCP011161,,,,,,,,,,,GVCP00000040,GENTLEMAN EDP RESERVE PRIVEE 100 ML 
GIVENCHY,GENTLEMAN EDP RESERVE PRIVEE 60 ML,3274872439061,GVCP011160,,,,,,,,,,,GVCP00000041,GENTLEMAN EDP RESERVE PRIVEE 60 ML 
GIVENCHY,PI,,,,,,,,,,,,,,
GIVENCHY,PI EDT 100 ML,3274872395503,GVCP022178,3274872495586,GVCP000439,,,,,,,,,GVCP00000043,PI EDT 100 ML
GIVENCHY,INSENSE ULTRAMARINE,,,,,,,,,,,,,,
GIVENCHY,ULTRAMARINE EDT VAPO 100 ML,3274872388956,GVCP014002,,,,,,,,,,,GVCP00000044,ULTRAMARINE EDT VAPO 100 ML
GIVENCHY,TANTINE ET CHOLOLAT,,,,,,,,,,,,,,
GIVENCHY,T&C 22 PTIMUSC EDT 100 ML,3274872440371,GVCP010017,,,,,,,,,,,,
GIVENCHY,T&C 22 PTIMUSC EDT 60 ML,3274872440364,GVCP010016,,,,,,,,,,,,
GIVENCHY,T&C 22 PTISENBON EDT 100 ML,3274872440517,GVCP010021,,,,,,,,,,,,
GIVENCHY,T&C 22 PTISENBON EDT 60 ML,3274872440500,GVCP010020,,,,,,,,,,,,
GIVENCHY,LA COLLECTION PARTICULIERE,,,,,,,,,,,,,,
GIVENCHY,LCP FANTASQUE EDPI 100 ML,3274872468634,GVCP000170,,,,,,,,,,,,
GIVENCHY,LCP FANTASQUE EDPI 200 ML,3274872468733,GVCP000171,,,,,,,,,,,,
GIVENCHY,LCP L'ENFANT TERRIBLE EDP 100 ML,3274872473980,GVCP000223,,,,,,,,,,,,
GIVENCHY,LCP DESOBEISSANT EDP 100 ML,3274872473997,GVCP000226,,,,,,,,,,,,
GIVENCHY,LCP ACCORD PARTICULIER EDP 50 ML,3274872474307,GVCP000231,,,,,,,,,,,,
GIVENCHY,LCP GARCON MANQUE EDP 50 ML,3274872474338,GVCP000234,,,,,,,,,,,,
GIVENCHY,LCP TAPAGEUR EDP 100 ML,3274872474406,GVCP000239,,,,,,,,,,,,
GIVENCHY,LCP COEUR FOU EDP 100 ML,3274872455429,GVCP031105,,,,,,,,,,,,
GIVENCHY,LCP TEMERAIRE EDP 100 ML,3274872455474,GVCP031109,,,,,,,,,,,,
GIVENCHY,LCP ACCORD PARTICULIER EDP 100 ML,3274872453333,GVCP031225,,,,,,,,,,,,
GIVENCHY,LCP TROUBLE FETE EDP 100 ML,3274872453340,GVCP031226,,,,,,,,,,,,
GIVENCHY,LCP DESINVOLTE EDP 100 ML,3274872453371,GVCP031229,,,,,,,,,,,,
GIVENCHY,LCP GARCON MANQUE EDP 100 ML,3274872453401,GVCP031232,,,,,,,,,,,,
GIVENCHY,LCP ENFLAMME EDP 100 ML,3274872453418,GVCP031233,,,,,,,,,,,,
GIVENCHY,LCP FOUDROYANT EDP INT 100 ML,3274872453425,GVCP031234,,,,,,,,,,,,
GIVENCHY,LCP NOCTAMBULE EDP INT 100 ML,3274872453432,GVCP031237,,,,,,,,,,,,
GIVENCHY,LCP ACCORD PARTICULIER EDP 200 ML,3274872453463,GVCP031240,,,,,,,,,,,,
GIVENCHY,LCP TROUBLE FETE EDP 200 ML,3274872453470,GVCP031241,,,,,,,,,,,,
GIVENCHY,LCP GARCON MANQUE EDP 200 ML,3274872453487,GVCP031242,,,,,,,,,,,,
GIVENCHY,LCP ENFLAMME EDP 200 ML,3274872453494,GVCP031243,,,,,,,,,,,,
GIVENCHY,LCP FOUDROYANT EDP INT 200 ML,3274872453500,GVCP031244,,,,,,,,,,,,
GIVENCHY,LCP NOCTAMBULE EDP INT 200 ML,3274872453517,GVCP031245,,,,,,,,,,,,
GIVENCHY,LCP AVENUE GEORGE V EDP 100 ML,3274872500495,GVCP000484,,,,,,,,,,,,
GIVENCHY,LCP OISEAU RARE EDP 100 ML,3274872453364,GVCP031228,,,,,,,,,,,,
GIVENCHY,LCP INSEPARABLES EDP 100 ML,3274872504141,GVCP090627,,,,,,,,,,,,
GIVENCHY,KOFRE - ONE SHOT,,,,,,,,,,,,,,
GIVENCHY,"L'INTERDIT 26 EDP CONCRETE 2,7G",3274872505537,GVCP090652,,,,,,,,,,,,
GIVENCHY,"IRR CONCRETE 26 EDP 2,7G EDL R1",3274872503502,GVCP090623,,,,,,,,,,,,
GIVENCHY,"INT EDP 80ML+LR SATIN 2,7G N111 MD 26",3274872512337,GVCP183641,,,,,,,,,,,,
GIVENCHY,"INT EDPR 80ML+LAIT75ML+TS12,5ML MD 26",3274872512023,GVCP183623,,,,,,,,,,,,
GIVENCHY,"INT EDP 50ML+TS12,5ML+MINI MASC MD 26",3274872512030,GVCP183624,,,,,,,,,,,,
GIVENCHY,"IRR EDP 80ML+LAIT75ML+TS12,5ML MD 26",3274872512054,GVCP183626,,,,,,,,,,,,
GIVENCHY,"GS EDP 100ML+ GD75ML+ TS 12,5ML FD 26",3274872512092,GVCP183630,,,,,,,,,,,,
GIVENCHY,"GG EDPB 100ML+ GD 75ML+ TS 12,5ML FD 26",3274872512290,GVCP183637,,,,,,,,,,,,
GIVENCHY,"GG EDPRP 100ML+ GD 75ML+TS 12,5ML FD 26",3274872511989,GVCP183619,,,,,,,,,,,,
GIVENCHY,INT26 EDP50ML+L'INTERDIT MASC 8G XMAS - SEPHORA EXC,,GVCP183649,,,,,,,,,,,,
GIVENCHY,"IRR26 EDP80ML+BL75ML+ TS 12,5ML XMAS",,GVCP183658,,,,,,,,,,,,
GIVENCHY,"LINT26EDP80ML+L'INT MASC8G+TS12,5MLXMAS",,GVCP183660,,,,,,,,,,,,
GIVENCHY,"LINT26 EDPR50ML+TS12,5ML+MINI NEWMASXMAS",,GVCP183662,,,,,,,,,,,,
GIVENCHY,L'INTERDIT26 MASC 8G+MINI RAL P227 XMAS - SEPHORA EXC,,GVCP183667,,,,,,,,,,,,
GIVENCHY,"GG 26 SOCIETY 100ML+GD75ML+TS12,5ML XMAS",,GVCP183668,,,,,,,,,,,,
GIVENCHY,"GG RP26 100ML+GD75ML+TS12,5ML NOEL",,GVCP187121,,,,,,,,,,,,
RABANNE,DELIST,,,,,,,,,,,,,,
GIVENCHY,GENTLEMAN PH BL EDT SPRAY 100 ML,3274872482326,GVCP000292,,,,,,,,,,,,
GIVENCHY,IRRESISTIBLE NUDE EDP 80 ML,3274872479753,GVCP000269,,,,,,,,,,, GVCP00000270, IRRESISTIBLE 25 EDP NUDE 80 ML
GIVENCHY,IRRESISTIBLE NUDE EDP 50 ML,3274872479746,GVCP000268,,,,,,,,,,, GVCP00000271, IRRESISTIBLE 25 EDP NUDE 50 ML
GIVENCHY,LCP DESINVOLTE 200 ML,3274872473935,GVCP000221,,,,,,,,,,,,
GIVENCHY,LCP SANS MERCI EDP 100 ML,3274872453395,GVCP031231,,,,,,,,,,,,
GIVENCHY,LCP EQUIVOQUE EDP INT 100 ML,3274872453449,GVCP031238,,,,,,,,,,,,
GIVENCHY,LCP EQUIVOQUE EDP INT 200 ML,3274872453524,GVCP031246,,,,,,,,,,,,
GIVENCHY,LCP FAUX SEMBLANT EDP INT 200 ML,3274872453531,GVCP031247,,,,,,,,,,,,
DOLCE & GABBANA,DOLCE & GABBANA PARFÜM,,,,,,,,,,,,,,
DOLCE & GABBANA,THE ONE EDP,,,,,,,,,,,,,,
DOLCE & GABBANA,THE ONE EDP 75 ML,8057971180493,DGI30210050000,3423473021001,DGB30210050000,737052020792,DGB82455425,,,,,,,DGB000000001,DG THE ONE EDP 75 ML
DOLCE & GABBANA,THE ONE EDP 50 ML,8057971180486,DGI30209950000,3423473020998,DGB30209950000,737052020808,DGB82448534,,,,,,,DGB000000002,DG THE ONE EDP 50 ML
DOLCE & GABBANA,THE ONE EDP INTENSE,,,,,,,,,,,,,,
DOLCE & GABBANA,THE ONE EDP INTENSE 75 ML,8056669925941,DGIP1TO1S01,,,,,,,,,,,,
DOLCE & GABBANA,THE ONE EDP INTENSE 50 ML,8056669925934,DGIP1TO1L04,,,,,,,,,,,,
DOLCE & GABBANA,THE ONLY ONE EDP,,,,,,,,,,,,,,
DOLCE & GABBANA,THE ONLY ONE EDP 100 ML,8057971184910,DGI84526500000,3423478452657,DGB84526500000,,,,,,,,,DGB000000238,DG TO THE ONLY ONE EDP 100 ML
DOLCE & GABBANA,THE ONLY ONE EDP 50 ML,8057971184903,DGI84525500000,3423478452558,DGB84525500000,,,,,,,,,DGB000000239,DG TO THE ONLY ONE EDP 50 ML
DOLCE & GABBANA,THE ONLY ONE EDP INTENSE,,,,,,,,,,,,,,
DOLCE & GABBANA,THE ONLY ONE 3 INTENSE EDP 100 ML,8057971185689,DGI89663500999,3423478966352,DGB89663500000,8057971186655,DGI89663500000,,,,,,,DGB000000243,THE ONLY ONE 3 INTENSE EDP 100 ML
DOLCE & GABBANA,THE ONLY ONE 3 INTENSE EDP 50 ML,8057971185702,DGI89664500999,3423478966451,DGB89664500000,8057971186679,DGI89664500000,,,,,,,DGB000000244,THE ONLY ONE 3 INTENSE EDP 50 ML
DOLCE & GABBANA,THE ONE GOLD EDP,,,,,,,,,,,,,,
DOLCE & GABBANA,THE ONE GOLD EDP INTENSE 75 ML,8057971188680,DGIP1TO1S00,3423222015763,DGB30700684101,,,,,,,,,DGB000000220,THE ONE GOLD EDP 75 ML
DOLCE & GABBANA,THE ONE GOLD EDP INTENSE 50 ML ,8057971188673,DGIP1TO1L00,3423222015787,DGB30700686101,,,,,,,,,DGB000000221,THE ONE GOLD EDP 50 ML 
DOLCE & GABBANA,THE ONE FOR MEN EDT,,,,,,,,,,,,,,
DOLCE & GABBANA,THE ONE FOR MEN EDT 150 ML,8057971180516,DGI30212150000,,,,,,,,,,,DGB000001020,DG THE ONE FOR MEN EDT 150 ML
DOLCE & GABBANA,THE ONE FOR MEN EDT 100 ML,8057971180509,DGI30212050000,737052036649,DGB82448576,3423473021209,DGB30212050000,,,,,,,DGB000000003,DG THE ONE FOR MEN EDT 100 ML
DOLCE & GABBANA,THE ONE FOR MEN EDT 50 ML,8057971180530,DGI30212350000,737052036632,DGB82448575,3423473021230,DGB30212350000,,,,,,,DGB000000004,DG THE ONE FOR MEN EDT 50 ML
DOLCE & GABBANA,THE ONE FOR MEN EDP,,,,,,,,,,,,,,
DOLCE & GABBANA,THE ONE FOR MEN EDP 100 ML NEW,8056669925859,DGIP1TO1C00,,,,,,,,,,,,
DOLCE & GABBANA,THE ONE FOR MEN EDP 50 ML NEW,8056669925873,DGIP1TO1L02,,,,,,,,,,,,
DOLCE & GABBANA,THE ONE FOR MEN EDP 100 ML,8057971180547,DGI30213650000,3423473021360,DGB30213650000,737052945736,DGB82452015,,,,,,,DGB000000005,DG THE ONE FOR MEN EDP 100 ML
DOLCE & GABBANA,THE ONE FOR MEN EDP 50 ML,8057971180561,DGI30213850000,3423473021384,DGB30213850000,737052945699,DGB82452014,,,,,,,DGB000000006,DG THE ONE FOR MEN EDP 50 ML
DOLCE & GABBANA,THE ONE FOR MEN EDP INTENSE,,,,,,,,,,,,,,
DOLCE & GABBANA,THE ONE FOR MEN EDP INTENSE 100 ML,8056669925897,DGIP1TO1C02,,,,,,,,,,,,
DOLCE & GABBANA,THE ONE FOR MEN EDP INTENSE 50 ML,8056669925903,DGIP1TO1L03,,,,,,,,,,,,
DOLCE & GABBANA,THE ONE FOR MEN GOLD EDP,,,,,,,,,,,,,,
DOLCE & GABBANA,THE ONE FOR MEN GOLD EDP 100 ML,8057971188727,DGIP1TO1C01,3423222026004,DGB30701120101,,,,,,,,,DGB000000222,THE ONE FOR MEN GOLD EDP 100 ML
DOLCE & GABBANA,THE ONE FOR MEN GOLD EDP 50 ML,8057971188710,DGIP1TO1L01,3423222026028,DGB30701122101,,,,,,,,,DGB000000223,THE ONE FOR MEN GOLD EDP 50 ML
DOLCE & GABBANA,LIGHT BLUE EDT,,,,,,,,,,,,,,
DOLCE & GABBANA,LIGHT BLUE EDT 100 ML,8057971188192,DGIP1LB1C02,8057971180318,DGI30202350000,3423473020233,DGB30202350000,,DGB30202350102,737052074320,DGB82431423,,,DGB000000008,DG LIGHT BLUE EDT 100 ML
DOLCE & GABBANA,LIGHT BLUE EDT 50 ML,8057971188185,DGIP1LB1L01,8057971180349,DGI30202650000,737052074313,DGB82431422,3423473020264,DGB30202650000,,DGB30202650102,,DGI30202650102,DGB000000009,DG LIGHT BLUE EDT 50 ML
DOLCE & GABBANA,LIGHT BLUE EDT NEW FORMAT 30 ML,8058806852028,DGIP1LB1T02,,,,,,,,,,,,
DOLCE & GABBANA,LIGHT BLUE EDP,,,,,,,,,,,,,,
DOLCE & GABBANA,LIGHT BLUE EDP 100 ML,8056669925781,DGIP1LB1C07,,,,,,,,,,,,
DOLCE & GABBANA,LIGHT BLUE EDP 50 ML,8056669925774,DGIP1LB1L08,,,,,,,,,,,,
DOLCE & GABBANA,LIGHT BLUE CAPRI,,,,,,,,,,,,,,
DOLCE & GABBANA,LIGHT BLUE CAPRI IN LOVE FEMALE EDP 100 ML,8054754407235,DGIP1LB1C05,,,,,,,,,,,DGB000001033,LIGHT BLUE CAPRI IN LOVE FEMALE EDP 100 ML
DOLCE & GABBANA,LIGHT BLUE CAPRI IN LOVE FEMALE EDP 50 ML,8054754407242,DGIP1LB1L05,,,,,,,,,,,DGB000001034,LIGHT BLUE CAPRI IN LOVE FEMALE EDP 50 ML
DOLCE & GABBANA,LIGHT BLUE POUR HOMME EDT,,,,,,,,,,,,,,
DOLCE & GABBANA,LIGHT BLUE POUR HOMME EDT 125 ML,8057971180370,DGI30205150000,737052079080,DGB82446862,3423473020516,DGB30205150000,,DGB30205150103,,,,,DGB000000013,DG LIGHT BLUE POUR HOMME EDT 125 ML
DOLCE & GABBANA,LIGHT BLUE POUR HOMME EDT 75 ML,8057971180363,DGI30205050000,737052079097,DGB82446863,3423473020509,DGB30205050000,,DGB30205050103,,DGI30205050103,,,DGB000000014,DG LIGHT BLUE POUR HOMME EDT 75 ML
DOLCE & GABBANA,LIGHT BLUE POUR HOMME EDT,,,,,,,,,,,,,,
DOLCE & GABBANA,LIGHT BLUE POUR HOMME EDT 100 ML,8057971188116,DGIP1LB1C01,,,,,,,,,,,,
DOLCE & GABBANA,LIGHT BLUE POUR HOMME EDT 50 ML,8057971188109,DGIP1LB1L00,,,,,,,,,,,,
DOLCE & GABBANA,NEW LIGHT BLUE POUR HOMME EDP,,,,,,,,,,,,,,
DOLCE & GABBANA,LIGHT BLUE POUR HOMME EDP 100 ML,8056669925705,DGIP1LB1C06,,,,,,,,,,,,
DOLCE & GABBANA,LIGHT BLUE POUR HOMME EDP 50 ML,8056669925699,DGIP1LB1L07,,,,,,,,,,,,
DOLCE & GABBANA,LIGHT BLUE POUR HOMME CAPRI,,,,,,,,,,,,,,
DOLCE & GABBANA,LIGHT BLUE POUR HOMME CAPRI IN LOVE MALE EDP 100 ML,8054754407280,DGIP1LB1C04,,,,,,,,,,,DGB000001035,LBPH CAPRI IN LOVE MALE EDP 100 ML
DOLCE & GABBANA,LIGHT BLUE POUR HOMME CAPRI IN LOVE MALE EDP 50 ML,8054754407297,DGIP1LB1L04,,,,,,,,,,,DGB000001036,LBPH CAPRI IN LOVE MALE EDP 50 ML
DOLCE & GABBANA,DOLCE EDP,,,,,,,,,,,,,,
DOLCE & GABBANA,DOLCE EDP 75 ML,8057971180295,DGI30200450000,3423473020042,DGB30200450000,737052884172,DGB82448401,737052746937,DGB82440678,,,,,DGB000000018,DG DOLCE EDP 75 ML
DOLCE & GABBANA,DOLCE EDP 50 ML,8057971186921,DGI40300210000,737052746890,DGB82440677,3423473020035,DGB30200350000,,,,,,,DGB000000019,DG DOLCE EDP 50 ML
DOLCE & GABBANA,DOLCE VIOLET EDT 75 ML,8057971183807,DGI40310310000,,,,,,,,,,,DGB000001027,DOLCE VIOLET EDT 75 ML
DOLCE & GABBANA,DOLCE VIOLET EDT 50 ML,8057971183791,DGI40310210000,,,,,,,,,,,DGB000001028,DOLCE VIOLET EDT 50 ML
DOLCE & GABBANA,DOLCE BLUE JASMINE EDP 75 ML,8057971188000,DGIP1DO1S00,,,,,,,,,,,DGB000001029,DOLCE BLUE JASMINE EDP 75 ML
DOLCE & GABBANA,DOLCE BLUE JASMINE EDP 50 ML,8057971187997,DGIP1DO1L00,,,,,,,,,,,DGB000001030,DOLCE BLUE JASMINE EDP 50 ML
DOLCE & GABBANA,DOLCE MAGNOLIA EDP 75 ML,8056669927396,DGIP1DO1S01,,,,,,,,,,,,
DOLCE & GABBANA,DOLCE MAGNOLIA EDP 50 ML,8056669927389,DGIP1DO1L01,,,,,,,,,,,,
DOLCE & GABBANA,POUR FEMME EDP,,,,,,,,,,,,,,
DOLCE & GABBANA,POUR FEMME EDP 100 ML,8057971180400,DGI30206350000,3423473020639,DGB30206350102,737052598079,DGB82455761,,DGB30206350000,,,,,DGB000000020,DG POUR FEMME EDP 100 ML
DOLCE & GABBANA,POUR FEMME ORIGINAL,,,,,,,,,,,,,,
DOLCE & GABBANA,PARFUM ORIGINAL EDT 100ML,8057971180394,DGI30206250000,,,,,,,,,,,,
DOLCE & GABBANA,POUR HOMME EDT,,,,,,,,,,,,,,
DOLCE & GABBANA,POUR HOMME EDT 125 ML,8057971180424,DGI30207750000,3423473020776,DGB30207750102,737052074450,DGB82446878,,DGB30207750000,,,,,DGB000000024,DG POUR HOMME EDT 125 ML
DOLCE & GABBANA,POUR HOMME EDT 75 ML,8057971180431,DGI30207850000,3423473020783,DGI30207850102,DGB30207850102,,,DGB82455842,737052074443,DGB30207850000,,,DGB000000025,DG POUR HOMME EDT 75 ML
DOLCE & GABBANA,DOLCE POUR HOMME INTENSO EDP,,,,,,,,,,,,,,
DOLCE & GABBANA,POUR HOMME INTENSO EDP 125 ML,8057971180448,DGI30208250000,3423473020820,DGB30208250000,737052783451,DGB82455812,,DGB30208250102,,,,,DGB000000027,DG POUR HOMME INTENSO EDP 125 ML
DOLCE & GABBANA,POUR HOMME INTENSO EDP 75 ML,8057971180455,DGI30208450000,737052783574,DGB82455815,3423473020844,DGB30208450102,,DGB30208450000,,,,,DGB000000028,DG POUR HOMME INTENSO EDP 75 ML
DOLCE & GABBANA,K BY DOLCE&GABBANA EDT,,,,,,,,,,,,,,
DOLCE & GABBANA,K BY DOLCE&GABBANA EDT 200 ML,8057971183913,DGI40500420000,,,,,,,,,,,DGB000000973,K BY DOLCE&GABBANA EDT 200 ML
DOLCE & GABBANA,K BY DOLCE&GABBANA EDT 100 ML,8057971181544,DGI30494500000,,,3423473049456,DGB30494500000,,,,,,,DGB000000246,K BY DOLCE&GABBANA EDT 100 ML
DOLCE & GABBANA,K BY DOLCE&GABBANA EDT 50 ML,8057971181483,DGI30428500000,,,3423473042853,DGB30428500000,,,,,,,DGB000000247,K BY DOLCE&GABBANA EDT 50 ML
DOLCE & GABBANA,K BY DOLCE&GABBANA AFTER SHAVE LOTION 100 ML,8057971181520,DGI30471500000,3423473047155,DGB30471500000,,,,,,,,,DGB000000250,K BY DOLCE&GABBANA AFTER SHAVE LOTION 100 ML
DOLCE & GABBANA,K BY DOLCE&GABBANA EDP,,,,,,,,,,,,,,
DOLCE & GABBANA,K BY DOLCE&GABBANA EDP 200 ML,8057971183937,DGI40510410000,,,,,,,,,,,DGB000000975,K BY DOLCE&GABBANA EDP 200 ML
DOLCE & GABBANA,K BY DOLCE&GABBANA EDP 100 ML,8054754403282,DGIP1KQ1C02,8057971183128,DGI31012500000,3423473101253,DGB31012500000,,,,,,,DGB000000253,K BY DOLCE&GABBANA EDP 100 ML
DOLCE & GABBANA,K BY DOLCE&GABBANA EDP 50 ML,8054754403305,DGIP1KQ1L02,8057971183111,DGI31011500000,3423473101154,DGB31011500000,,,,,,,DGB000000254,K BY DOLCE&GABBANA EDP 50 ML
DOLCE & GABBANA,K BY DOLCE&GABBANA EDP INTENSE,,,,,,,,,,,,,,
DOLCE & GABBANA,K BY DOLCE&GABBANA EDP INTENSE 100 ML,8057971187911,DGIP1KQ1C01,,,,,,,,,,,DGB000001021,K BY DOLCE&GABBANA EDP INTENSE 100 ML
DOLCE & GABBANA,K BY DOLCE&GABBANA EDP INTENSE 50 ML,8057971187904,DGIP1KQ1L01,,,,,,,,,,,DGB000001022,K BY DOLCE&GABBANA EDP INTENSE 50 ML
DOLCE & GABBANA,K BY PARFUM,,,,,,,,,,,,,,
DOLCE & GABBANA,K BY PARFUM 100 ML,8054754405095,DGIP1KQ1C05,,,,,,,,,,,DGB000001038,K BY PARFUM 100 ML
DOLCE & GABBANA,K BY PARFUM 50 ML,8054754405088,DGIP1KQ1L06,,,,,,,,,,,DGB000001039,K BY PARFUM 50 ML
DOLCE & GABBANA,K ELIXIR,,,,,,,,,,,,,,
DOLCE & GABBANA,K ELIXIR 50 ML,8056669925378,DGIP1KQ1L09,,,,,,,,,,,,
DOLCE & GABBANA,Q BY DOLCE&GABBANA EDP,,,,,,,,,,,,,,
DOLCE & GABBANA,Q BY DOLCE&GABBANA EDP 100 ML,8057971183661,DGI40100310000,,,,,,,,,,,DGB000000931,Q BY DOLCE&GABBANA EDP 100 ML
DOLCE & GABBANA,Q BY DOLCE&GABBANA EDP 50 ML,8057971183654,DGI40100210000,,,,,,,,,,,DGB000000932,Q BY DOLCE&GABBANA EDP 50 ML
DOLCE & GABBANA,Q BY DOLCE&GABBANA EDP INTENSE,,,,,,,,,,,,,,
DOLCE & GABBANA,Q BY DOLCE&GABBANA EDP INTENSE 100 ML,8057971187829,DGIP1KQ1C00,,,,,,,,,,,DGB000001023,Q BY DOLCE&GABBANA EDP INTENSE 100 ML
DOLCE & GABBANA,Q BY DOLCE&GABBANA EDP INTENSE 50 ML,8057971187843,DGIP1KQ1L00,,,,,,,,,,,DGB000001024,Q BY DOLCE&GABBANA EDP INTENSE 50 ML
DOLCE & GABBANA,Q BY PARFUM,,,,,,,,,,,,,,
DOLCE & GABBANA,Q BY DOLCE&GABBANA PARFUM 100 ML ,8054754405057,DGIP1KQ1C04,,,,,,,,,,,DGB000001040,Q BY DOLCE&GABBANA PARFUM 100 ML 
DOLCE & GABBANA,Q BY DOLCE&GABBANA PARFUM 50 ML ,8054754405040,DGIP1KQ1L05,,,,,,,,,,,DGB000001041,Q BY DOLCE&GABBANA PARFUM 50 ML 
DOLCE & GABBANA,Q ELIXIR,,,,,,,,,,,,,,
DOLCE & GABBANA,Q ELIXIR 50 ML,8056669925408,DGIP1KQ1L10,,,,,,,,,,,,
DOLCE & GABBANA,DEVOTION,,,,,,,,,,,,,,
DOLCE & GABBANA,DEVOTION EDP 100 ML,8057971183739,DGI40200310000,,,,,,,,,,,DGB000000976,DEVOTION EDP 100 ML
DOLCE & GABBANA,DEVOTION EDP 50 ML,8057971183722,DGI40200210000,,,,,,,,,,,DGB000000977,DEVOTION EDP 50 ML
DOLCE & GABBANA,DEVOTION EDP 20 ML,8057971188345,DGIP1DV1K00,,,,,,,,,,,DGB000001042,DEVOTION EDP 20 ML
DOLCE & GABBANA,DEVOTION BODY CREAM 180 ML,8054754404333,DGIP1DV1000,,,,,,,,,,,DGB000001043,BODY CREAM DEVOTION 180 ML
DOLCE & GABBANA,DEVOTION INTENSE,,,,,,,,,,,,,,
DOLCE & GABBANA,DEVOTION EDP INTENSE 100 ML,8057971188291,DGIP1DV1C00,,,,,,,,,,,DGB000001031,DEVOTION EDPI INTENSE 100 ML
DOLCE & GABBANA,DEVOTION EDP INTENSE 50 ML,8057971188284,DGIP1DV1L00,,,,,,,,,,,DGB000001032,DEVOTION EDPI INTENSE 50 ML
DOLCE & GABBANA,DEVOTION MALE,,,,,,,,,,,,,,
DOLCE & GABBANA,DEVOTION MALE EDP 100 ML,8054754401059,DGIP1DV1C02,,,,,,,,,,,DGB000001044,DEVOTION MALE EDP 100 ML
DOLCE & GABBANA,DEVOTION MALE EDP 50 ML,8054754404739,DGIP1DV1L01,,,,,,,,,,,DGB000001045,DEVOTION MALE EDP 50 ML
DOLCE & GABBANA,DEVOTION MALE PARFUM,,,,,,,,,,,,,,
DOLCE & GABBANA,DEVOTION MALE PARFUM 200 ML,8056669927105,DGIP1DV1F01,,,,,,,,,,,,
DOLCE & GABBANA,DEVOTION MALE PARFUM 100 ML,8054754403138,DGIP1DV1C03,,,,,,,,,,,DGB000001046,DEVOTION MALE EDP INTENSE 100 ML
DOLCE & GABBANA,DEVOTION MALE PARFUM 50 ML,8054754403145,DGIP1DV1L04,,,,,,,,,,,DGB000001047,DEVOTION MALE EDP INTENSE 50 ML
DOLCE & GABBANA,YOUR DEVOTION,,,,,,,,,,,,,,
DOLCE & GABBANA,YOUR DEVOTION EDPI 100 ML,8058806850628,DGIP1DV1C04,,,,,,,,,,,,
DOLCE & GABBANA,YOUR DEVOTION EDPI 50 ML,8058806850635,DGIP1DV1L05,,,,,,,,,,,,
DOLCE & GABBANA,YOUR DEVOTION EDPI 30 ML,8058806852011,DGIP1DV1T02,,,,,,,,,,,,
DOLCE & GABBANA,MY DEVOTION,,,,,,,,,,,,,,
DOLCE & GABBANA,MY DEVOTION EDPI 100 ML,8056669927136,DGIP1DV1C01,,,,,,,,,,,,
DOLCE & GABBANA,MY DEVOTION EDPI 50 ML,8056669927129,DGIP1DV1L02,,,,,,,,,,,,
DOLCE & GABBANA,MY DEVOTION EDPI 20 ML,8058806851755,DGIP1DV1K03,,,,,,,,,,,,
DOLCE & GABBANA,KOFRE - ONE SHOT,,,,,,,,,,,,,,
DOLCE & GABBANA,SPRING26 DEVOTION EDP100ML+SG50ML+BL50ML,8056669924029,DGIP1DV2C19,,,,,,,,,,,,
DOLCE & GABBANA,SPRING26 DEVOTION EDPI 100ML+EDPI 10ML,8056669924043,DGIP1DV2C21,,,,,,,,,,,,
DOLCE & GABBANA,SPRING26 Q EDPI 100ML+Q EDPI 10ML,8056669924074,DGIP1KQ2C32,,,,,,,,,,,,
DOLCE & GABBANA,SPRING26 NEWLB EDT 100ML+BL50ML+EDT 10ML,8056669923992,DGIP1LB2C14,,,,,,,,,,,,
DOLCE & GABBANA,SPRING26 NEW TO EDPI 75ML +NEW  EDP 10ML,8056669924241,DGIP1TO2S12,,,,,,,,,,,,
DOLCE & GABBANA,SPRING26 NEW TO EDPI 75ML +NEW  EDPI 10ML,8056669924142,DGIP1TO2S11,,,,,,,,,,,,
DOLCE & GABBANA,SPRING26 DEVMALE EDPI 100ML+TS EDPI 10ML,8056669925095,DGIP1DV2C24,,,,,,,,,,,,
DOLCE & GABBANA,SPRING26 K EDP 100ML+SG 50ML+DEO 75ML,8056669924050,DGIP1KQ2C30,,,,,,,,,,,,
DOLCE & GABBANA,SPRING26 K EDPI 100ML+K EDPI 10ML,8056669924067,DGIP1KQ2C31,,,,,,,,,,,,
DOLCE & GABBANA,SPRING26 NEWTOPH EDP100ML+SG50ML+EDP10ML,8056669924012,DGIP1TO2C16,,,,,,,,,,,,
DOLCE & GABBANA,SPRING26 NEWTOPH EDPI 100ML+TOPH EDP10ML,8056669924258,DGIP1TO2C17,,,,,,,,,,,,
RABANNE,DELIST,,,,,,,,,,,,,,
DOLCE & GABBANA,XMAS25 LB EDT 100ML+EDT 10ML+EDT 10ML,,DGIP1LB2C09,,,,,,,,,,,,
DOLCE & GABBANA,XMAS25 LIP SCRUB+LIP OIL+POUCH,8056669922476,DGIP4LB2000,,,,,,,,,,,,
DOLCE & GABBANA,K BY DOLCE&GABBANA SHOWER GEL 200 ML,8057971181490,DGI30434500000,,,,,,,,,,,,
DOLCE & GABBANA,PWP LB BODY LOTION 25ML,8058806851984,DGIP1LB8V00,,,,,,,,,,,,
GIVENCHY,GENTLEMAN SOCIETY EXTREME EDP 200 ML,3274872480407,GVCP000272,,,,,,,,,,,,
DIOR,CİLT BAKIMI,,,,,,,,,,,,,,
DIOR,D-LINE ,,,,,,,,,,,,,,
DIOR,DLINE BIPHASE D-MAQ BTL 125ML INT26,3348901784955,E000000862,,,,,,,,,,,,
DIOR,DLINE HUILE D-MAQ P/BTL 175ML INT26,3348901784948,E000000861,,,,,,,,,,,,
DIOR,DLINE EAU MICELLAIRE D-MAQ BTL 175ML INT26,3348901784931,E000000860,,,,,,,,,,,,
DIOR,DLINE LE BAUME W HOLDER LED BTL 50ML 25,3348901756396,E000000245,,,,,,,,,,,DIOR00003454,DLINE LE BAUME W HOLDER LED BTL 50ML 25
DIOR,DLINE LE BAUME LED BTL 50ML INT25,3348901756389,E000000244,,,,,,,,,,,DIOR00003455,DLINE LE BAUME LED BTL 50ML INT25
DIOR,DLINE MOUSSE OFFON TB 150ML INT25,3348901761284,E000000428,,,,,,,,,,,DIOR00003456,DLINE MOUSSE OFFON TB 150ML INT25
DIOR,DLINE EYEPATCH SACH X5 25,3348901755085,E000000219,,,,,,,,,,,DIOR00003457,DLINE EYEPATCH SACH X5 25
DIOR,LE BAUME LIMITED ED BTL 50ML INT24,3348901721516,C099700979,,,,,,,,,,,DIOR00002812,LE BAUME LIMITED ED BTL 50ML INT24
DIOR,LE BAUME BTL 50ML INT23,3348901652520,C099700374,,,,,,,,,,,DIOR00002786,LE BAUME BTL 50 ML
DIOR,CAPTURE TOTALE,,,,,,,,,,,,,,
DIOR,DCAPT CREME RITUAL CARE INT26,3348901795777,E100000071,,,,,,,,,,,,
DIOR,DCAPT DAY NIGHT RITUAL CARE INT26,3348901795739,E100000067,,,,,,,,,,,,
DIOR,DCAPT SERUM RITUAL CARE INT26,3348901795722,E100000066,,,,,,,,,,,,
DIOR,DCAPT RICH CREME JAR 50ML INT26,3348901665469,C099700476,,,,,,,,,,,,
DIOR,DCAPT NIGHT CREME JAR 50ML INT26,3348901750363,E000000184,,,,,,,,,,,,
DIOR,DCAPT SOFT CREME JAR 50ML INT26,3348901781015,E000000845,,,,,,,,,,,,
DIOR,C/TOT HYALUSHOT CONC TB 15ML INT24,3348901646086,C099700300,,,,,,,,,,,DIOR00002803,C/TOT HYALUSHOT CONC TB 15ML INT24
DIOR,C/TOT ESSENCE LOTION BTL 150ML INT22,3348901581035,C099600790,,,,,,,,,,,DIOR00000161,C/TOT ESSENCE LOTION BTL 150ML INT22
DIOR,DIOR CAPTURE CARE CREME JAR 50ML INT25,3348901660129,C099700369,,,,,,,,,,,DIOR00003056,DIOR CAPTURE CARE CREME JAR 50ML INT25
DIOR,CTOT RETISHOT TUBE CONC 20ML INT24,3348901724388,C099800039,,,,,,,,,,,DIOR00003057,CTOT RETISHOT TUBE CONC 20ML INT24
DIOR,DIOR CAPTURE SERUM PBTL 30ML INT25,3348901732291,C099800206,,,,,,,,,,,DIOR00003058,DIOR CAPTURE SERUM PBTL 30ML INT25
DIOR,DIOR CAPTURE SERUM PBTL 50ML INT25,3348901732307,C099800207,,,,,,,,,,,DIOR00003059,DIOR CAPTURE SERUM PBTL 50ML INT25
DIOR,DIOR CAPTURE SERUM PBTL 75ML INT25,3348901732314,C099800208,,,,,,,,,,,DIOR00003458,DIOR CAPTURE SERUM PBTL 75ML INT25
DIOR,DCAPT PRO-COLLAGEN SHOT TB 15ML INT25,3348901770736,E000000593,,,,,,,,,,,,
DIOR,DCAPT CR YX POT 15ML INT25,3348901762809,E000000445,,,,,,,,,,,,
DIOR,DIOR SOLAR,,,,,,,,,,,,,,
DIOR,BODY SELF TAN GES TB 150ML INT25,3348901712552,C099700971,,,,,,,,,,,DIOR00003459,BODY SELF TAN GES TB 150ML INT25
DIOR,SOL PROT BODY CR SPF50 TB 150ML INT24,3348901716833,C099700976,,,,,,,,,,,DIOR00002804,SOL PROT BODY CR SPF50 TB 150ML INT24
DIOR,THE AFTER SUN BALM TB 150ML INT23,3348901643108,C099700265,,,,,,,,,,,DIOR00002506,THE AFTER SUN BALM TB 150ML INT23
DIOR,THE PROTECTIVE CREME SPF50 P/BTL 50ML INT23,3348901642781,C099700260,,,,,,,,,,,DIOR00002507,THE PROTECTIVE CREME SPF50 P/BTL 50ML INT23
DIOR,THE PROTECTIVE MILK SPF30 BRUME SPR 125ML INT23,3348901642828,C099700263,,,,,,,,,,,DIOR00002508,THE PROTECTIVE MILK SPF30 BRUME SPR 125ML INT23
DIOR,THE PROTECTIVE OIL SPF15 BRUME SPR 125ML INT23,3348901642804,C099700262,,,,,,,,,,,DIOR00002509,THE PROTECTIVE OIL SPF15 BRUME SPR 125ML INT23
DIOR,THE SUBLIMATING OIL BTL 125ML INT23,3348901642873,C099700258,,,,,,,,,,,DIOR00002511,THE SUBLIMATING OIL BTL 125ML INT23
DIOR,DIOR SNOW,,,,,,,,,,,,,,
DIOR,SNOW ESS OF LIGHT SR BTL 50ML INT24,3348901666046,C099700454,,,,,,,,,,,DIOR00002805,SNOW ESS OF LIGHT SR BTL 50ML INT24
DIOR,SNOW ESS OF LIGHT SR BTL 30ML INT24,3348901666039,C099700453,,,,,,,,,,,DIOR00002806,SNOW ESS OF LIGHT SR BTL 30ML INT24
DIOR,SNOW ULTIM TONE UP SP50 TB 30ML INT24,3348901666053,C099700455,,,,,,,,,,,DIOR00002807,SNOW ULTIM TONE UP SP50 TB 30ML INT24
DIOR,SNOW ULTIM UV SHIELD SP50 TB 30ML INT24,3348901666060,C099700456,,,,,,,,,,,DIOR00002808,SNOW ULTIM UV SHIELD SP50 TB 30ML INT24
DIOR,SNOW PURIFYING FOAM TB 100G INT21,3348901572392,C099600777,,,,,,,,,,,DIOR00002491,SNOW PURIFYING FOAM 100G
DIOR,DREAM SKIN CARE & PERFECT,,,,,,,,,,,,,,
DIOR,DREAM SKIN CARE PERF PBTL 75ML INT24,3348901708982,C099700839,,,,,,,,,,,DIOR00002809,DREAM SKIN CARE PERF PBTL 75ML INT24
DIOR,DREAM SKIN CARE PERF PBTL 50ML INT24,3348901708975,C099700838,,,,,,,,,,,DIOR00002810,DREAM SKIN CARE PERF PBTL 50ML INT24
DIOR,DREAM SKIN CARE PERF PBTL 30ML INT24,3348901708951,C099700837,,,,,,,,,,,DIOR00002811,DREAM SKIN CARE PERF PBTL 30ML INT24
DIOR,DREAMSKIN 1-MIN MASK TB 75ML INT22,3348901647243,C099700308,,,,,,,,,,,DIOR00002493,DREAMSKIN 1-MIN MASK TB 75ML INT22
DIOR,HYDRALIFE,,,,,,,,,,,,,,
DIOR,HYDRALIFE CREME SORBET FRAICHEUR JAR 50ML INT22,3348901594660,C099600951,,,,,,,,,,,DIOR00002500,HYDRALIFE CREME SORBET FRAICHEUR JAR 50ML INT22
DIOR,HYDRALIFE CREME SORBET INTENSE JAR 50ML INT22,3348901594677,C099600952,,,,,,,,,,,DIOR00002501,HYDRALIFE CREME SORBET INTENSE JAR 50ML INT22
DIOR,HYDRALIFE SORBET EYE GEL 15 ML,3348901379496,C099600030,,,,,,,,,,,DIOR00000227,HYDRALIFE SORBET EYE GEL 15 ML
DIOR,HYDRALIFE DEEP HYDRATION - SORBET WATER ESSENCE 40ML,3348901330572,F069212000,,,,,,,,,,,DIOR00000232,HYDRALIFE DEEP HYDRATION - SORBET WATER ESSENCE 40 ML
DIOR,ONE ESSENTIAL,,,,,,,,,,,,,,
DIOR,ONE ESSENTIAL BOOSTER SERUM 75ML ,3348901365673,F072534080,,,,,,,,,,,DIOR00000189,ONE ESSENTIAL BOOSTER SERUM 75ML 
DIOR,PRESTIGE,,,,,,,,,,,,,,
DIOR,PREST MICRO SER ROSE YX FL/TB 20ML INT25,3348901739740,C099800435,,,,,,,,,,,,
DIOR,PRESTIGE LOT DE ROSE PBTL 150ML INT24,3348901674461,C099700564,,,,,,,,,,,DIOR00003063,PRESTIGE LOT DE ROSE PBTL 150ML INT24
DIOR,PREST MHDR ACT SER PBTL 75ML INT24,3348901683630,C099700678,,,,,,,,,,,DIOR00003064,PREST MHDR ACT SER PBTL 75ML INT24
DIOR,PREST MHDR ACT SER PBTL 50ML INT24,3348901609265,C099700025,,,,,,,,,,,DIOR00003065,PREST MHDR ACT SER PBTL 50ML INT24
DIOR,PRESTIGE MHDR ACT SER PBTL 30ML INT24,3348901609258,C099700024,,,,,,,,,,,DIOR00003066,PRESTIGE MHDR ACT SER PBTL 30ML INT24
DIOR,PREST CONC EYE CR JAR 15ML INT24,3348901685870,C099700707,,,,,,,,,,,DIOR00002814,PREST CONC EYE CR JAR 15ML INT24
DIOR,PREST MLDR ADV BTL 100ML INT23,3348901639880,C099700235,,,,,,,,,,,DIOR00002820,PREST MLDR ADV BTL 100ML INT23
DIOR,PREST MLDR ADV BTL 150ML INT23,3348901625807,C099700078,,,,,,,,,,,DIOR00002821,PREST MLDR ADV BTL 150ML INT23
DIOR,PRESTIGE LA CREME FINE INT23,3348901641395,C099700249,,,,,,,,,,,DIOR00002823,PRESTIGE LA CREME FINE INT23
DIOR,PRESTIGE CR JAR,3348901510721,C099600519,,,,,,,,,,,DIOR00002494,PRESTIGE CR JAR
DIOR,PRESTIGE CR RICHE JAR,3348901510738,C099600521,,,,,,,,,,,DIOR00002495,PRESTIGE CR RICHE JAR
DIOR,PRESTIGE LA CREME MAINS DE ROSE TB 50ML INT21,3348901544030,C099600618,,,,,,,,,,,DIOR00000202,PRESTIGE LA CREME MAINS DE ROSE TB 50ML INT21
DIOR,PRESTIGE MICRO-PEARLS APPLICATOR INT21,3348901532877,C099600576,,,,,,,,,,,DIOR00000204,PRESTIGE MICRO-PEARLS APPLICATOR INT21
DIOR,PRESTIGE MICRO CAVIAR DE ROSE JAR75ML INT20 ,3348901450263,C099600295,,,,,,,,,,,DIOR00000207,PRESTIGE MICRO CAVIAR DE ROSE JAR75ML INT20 
DIOR,PRST MIDNIGHT BALM JAR 50ML 25,3348901755054,E000000218,,,,,,,,,,,DIOR00003060,PRST MIDNIGHT BALM JAR 50ML 25
DIOR,PRST NECTAR PREM BTL 30 ML 25,3348901755108,E000000220,,,,,,,,,,,DIOR00003061,PRST NECTAR PREM BTL 30 ML 25
DIOR,PREST NECTAR INTEGRAL PBTL 20 ML INT25,3348901732079,C099800188,,,,,,,,,,,DIOR00003200,PREST NECTAR INTEGRAL PBTL 20 ML INT25
DIOR,PRESTIGE CLEANSERS,,,,,,,,,,,,,,
DIOR,PREST LA MOUSSE MICELLAIRE BTL/TB 120G INT21,3348901552905,C099600667,,,,,,,,,,,DIOR00000194,PRESTIGE LA MOUSSE MICELLAIRE BTL/TB 120 GR
DIOR,PREST LE BAUME DEMAQUILLANT JAR 150ML INT21,3348901565301,C099600750,,,,,,,,,,,DIOR00000195,PRESTIGE LE BAUME DEMAQUILLANT JAR 150 ML
DIOR,PREST LE SUCRE DE GOMMAGE JAR 150ML INT21,3348901565318,C099600751,,,,,,,,,,,DIOR00000196,PRESTIGE LE SUCRE DE GOMMAGE JAR 150 ML
DIOR,PRESTIGE LE SAVON 110G INT21,3348901582605,C099600810,,,,,,,,,,,DIOR00000197,PRESTIGE LE SAVON 110 GR
DIOR,PRESTIGE CUSHION,,,,,,,,,,,,,,
DIOR,PRESTIGE LE CUSHION TDR 1N 14G INT23,3348901643917,C032900010,,,,,,,,,,,DIOR00002496,PRESTIGE LE CUSHION TDR 1N 14G INT23
DIOR,PRESTIGE LE CUSHION TDR 3N 14G INT23,3348901643955,C032900030,,,,,,,,,,,DIOR00002497,PRESTIGE LE CUSHION TDR 3N 14G INT23
DIOR,PRESTIGE LE CUSHION TDR 1CR 14G INT23,3348901643931,C032900012,,,,,,,,,,,DIOR00002498,PRESTIGE LE CUSHION TDR 1CR 14G INT23
DIOR,PRESTIGE LE CUSHION TDR 2N 14G INT23,3348901643948,C032900020,,,,,,,,,,,DIOR00002499,PRESTIGE LE CUSHION TDR 2N 14G INT23
DIOR,PRESTIGE LIGHT IN WHITE,,,,,,,,,,,,,,
DIOR,PREST WH LA CREME LUM RFBL 50ML INT23,3348901617000,C099700039,,,,,,,,,,,DIOR00002816,PREST WH LA CREME LUM RFBL 50ML INT23
DIOR,PREST WH PROT UV BB 00 BTL30ML INT25,3348901649902,C035100100,,,,,,,,,,,DIOR00003460,PREST WH PROT UV BB 00 BTL30ML INT25
DIOR,CİLT BAKIMI SETLERİ,,,,,,,,,,,,,,
DIOR,DCAPT CREME RITUAL CARE INT26,3348901795777,E100000071,,,,,,,,,,,,
DIOR,DCAPT DAY NIGHT RITUAL CARE INT26,3348901795739,E100000067,,,,,,,,,,,,
DIOR,DCAPT SERUM RITUAL CARE INT26,3348901795722,E100000066,,,,,,,,,,,,
DIOR,C/TOT COMPLETE RITUAL CARE OFFER INT24,3348901699204,C400100763,,,,,,,,,,,DIOR00003463,C/TOT COMPLETE RITUAL CARE OFFER INT24
DIOR,C/TOT DISCOVERY SET CARE OFFER INT24,3348901699198,C400100761,,,,,,,,,,,DIOR00002827,C/TOT DISCOVERY SET CARE OFFER INT24
DIOR,CARE PREST DISCOVERY SET OFFER INT23,3348901685115,C400100663,,,,,,,,,,,DIOR00002828,CARE PREST DISCOVERY SET OFFER INT23
DIOR,SEVGİLİLER GÜNÜ SET,,,,,,,,,,,,,,
DIOR,MD BB 50ML LIP GLOW GIFT SET VDAY INT26,3348901800488,E100000075,,,,,,,,,,,,
DIOR,MD BB 50ML LIP GLOW GIFT SET VDAY 25,3348901749237,E000000132,,,,,,,,,,,,
DIOR,CİLT BAKIMI YILBAŞI SETLERİ 2024,,,,,,,,,,,,,,
DIOR,HOL BEAUTY CARE SET INT24,3348901738521,C400100962,,,,,,,,,,,,
DIOR,HOL C/TOT CREME ROUTINE OFFER INT24,3348901727822,C400100899,,,,,,,,,,,,
DIOR,HOL PREST PERFECT RITUAL OFFER INT24,3348901727846,C400100901,,,,,,,,,,,,
DIOR,CİLT BAKIMI YILBAŞI SETLERİ 2025,,,,,,,,,,,,,,
DIOR,BEAUTY & CARE SET HOL INT25,3348901786560,E100000058,,,,,,,,,,,,
DIOR,YÜZ MAKYAJI,,,,,,,,,,,,,,
DIOR,FOREVER PRESSED POWDER 2025,,,,,,,,,,,,,,
DIOR,FRV NUDE PWD 00 LUMINESCENT INT25,3348901750059,E000000178,,,,,,,,,,,,
DIOR,FRV NUDE PWD 01 FAIR INT25,3348901750042,E000000177,,,,,,,,,,,,
DIOR,FRV NUDE PWD 02 LIGHT INT25,3348901750035,E000000176,,,,,,,,,,,,
DIOR,FRV NUDE PWD 03 MEDIUM INT25,3348901750028,E000000175,,,,,,,,,,,,
DIOR,"FRV NUDE PWD 3,5 INT25",3348901774079,E000000736,,,,,,,,,,,,
DIOR,FOREVER SKIN BRONZE ,,,,,,,,,,,,,,
DIOR,FRV BRZ IN BALM 1 INT26,3348901802673,E000001351,,,,,,,,,,,,
DIOR,FRV BRZ IN BALM 2 INT26,3348901802666,E000001350,,,,,,,,,,,,
DIOR,FRV BRZ IN BALM 3 INT26,3348901802659,E000001349,,,,,,,,,,,,
DIOR,FRV BRZ IN BALM 4 INT26,3348901802642,E000001348,,,,,,,,,,,,
DIOR,FRV BRZ IN BALM 5 INT26,3348901802635,E000001347,,,,,,,,,,,,
DIOR,FRV BRZ IN BALM 6 INT26,3348901802628,E000001346,,,,,,,,,,,,
DIOR,FOREVER SKIN PERFECT ,,,,,,,,,,,,,,
DIOR,DIOR FRV SKIN PERFECT 3W INT25,3348901781299,E000000847,,,,,,,,,,,,
DIOR,"DIOR FRV SKIN PERFECT 0,5N INT25",3348901781336,E000000851,,,,,,,,,,,,
DIOR,DIOR FRV SKIN PERFECT 3WO INT25,3348901781305,E000000848,,,,,,,,,,,,
DIOR,"DIOR FRV SKIN PERFECT 4,5N INT25",3348901781312,E000000849,,,,,,,,,,,,
DIOR,DIOR FRV SKIN PERFECT 4W INT25,3348901781329,E000000850,,,,,,,,,,,,
DIOR,DIOR FORV SKIN PERFECT 00 INT24,3348901718509,C037900101,,,,,,,,,,,DIOR00003067,DIOR FORV SKIN PERFECT 00 INT24
DIOR,DIOR FORV SKIN PERFECT 0N INT24,3348901670432,C037900100,,,,,,,,,,,DIOR00003068,DIOR FORV SKIN PERFECT 0N INT24
DIOR,DIOR FORV SKIN PERFECT 15N INT24,3348901670302,C037900015,,,,,,,,,,,DIOR00003069,DIOR FORV SKIN PERFECT 15N INT24
DIOR,DIOR FORV SKIN PERFECT 1CR INT24,3348901670296,C037900012,,,,,,,,,,,DIOR00003070,DIOR FORV SKIN PERFECT 1CR INT24
DIOR,DIOR FORV SKIN PERFECT 1N INT24,3348901670272,C037900010,,,,,,,,,,,DIOR00003071,DIOR FORV SKIN PERFECT 1N INT24
DIOR,DIOR FORV SKIN PERFECT 1W INT24,3348901670289,C037900011,,,,,,,,,,,DIOR00003072,DIOR FORV SKIN PERFECT 1W INT24
DIOR,DIOR FORV SKIN PERFECT 25N INT24,3348901670340,C037900025,,,,,,,,,,,DIOR00003073,DIOR FORV SKIN PERFECT 25N INT24
DIOR,DIOR FORV SKIN PERFECT 2CR INT24,3348901670333,C037900022,,,,,,,,,,,DIOR00003074,DIOR FORV SKIN PERFECT 2CR INT24
DIOR,DIOR FORV SKIN PERFECT 2N INT24,3348901670319,C037900020,,,,,,,,,,,DIOR00003075,DIOR FORV SKIN PERFECT 2N INT24
DIOR,DIOR FORV SKIN PERFECT 2W INT24,3348901670326,C037900021,,,,,,,,,,,DIOR00003076,DIOR FORV SKIN PERFECT 2W INT24
DIOR,DIOR FORV SKIN PERFECT 35N INT24,3348901670364,C037900035,,,,,,,,,,,DIOR00003077,DIOR FORV SKIN PERFECT 35N INT24
DIOR,DIOR FORV SKIN PERFECT 3N INT24,3348901670623,C037900030,,,,,,,,,,,DIOR00003078,DIOR FORV SKIN PERFECT 3N INT24
DIOR,DIOR FORV SKIN PERFECT 4N INT24,3348901670371,C037900040,,,,,,,,,,,DIOR00003079,DIOR FORV SKIN PERFECT 4N INT24
DIOR,DIOR FORV SKIN PERFECT 5N INT24,3348901670388,C037900050,,,,,,,,,,,DIOR00003080,DIOR FORV SKIN PERFECT 5N INT24
DIOR,DIOR FORV SKIN PERFECT 6N INT24,3348901670395,C037900060,,,,,,,,,,,DIOR00003081,DIOR FORV SKIN PERFECT 6N INT24
DIOR,DIOR FORV SKIN PERFECT 7N INT24,3348901670401,C037900070,,,,,,,,,,,DIOR00003082,DIOR FORV SKIN PERFECT 7N INT24
DIOR,FOREVER SKIN CONTOUR STICK ,,,,,,,,,,,,,,
DIOR,DIOR FV SKIN CONTOUR STICK 001 INT24,3348901726795,C045300001,,,,,,,,,,,DIOR00003083,DIOR FV SKIN CONTOUR STICK 001 INT24
DIOR,DIOR FV SKIN CONTOUR STICK 002 INT24,3348901726801,C045300002,,,,,,,,,,,DIOR00003084,DIOR FV SKIN CONTOUR STICK 002 INT24
DIOR,DIOR FV SKIN CONTOUR STICK 003 INT24,3348901726818,C045300003,,,,,,,,,,,DIOR00003085,DIOR FV SKIN CONTOUR STICK 003 INT24
DIOR,DIOR FV SKIN CONTOUR STICK 004 INT24,3348901726825,C045300004,,,,,,,,,,,DIOR00003086,DIOR FV SKIN CONTOUR STICK 004 INT24
DIOR,FOREVER GLOW MAXIMIZER,,,,,,,,,,,,,,
DIOR,FRV GLW MAX 018 INT25,3348901765978,E000000490,,,,,,,,,,,DIOR00003464,FRV GLW MAX 018 INT25
DIOR,FRV GLW MAX 019 INT25,3348901765954,E000000488,,,,,,,,,,,DIOR00003465,FRV GLW MAX 019 INT25
DIOR,DIOR FORV GLOW MAXIMIZER 011 INT24,3348901713573,C043600011,,,,,,,,,,,DIOR00002829,DIOR FORV GLOW MAXIMIZER 011 INT24
DIOR,DIOR FORV GLOW MAXIMIZER 012 INT24,3348901713580,C043600012,,,,,,,,,,,DIOR00002830,DIOR FORV GLOW MAXIMIZER 012 INT24
DIOR,DIOR FORV GLOW MAXIMIZER 013 INT24,3348901713597,C043600013,,,,,,,,,,,DIOR00002831,DIOR FORV GLOW MAXIMIZER 013 INT24
DIOR,DIOR FORV GLOW MAXIMIZER 014 INT24,3348901723909,C043600014,,,,,,,,,,,DIOR00002832,DIOR FORV GLOW MAXIMIZER 014 INT24
DIOR,DIOR FORV GLOW MAXIMIZER 015 INT24,3348901723916,C043600015,,,,,,,,,,,DIOR00002833,DIOR FORV GLOW MAXIMIZER 015 INT24
DIOR,DIOR FORV GLOW MAXIMIZER 016 INT24,3348901723923,C043600016,,,,,,,,,,,DIOR00003466,DIOR FORV GLOW MAXIMIZER 016 INT24
DIOR,FOREVER NATURAL BRONZE GLOW,,,,,,,,,,,,,,
DIOR,DIOR FOR NAT BRZ GLOW 031,3348901723022,C043800031,,,,,,,,,,,DIOR00003087,DIOR FOR NAT BRZ GLOW 031
DIOR,DIOR FOR NAT BRZ GLOW 032,3348901723039,C043800032,,,,,,,,,,,DIOR00003088,DIOR FOR NAT BRZ GLOW 032
DIOR,DIOR FOR NAT BRZ GLOW 051,3348901723046,C043800051,,,,,,,,,,,DIOR00003089,DIOR FOR NAT BRZ GLOW 051
DIOR,DIOR FOR NAT BRZ GLOW 052,3348901723053,C043800052,,,,,,,,,,,DIOR00003090,DIOR FOR NAT BRZ GLOW 052
DIOR,FOREVER STAR FILTER,,,,,,,,,,,,,,
DIOR,DIOR FORV GLOW FILTER 0N,3348901723770,C045000100,,,,,,,,,,,DIOR00002834,DIOR FORV GLOW FILTER 0N
DIOR,DIOR FORV GLOW FILTER 1N,3348901723688,C045000010,,,,,,,,,,,DIOR00002835,DIOR FORV GLOW FILTER 1N
DIOR,DIOR FORV GLOW FILTER 2N,3348901723695,C045000020,,,,,,,,,,,DIOR00002836,DIOR FORV GLOW FILTER 2N
DIOR,DIOR FORV GLOW FILTER 3N,3348901723701,C045000030,,,,,,,,,,,DIOR00002837,DIOR FORV GLOW FILTER 3N
DIOR,DIOR FORV GLOW FILTER 4N,3348901723718,C045000040,,,,,,,,,,,DIOR00002838,DIOR FORV GLOW FILTER 4N
DIOR,DIOR FORV GLOW FILTER 5N,3348901723725,C045000050,,,,,,,,,,,DIOR00002839,DIOR FORV GLOW FILTER 5N
DIOR,DIOR FORV GLOW FILTER 6N,3348901723732,C045000060,,,,,,,,,,,DIOR00002840,DIOR FORV GLOW FILTER 6N
DIOR,DIOR FORV GLOW FILTER 7N,3348901723749,C045000070,,,,,,,,,,,DIOR00002841,DIOR FORV GLOW FILTER 7N
DIOR,DIOR FORV GLOW FILTER 8N,3348901723756,C045000080,,,,,,,,,,,DIOR00002842,DIOR FORV GLOW FILTER 8N
DIOR,DIOR FORV GLOW FILTER 9N,3348901723763,C045000090,,,,,,,,,,,DIOR00002843,DIOR FORV GLOW FILTER 9N
DIOR,FOREVER SKIN CORRECT & VEIL PRIMER,,,,,,,,,,,,,,
DIOR,DSK FORV SKIN CORRECT 0N INT23,3348901637756,C032600100,,,,,,,,,,,DIOR00002512,DSK FORV SKIN CORRECT 0N INT23
DIOR,DSK FORV SKIN CORRECT 1N INT23,3348901637497,C032600010,,,,,,,,,,,DIOR00002514,DSK FORV SKIN CORRECT 1N INT23
DIOR,DSK FORV SKIN CORRECT 1W INT23,3348901637503,C032600011,,,,,,,,,,,DIOR00002515,DSK FORV SKIN CORRECT 1W INT23
DIOR,"DSK FORV SKIN CORRECT 1,5N INT23",3348901637527,C032600015,,,,,,,,,,,DIOR00002513,"DSK FORV SKIN CORRECT 1,5N INT23"
DIOR,DSK FORV SKIN CORRECT 2CR INT23,3348901637558,C032600022,,,,,,,,,,,DIOR00002519,DSK FORV SKIN CORRECT 2CR INT23
DIOR,DSK FORV SKIN CORRECT 2N INT2,3348901637534,C032600020,,,,,,,,,,,DIOR00002517,DSK FORV SKIN CORRECT 2N INT2
DIOR,DSK FORV SKIN CORRECT 2W INT23,3348901637541,C032600021,,,,,,,,,,,DIOR00002518,DSK FORV SKIN CORRECT 2W INT23
DIOR,DSK FORV SKIN CORRECT 2WO INT23,3348901637886,C032600221,,,,,,,,,,,DIOR00002520,DSK FORV SKIN CORRECT 2WO INT23
DIOR,"DSK FORV SKIN CORRECT 2,5N INT23",3348901637572,C032600025,,,,,,,,,,,DIOR00002516,"DSK FORV SKIN CORRECT 2,5N INT23"
DIOR,DSK FORV SKIN CORRECT 3N INT23,3348901637589,C032600030,,,,,,,,,,,DIOR00002521,DSK FORV SKIN CORRECT 3N INT23
DIOR,DSK FORV SKIN CORRECT 3W INT23,3348901637596,C032600031,,,,,,,,,,,DIOR00002522,DSK FORV SKIN CORRECT 3W INT23
DIOR,DSK FORV SKIN CORRECT 4N INT23,3348901637640,C032600040,,,,,,,,,,,DIOR00002523,DSK FORV SKIN CORRECT 4N INT23
DIOR,DSK FORV GLOW VEIL PRIMER 30ML INT23,3348901630481,C099700184,,,,,,,,,,,DIOR00002525,DSK FORV GLOW VEIL PRIMER 30ML INT23
DIOR,DSK FORV VELVET VEIL PRIMER 30ML INT23,3348901630474,C099700181,,,,,,,,,,,DIOR00002524,DSK FORV VELVET VEIL PRIMER 30ML INT23
DIOR,FRV HYD NUDE FDT FLUID,,,,,,,,,,,,,,
DIOR,FRV HYD NUDE FDT FLUID 1N INT25,3348901698856,C041900010,,,,,,,,,,,DIOR00003091,FRV HYD NUDE FDT FLUID 1N INT25
DIOR,FRV HYD NUDE FDT FLUID 15N INT25,3348901698535,C041900015,,,,,,,,,,,DIOR00003092,FRV HYD NUDE FDT FLUID 15N INT25
DIOR,FRV HYD NUDE FDT FLUID 2N INT25,3348901698542,C041900020,,,,,,,,,,,DIOR00003093,FRV HYD NUDE FDT FLUID 2N INT25
DIOR,FRV HYD NUDE FDT FLUID 2W INT25,3348901698870,C041900021,,,,,,,,,,,DIOR00003094,FRV HYD NUDE FDT FLUID 2W INT25
DIOR,FRV HYD NUDE FDT FLUID 2CR INT25,3348901698566,C041900022,,,,,,,,,,,DIOR00003095,FRV HYD NUDE FDT FLUID 2CR INT25
DIOR,FRV HYD NUDE FDT FLUID 25N INT25,3348901698580,C041900025,,,,,,,,,,,DIOR00003096,FRV HYD NUDE FDT FLUID 25N INT25
DIOR,FRV HYD NUDE FDT FLUID 3N INT25,3348901698597,C041900030,,,,,,,,,,,DIOR00003097,FRV HYD NUDE FDT FLUID 3N INT25
DIOR,FRV HYD NUDE FDT FLUID 3W INT25,3348901698603,C041900031,,,,,,,,,,,DIOR00003098,FRV HYD NUDE FDT FLUID 3W INT25
DIOR,FRV HYD NUDE FDT FLUID 3CR INT25,3348901698887,C041900032,,,,,,,,,,,DIOR00003099,FRV HYD NUDE FDT FLUID 3CR INT25
DIOR,FRV HYD NUDE FDT FLUID 35N INT25,3348901698894,C041900035,,,,,,,,,,,DIOR00003100,FRV HYD NUDE FDT FLUID 35N INT25
DIOR,FRV HYD NUDE FDT FLUID 4N INT25,3348901698627,C041900040,,,,,,,,,,,DIOR00003101,FRV HYD NUDE FDT FLUID 4N INT25
DIOR,FRV HYD NUDE FDT FLUID 45N INT25,3348901698641,C041900045,,,,,,,,,,,DIOR00003102,FRV HYD NUDE FDT FLUID 45N INT25
DIOR,FRV HYD NUDE FDT FLUID 5N INT25,3348901698658,C041900050,,,,,,,,,,,DIOR00003103,FRV HYD NUDE FDT FLUID 5N INT25
DIOR,FOREVER COMPACT,,,,,,,,,,,,,,
DIOR,DSK FORV FDT CPT 1N,3348901608862,C029300010,,,,,,,,,,,DIOR00002526,DSK FORV FDT CPT 1N
DIOR,DSK FORV FDT CPT 2N,3348901607612,C029300020,,,,,,,,,,,DIOR00002527,DSK FORV FDT CPT 2N
DIOR,DSK FORV FDT CPT 2.5N,3348901608923,C029300025,,,,,,,,,,,DIOR00002528,DSK FORV FDT CPT 2.5N
DIOR,DSK FORV FDT CPT 3N,3348901608930,C029300030,,,,,,,,,,,DIOR00002529,DSK FORV FDT CPT 3N
DIOR,DSK FORV FDT CPT 4N,3348901608947,C029300040,,,,,,,,,,,DIOR00002530,DSK FORV FDT CPT 4N
DIOR,FRV SKIN GLOW,,,,,,,,,,,,,,
DIOR,FRV SKIN GLW 4.5N INT26,3348901792776,E000001110,,,,,,,,,,,,
DIOR,FRV SKIN GLW 3.5N INT26,3348901792837,E000001116,,,,,,,,,,,,
DIOR,FRV SKIN GLW 4N INT26,3348901792851,E000001118,,,,,,,,,,,,
DIOR,FRV SKIN GLW 2WP INT26,3348901792875,E000001120,,,,,,,,,,,,
DIOR,FRV SKIN GLW 3N INT26,3348901792882,E000001121,,,,,,,,,,,,
DIOR,FRV SKIN GLW 1.5N INT26,3348901792929,E000001125,,,,,,,,,,,,
DIOR,FRV SKIN GLW 2.5W INT26,3348901792943,E000001127,,,,,,,,,,,,
DIOR,FRV SKIN GLW 2W INT26,3348901792950,E000001128,,,,,,,,,,,,
DIOR,FRV SKIN GLW 1W INT26,3348901792967,E000001129,,,,,,,,,,,,
DIOR,FRV SKIN GLW 2N INT26,3348901792974,E000001130,,,,,,,,,,,,
DIOR,FRV SKIN GLW 2.5N INT26,3348901793025,E000001135,,,,,,,,,,,,
DIOR,FRV SKIN GLW 0N INT26,3348901793056,E000001138,,,,,,,,,,,,
DIOR,FRV SKIN GLW 3C INT26,3348901793247,E000001157,,,,,,,,,,,,
DIOR,FRV SKIN GLW 1N INT26,3348901792646,E000001098,,,,,,,,,,,,
DIOR,FOREVER SKIN WEAR,,,,,,,,,,,,,,
DIOR,FRV SKIN WEAR 3C INT26,3348901792301,E000001064,,,,,,,,,,,,
DIOR,FRV SKIN WEAR 3N INT26,3348901792325,E000001066,,,,,,,,,,,,
DIOR,FRV SKIN WEAR 4.5N INT26,3348901792363,E000001070,,,,,,,,,,,,
DIOR,FRV SKIN WEAR 4N INT26,3348901792400,E000001074,,,,,,,,,,,,
DIOR,FRV SKIN WEAR 1N INT26,3348901792486,E000001082,,,,,,,,,,,,
DIOR,FRV SKIN WEAR 3.5N INT26,3348901792523,E000001086,,,,,,,,,,,,
DIOR,FRV SKIN WEAR 1.5N INT26,3348901792578,E000001091,,,,,,,,,,,,
DIOR,FRV SKIN WEAR 0N INT26,3348901792585,E000001092,,,,,,,,,,,,
DIOR,FRV SKIN WEAR 1W INT26,3348901792653,E000001099,,,,,,,,,,,,
DIOR,FRV SKIN WEAR 2.5N INT26,3348901792684,E000001102,,,,,,,,,,,,
DIOR,FRV SKIN WEAR 2.5W INT26,3348901792691,E000001103,,,,,,,,,,,,
DIOR,FRV SKIN WEAR 2W INT26,3348901792707,E000001104,,,,,,,,,,,,
DIOR,FRV SKIN WEAR 2N INT26,3348901792721,E000001106,,,,,,,,,,,,
DIOR,FRV SKIN WEAR 2WP INT26,3348901792745,E000001108,,,,,,,,,,,,
DIOR,FRV NUDE BRZ VELVET,,,,,,,,,,,,,,
DIOR,FRV NUDE BRZ VELVET 04 INT25,3348901746595,E000000033,,,,,,,,,,, DIOR00003104,FRV NUDE BRZ VELVET 04 INT25
DIOR,FRV NUDE BRZ VELVET 05 INT25,3348901746632,E000000037,,,,,,,,,,, DIOR00003105,FRV NUDE BRZ VELVET 05 INT25
DIOR,FRV NUDE BRZ VELVET 02 INT25,3348901746649,E000000038,,,,,,,,,,, DIOR00003106,FRV NUDE BRZ VELVET 02 INT25
DIOR,FRV NUDE BRZ VELVET 03 INT25,3348901746656,E000000039,,,,,,,,,,, DIOR00003107,FRV NUDE BRZ VELVET 03 INT25
DIOR,FRV NUDE BRZ GLW 02 INT25,3348901746687,E000000040,,,,,,,,,,, DIOR00003108,FRV NUDE BRZ GLW 02 INT25
DIOR,FRV NUDE BRZ GLW 05 INT25,3348901746717,E000000041,,,,,,,,,,, DIOR00003109,FRV NUDE BRZ GLW 05 INT25
DIOR,FRV NUDE BRZ GLW 04 INT25,3348901746731,E000000042,,,,,,,,,,, DIOR00003110,FRV NUDE BRZ GLW 04 INT25
DIOR,FRV NUDE BRZ GLW 03 INT25,3348901746748,E000000043,,,,,,,,,,, DIOR00003111,FRV NUDE BRZ GLW 03 INT25
DIOR,DSK FORV PERF FIX MIST 001 INT21,3348901569897,C023300001,,,,,,,,,,, DIOR00000302,DIORSKIN FOREVER PERF FIX MIST 001
DIOR,FOREVER CUSHION,,,,,,,,,,,,,,
DIOR,DSK FORV CUSHION PDR 010 INT21,3348901506519,C014900010,,,,,,,,,,, DIOR00000308,DIORSKIN FOREVER CUSHION PDR 010
DIOR,DSK FORV CUSHION PDR 020 INT21,3348901506526,C014900020,,,,,,,,,,, DIOR00000309,DIORSKIN FOREVER CUSHION PDR 020
DIOR,DSK FORV CUSHION PDR 030 INT21,3348901506533,C014900030,,,,,,,,,,, DIOR00000310,DIORSKIN FOREVER CUSHION PDR 030
DIOR,DSK FORV CUSHION PDR 040 INT21,3348901506540,C014900040,,,,,,,,,,, DIOR00000311,DIORSKIN FOREVER CUSHION PDR 040
DIOR,DSK FORV CUSHION PDR 050 INT21,3348901506557,C014900050,,,,,,,,,,, DIOR00000312,DIORSKIN FOREVER CUSHION PDR 050
DIOR,FOREVER LUMINIZER 2025,,,,,,,,,,,,,,
DIOR,FOREVER LUMINIZER SILKY 01 NUDE,3348901748049,E000000094,,,,,,,,,,, DIOR00003467,FOREVER LUMINIZER SILKY 01 NUDE
DIOR,FOREVER LUMINIZER SILKY 02 GOLD,3348901748056,E000000095,,,,,,,,,,, DIOR00003468,FOREVER LUMINIZER SILKY 02 GOLD
DIOR,FOREVER LUMINIZER CHROM 04 PINK STROB,3348901748063,E000000096,,,,,,,,,,, DIOR00003469,FOREVER LUMINIZER CHROM 04 PINK STROB
DIOR,FOREVER LUMINIZER SEQUIN 06 WHITE,3348901748025,E000000092,,,,,,,,,,, DIOR00003470,FOREVER LUMINIZER SEQUIN 06 WHITE
DIOR,FOREVER LUMINIZER SILKY 03 PINK,3348901748018,E000000091,,,,,,,,,,, DIOR00003471,FOREVER LUMINIZER SILKY 03 PINK
DIOR,FOREVER BLUSH SOFT FILTER,,,,,,,,,,,,,,
DIOR,FRV BLUSH SOFT FILTER 02 INT25,3348901762434,E000000435,,,,,,,,,,,,
DIOR,FRV BLUSH SOFT FILTER 03 INT25,3348901762533,E000000439,,,,,,,,,,,,
DIOR,FRV BLUSH SOFT FILTER 01 INT25,3348901762656,E000000443,,,,,,,,,,,,
DIOR,FRV BLUSH SOFT FILTER 05 INT25,3348901762670,E000000444,,,,,,,,,,,,
DIOR,FRV BLUSH SOFT FILTER 04 INT25,3348901762489,E000000438,,,,,,,,,,,,
DIOR,FRV BLUSH SOFT FILTER 10 INT25,3348901766029,E000000495,,,,,,,,,,,,
DIOR,ROUGE BLUSH,,,,,,,,,,,,,,
DIOR,ROUGE BLUSH SATIN 505 INT23,3348901607933,C029500505,,,,,,,,,,, DIOR00003112,ROUGE BLUSH SATIN 505 INT23
DIOR,ROUGE BLUSH SHIMMER 314 INT23,3348901607988,C029600314,,,,,,,,,,, DIOR00003113,ROUGE BLUSH SHIMMER 314 INT23
DIOR,ROUGE BLUSH HOLO 601 ,3348901607391,C029700601,,,,,,,,,,, DIOR00002850,ROUGE BLUSH HOLO 601 
DIOR,ROUGE BLUSH MATTE 100 ,3348901607339,C029400100,,,,,,,,,,, DIOR00002851,ROUGE BLUSH MATTE 100 
DIOR,ROUGE BLUSH MATTE 475 ,3348901607896,C029400475,,,,,,,,,,, DIOR00002852,ROUGE BLUSH MATTE 475 
DIOR,ROUGE BLUSH MATTE 962 ,3348901613453,C029400962,,,,,,,,,,, DIOR00002853,ROUGE BLUSH MATTE 962 
DIOR,ROUGE BLUSH SATIN 028 ,3348901607353,C029500028,,,,,,,,,,, DIOR00002854,ROUGE BLUSH SATIN 028 
DIOR,ROUGE BLUSH SATIN 643 ,3348901607940,C029500643,,,,,,,,,,, DIOR00002855,ROUGE BLUSH SATIN 643 
DIOR,ROUGE BLUSH SATIN 959 ,3348901607957,C029500959,,,,,,,,,,, DIOR00002856,ROUGE BLUSH SATIN 959 
DIOR,ROUGE BLUSH SATIN 999 ,3348901608138,C029500999,,,,,,,,,,, DIOR00002857,ROUGE BLUSH SATIN 999 
DIOR,ROUGE BLUSH SHIMMER 219 ,3348901607377,C029600219,,,,,,,,,,, DIOR00002858,ROUGE BLUSH SHIMMER 219 
DIOR,ROUGE BLUSH SHIMMER 720 ,3348901608015,C029600720,,,,,,,,,,, DIOR00002859,ROUGE BLUSH SHIMMER 720 
DIOR,ROUGE BLUSH COLORGLOW,,,,,,,,,,,,,,
DIOR,RGE BLUSH BG PALETTES 757 INT24,3348901729338,C045900757,,,,,,,,,,, DIOR00003114,RGE BLUSH BG PALETTES 757 INT24
DIOR,RGE BLUSH COLORGLOW PAL 100 INT24,3348901729352,C046000100,,,,,,,,,,, DIOR00003115,RGE BLUSH COLORGLOW PAL 100 INT24
DIOR,RGE BLUSH COLORGLOW PAL 200 INT24,3348901729369,C046000200,,,,,,,,,,, DIOR00003116,RGE BLUSH COLORGLOW PAL 200 INT24
DIOR,GÖZ MAKYAJI,,,,,,,,,,,,,,
DIOR,DIORSHOW 2026,,,,,,,,,,,,,,
DIOR,DSHW LIQUID LINER 296 INT25,3348901756471,E000000251,,,,,,,,,,,,
DIOR,DSHW 5C E/SHAD L/ED 855 INT26,3348901800952,E000001323,,,,,,,,,,,,
DIOR,DSHW OVERVOL 971 INT26,3348901801034,E000001331,,,,,,,,,,,,
DIOR,DSHW OVERVOL 161 INT26,3348901801058,E000001333,,,,,,,,,,,,
DIOR,DSHW 5C E/SHAD L/ED 964 INT26,3348901800945,E000001322,,,,,,,,,,,,
DIOR,DSHW 5C E/SHAD L/ED 170 INT26,3348901800976,E000001325,,,,,,,,,,,,
DIOR,DSHW 5C E/SHAD L/ED 563 INT26,3348901800969,E000001324,,,,,,,,,,,,
DIOR,DSHW OVERVOL WATERPROOF 090 INT26,3348901801065,E000001334,,,,,,,,,,,,
DIOR,DSHW OVERVOL 840 INT26,3348901801027,E000001330,,,,,,,,,,,,
DIOR,DSHW OVERVOL 790 INT26,3348901801041,E000001332,,,,,,,,,,,,
DIOR,DIORSHOW 2025,,,,,,,,,,,,,,
DIOR,DSHW 5 COUL LED 647 INT25,3348901755535,E000000227,,,,,,,,,,, DIOR00003472, DSHW 5 COUL LED 647 INT25
DIOR,DSHW 5 COUL LED 557 INT25,3348901755542,E000000228,,,,,,,,,,, DIOR00003473, DSHW 5 COUL LED 557 INT25
DIOR,DSHW 5 COUL LED 671 INT25,3348901755559,E000000229,,,,,,,,,,, DIOR00003474, DSHW 5 COUL LED 671 INT25
DIOR,DSHW 5 COUL LED 857 INT25,3348901755566,E000000230,,,,,,,,,,, DIOR00003475, DSHW 5 COUL LED 857 INT25
DIOR,DSHW OVERVOL 090 INT25,3348901756198,E000000243,,,,,,,,,,, DIOR00003476, DSHW OVERVOL 090 INT25
DIOR,DSHW LIQUID LINER 001 INT25,3348901756426,E000000246,,,,,,,,,,, DIOR00003477, DSHW LIQUID LINER 001 INT25
DIOR,DSHW LIQUID LINER 096 INT25,3348901756440,E000000248,,,,,,,,,,, DIOR00003478, DSHW LIQUID LINER 096 INT25
DIOR,DSHW LIQUID LINER 181 INT25,3348901756464,E000000250,,,,,,,,,,, DIOR00003479, DSHW LIQUID LINER 181 INT25
DIOR,DSHW LIQUID LINER 301 INT25,3348901756488,E000000252,,,,,,,,,,, DIOR00003480, DSHW LIQUID LINER 301 INT25
DIOR,DSHW LIQUID LINER 386 INT25,3348901756495,E000000253,,,,,,,,,,, DIOR00003481, DSHW LIQUID LINER 386 INT25
DIOR,DSHW LIQUID LINER 781 INT25,3348901756518,E000000255,,,,,,,,,,, DIOR00003482, DSHW LIQUID LINER 781 INT25
DIOR,DSHW LIQUID LINER 801 INT25,3348901756525,E000000256,,,,,,,,,,, DIOR00003483, DSHW LIQUID LINER 801 INT25
DIOR,DSHW LIQUID LINER 861 INT25,3348901756532,E000000257,,,,,,,,,,, DIOR00003484, DSHW LIQUID LINER 861 INT25
DIOR,DSHW LIQUID LINER 881 INT25,3348901756556,E000000259,,,,,,,,,,, DIOR00003485, DSHW LIQUID LINER 881 INT25
DIOR,DIORSHOW 2024,,,,,,,,,,,,,,
DIOR,DSHOW MAXIMIZER 4D INT24,3348901696036,C099700798,,,,,,,,,,, DIOR00003117,DSHOW MAXIMIZER 4D INT24
DIOR,DSHOW STYLO 061,3348901703598,C042300061,,,,,,,,,,, DIOR00003118,DSHOW STYLO 061
DIOR,DSHOW STYLO 076,3348901703604,C042300076,,,,,,,,,,, DIOR00003119,DSHOW STYLO 076
DIOR,DSHOW STYLO 091,3348901703611,C042300091,,,,,,,,,,, DIOR00003120,DSHOW STYLO 091
DIOR,DSHOW STYLO 146,3348901703932,C042300146,,,,,,,,,,, DIOR00003121,DSHOW STYLO 146
DIOR,DSHOW STYLO 176,3348901703949,C042300176,,,,,,,,,,, DIOR00003122,DSHOW STYLO 176
DIOR,DSHOW STYLO 246,3348901703642,C042300246,,,,,,,,,,, DIOR00003123,DSHOW STYLO 246
DIOR,DSHOW STYLO 296,3348901703659,C042300296,,,,,,,,,,, DIOR00003124,DSHOW STYLO 296
DIOR,DSHOW STYLO 466,3348901703666,C042300466,,,,,,,,,,, DIOR00003125,DSHOW STYLO 466
DIOR,DSHOW STYLO 471,3348901703673,C042300471,,,,,,,,,,, DIOR00003126,DSHOW STYLO 471
DIOR,DSHOW STYLO 556,3348901703680,C042300556,,,,,,,,,,, DIOR00003127,DSHOW STYLO 556
DIOR,DSHOW STYLO 646,3348901703697,C042300646,,,,,,,,,,, DIOR00003128,DSHOW STYLO 646
DIOR,DSHOW STYLO 771,3348901703703,C042300771,,,,,,,,,,, DIOR00003129,DSHOW STYLO 771
DIOR,DSHOW STYLO 781,3348901703710,C042300781,,,,,,,,,,, DIOR00003130,DSHOW STYLO 781
DIOR,DSHOW STYLO 846,3348901703727,C042300846,,,,,,,,,,, DIOR00003131,DSHOW STYLO 846
DIOR,DSHOW MONO COUL 006 INT24,3348901701907,C042400006,,,,,,,,,,, DIOR00002860,DSHOW MONO COUL 006 INT24
DIOR,DSHOW MONO COUL 098 INT24,3348901701914,C042400098,,,,,,,,,,, DIOR00002861,DSHOW MONO COUL 098 INT24
DIOR,DSHOW MONO COUL 280 INT24,3348901701938,C042400280,,,,,,,,,,, DIOR00002863,DSHOW MONO COUL 280 INT24
DIOR,DSHOW MONO COUL 481 INT24,3348901701952,C042400481,,,,,,,,,,, DIOR00002864,DSHOW MONO COUL 481 INT24
DIOR,DSHOW MONO COUL 530 INT24,3348901701969,C042400530,,,,,,,,,,, DIOR00002865,DSHOW MONO COUL 530 INT24
DIOR,DSHOW MONO COUL 616 INT24,3348901702072,C042400616,,,,,,,,,,, DIOR00002866,DSHOW MONO COUL 616 INT24
DIOR,DSHOW MONO COUL 628 INT24,3348901701990,C042400628,,,,,,,,,,, DIOR00002867,DSHOW MONO COUL 628 INT24
DIOR,DSHOW MONO COUL 755 INT24,3348901702027,C042400755,,,,,,,,,,, DIOR00002868,DSHOW MONO COUL 755 INT24
DIOR,DSHOW MONO COUL 884 INT24,3348901704434,C042400884,,,,,,,,,,, DIOR00002870,DSHOW MONO COUL 884 INT24
DIOR,DIORSHOW 2023,,,,,,,,,,,,,,
DIOR,DSHOW COUL 5C COUTURE E/SHAD 073 ,3348901663441,C036400073,,,,,,,,,,, DIOR00002871,DSHOW COUL 5C COUTURE E/SHAD 073 
DIOR,DSHOW COUL 5C COUTURE E/SHAD 279 ,3348901663465,C036400279,,,,,,,,,,, DIOR00002872,DSHOW COUL 5C COUTURE E/SHAD 279 
DIOR,DSHOW COUL 5C COUTURE E/SHAD 343 ,3348901663700,C036400343,,,,,,,,,,, DIOR00002873,DSHOW COUL 5C COUTURE E/SHAD 343 
DIOR,DSHOW COUL 5C COUTURE E/SHAD 439 ,3348901663502,C036400439,,,,,,,,,,, DIOR00002874,DSHOW COUL 5C COUTURE E/SHAD 439 
DIOR,DSHOW COUL 5C COUTURE E/SHAD 649 ,3348901663533,C036400649,,,,,,,,,,, DIOR00002875,DSHOW COUL 5C COUTURE E/SHAD 649 
DIOR,DSHOW COUL 5C COUTURE E/SHAD 673 ,3348901663557,C036400673,,,,,,,,,,, DIOR00002876,DSHOW COUL 5C COUTURE E/SHAD 673 
DIOR,DSHOW COUL 5C COUTURE E/SHAD 689 ,3348901663564,C036400689,,,,,,,,,,, DIOR00002877,DSHOW COUL 5C COUTURE E/SHAD 689 
DIOR,DSHOW COUL 5C COUTURE E/SHAD 879 ,3348901663595,C036400879,,,,,,,,,,, DIOR00002878,DSHOW COUL 5C COUTURE E/SHAD 879 
DIOR,DSHOW ICO OV MASCARA 090 ,3348901663335,C036525090,,,,,,,,,,, DIOR00002879,DSHOW ICO OV MASCARA 090 
DIOR,DSHOW ICO OV MASCARA 264 ,3348901663342,C036525264,,,,,,,,,,, DIOR00002880,DSHOW ICO OV MASCARA 264 
DIOR,DSHOW ICO OV MASCARA 374 ,3348901663359,C036525374,,,,,,,,,,, DIOR00002881,DSHOW ICO OV MASCARA 374 
DIOR,DSHOW ICO OV MASCARA 664 ,3348901663366,C036525664,,,,,,,,,,, DIOR00002882,DSHOW ICO OV MASCARA 664 
DIOR,DSHOW ICO OV MASCARA 694 ,3348901668088,C036525694,,,,,,,,,,, DIOR00002883,DSHOW ICO OV MASCARA 694 
DIOR,DSHOW ICO OV MASCARA REFILL 090 ,3348901663397,C336525090,,,,,,,,,,, DIOR00002884,DSHOW ICO OV MASCARA REFILL 090 
DIOR,DSHOW ON STAGE CRAYON 009 ,3348901663144,C036200009,,,,,,,,,,, DIOR00002885,DSHOW ON STAGE CRAYON 009 
DIOR,DSHOW ON STAGE CRAYON 099 ,3348901663151,C036200099,,,,,,,,,,, DIOR00002886,DSHOW ON STAGE CRAYON 099 
DIOR,DSHOW ON STAGE CRAYON 254 ,3348901663168,C036200254,,,,,,,,,,, DIOR00002887,DSHOW ON STAGE CRAYON 254 
DIOR,DSHOW ON STAGE CRAYON 374 ,3348901663175,C036200374,,,,,,,,,,, DIOR00002888,DSHOW ON STAGE CRAYON 374 
DIOR,DSHOW ON STAGE CRAYON 529 ,3348901663182,C036200529,,,,,,,,,,, DIOR00002889,DSHOW ON STAGE CRAYON 529 
DIOR,DSHOW ON STAGE CRAYON 594 ,3348901663199,C036200594,,,,,,,,,,, DIOR00002890,DSHOW ON STAGE CRAYON 594 
DIOR,DSHOW BROW STYLER 002 ,3348901662970,C036100002,,,,,,,,,,, DIOR00002891,DSHOW BROW STYLER 002 
DIOR,DSHOW BROW STYLER 003 ,3348901662987,C036100003,,,,,,,,,,, DIOR00002892,DSHOW BROW STYLER 003 
DIOR,DSHOW BROW STYLER 005 ,3348901663007,C036100005,,,,,,,,,,, DIOR00002893,DSHOW BROW STYLER 005 
DIOR,DSHOW BROW STYLER 032 ,3348901663014,C036100032,,,,,,,,,,, DIOR00002894,DSHOW BROW STYLER 032 
DIOR,DIORSHOW 2022,,,,,,,,,,,,,,
DIOR,DIORSHOW MASCARA 090 EU/US22,3348901591898,C026425090,,,,,,,,,,, DIOR00002536,DIORSHOW MASCARA 090 EU/US22
DIOR,DIORSHOW MASCARA 288 EU/US22,3348901591904,C026425288,,,,,,,,,,, DIOR00002537,DIORSHOW MASCARA 288 EU/US22
DIOR,DIORSHOW MASCARA 798 EU/US22,3348901591911,C026425798,,,,,,,,,,, DIOR00002538,DIORSHOW MASCARA 798 EU/US22
DIOR,DIORSHOW ON SET BROW 001 ,3348901596138,C026800001,,,,,,,,,,, DIOR00002539,DIORSHOW ON SET BROW 001 
DIOR,DIORSHOW ON SET BROW 003 ,3348901596145,C026800003,,,,,,,,,,, DIOR00002540,DIORSHOW ON SET BROW 003 
DIOR,DIORSHOW ON SET BROW 005 ,3348901605724,C026800005,,,,,,,,,,, DIOR00002541,DIORSHOW ON SET BROW 005 
DIOR,DIORSHOW ON SET BROW 032 ,3348901596152,C026800032,,,,,,,,,,, DIOR00002542,DIORSHOW ON SET BROW 032 
DIOR,DIORSHOW ON SET BROW 00 ,3348901596169,C026800101,,,,,,,,,,, DIOR00002543,DIORSHOW ON SET BROW 00 
DIOR,DIORSHOW ON STAGE LINER 096 ,3348901595988,C026900096,,,,,,,,,,, DIOR00002546,DIORSHOW ON STAGE LINER 096 
DIOR,DIORSHOW 2021,,,,,,,,,,,,,,
DIOR,DIORSHOW ICONIC OVERCURL W/PROOF MASC 091,3348901561556,C022500091,,,,,,,,,,, DIOR00000451,DIORSHOW ICONIC OVERCURL W/PROOF MASC 091
DIOR,MASCARA DIORSHOW W/P,,,,,,,,,,,,,,
DIOR,MASCARA DIORSHOW  W/P  090 BLACK,3348900669697,F069715090,,,,,,,,,,, DIOR00000522,DIORSHOW MASCARA W/P 090 BLACK
DIOR,DUDAK MAKYAJI,,,,,,,,,,,,,,
DIOR,ADDICT LIP GLOW OIL,,,,,,,,,,,,,,
DIOR,DA LIP GLW OIL 001 INT26,3348901792226,E000001063,,,,,,,,,,,,
DIOR,DA LIP GLW OIL 015 INT26,3348901792110,E000001052,,,,,,,,,,,,
DIOR,DA LIP GLW OIL 007 INT26,3348901809351,E000001516,,,,,,,,,,,,
DIOR,DA LIP GLW OIL 041 INT26,3348901802550,E000001345,,,,,,,,,,,,
DIOR,DA LIP GLW OIL 012 INT26,3348901792127,E000001053,,,,,,,,,,,,
DIOR,DA LIP GLW OIL 006 INT26,3348901792134,E000001054,,,,,,,,,,,,
DIOR,DA LIP GLW OIL 046 INT26,3348901802543,E000001344,,,,,,,,,,,,
DIOR,DA LIP GLW OIL 077 INT26,3348901792196,E000001060,,,,,,,,,,,,
DIOR,DA LIP GLW OIL 086 INT26,3348901792172,E000001058,,,,,,,,,,,,
DIOR,DA LIP GLW OIL 085 INT26,3348901792202,E000001061,,,,,,,,,,,,
DIOR,DA LIP GLW OIL 087 INT26,3348901792141,E000001055,,,,,,,,,,,,
DIOR,DA LIP GLW OIL 088 INT26,3348901809344,E000001515,,,,,,,,,,,,
DIOR,DA LIP GLW OIL 031 INT26,3348901792189,E000001059,,,,,,,,,,,,
DIOR,DA LIP GLW OIL 074 INT26,3348901792219,E000001062,,,,,,,,,,,,
DIOR,DA LIP GLW OIL 081 INT26,3348901792165,E000001057,,,,,,,,,,,,
DIOR,DA LIP GLW OIL 104 INT26,3348901792158,E000001056,,,,,,,,,,,,
DIOR,ADDICT LIPSTICK,,,,,,,,,,,,,,
DIOR,DIOR ADDICT LIPSTICK 120,3348901757881,E000000267,,,,,,,,,,, DIOR00003486,DIOR ADDICT LIPSTICK 120
DIOR,DIOR ADDICT LIPSTICK 250,3348901749442,E000000152,,,,,,,,,,, DIOR00003487,DIOR ADDICT LIPSTICK 250
DIOR,DIOR ADDICT LIPSTICK 212,3348901749435,E000000151,,,,,,,,,,, DIOR00003488,DIOR ADDICT LIPSTICK 212
DIOR,DIOR ADDICT LIPSTICK 426,3348901749411,E000000149,,,,,,,,,,, DIOR00003489,DIOR ADDICT LIPSTICK 426
DIOR,DIOR ADDICT LIPSTICK 428,3348901749404,E000000148,,,,,,,,,,, DIOR00003490,DIOR ADDICT LIPSTICK 428
DIOR,DIOR ADDICT LIPSTICK 380,3348901749459,E000000153,,,,,,,,,,, DIOR00003491,DIOR ADDICT LIPSTICK 380
DIOR,DIOR ADDICT LIPSTICK 734,3348901749398,E000000147,,,,,,,,,,, DIOR00003492,DIOR ADDICT LIPSTICK 734
DIOR,DIOR ADDICT LIPSTICK 786,3348901749428,E000000150,,,,,,,,,,, DIOR00003493,DIOR ADDICT LIPSTICK 786
DIOR,DIOR ADDICT LIPSTICK 862,3348901749381,E000000146,,,,,,,,,,, DIOR00003494,DIOR ADDICT LIPSTICK 862
DIOR,DIOR ADDICT LIPSTICK 871,3348901749350,E000000143,,,,,,,,,,, DIOR00003495,DIOR ADDICT LIPSTICK 871
DIOR,ADD LIPSTICK 463 INT23,3348901655958,C029100463,,,,,,,,,,, DIOR00002560,ADD LIPSTICK 463 INT23
DIOR,ADD LIPSTICK 521 INT23,3348901655965,C029100521,,,,,,,,,,, DIOR00002561,ADD LIPSTICK 521 INT23
DIOR,ADD LIPSTICK 566 INT23,3348901655972,C029100566,,,,,,,,,,, DIOR00002562,ADD LIPSTICK 566 INT23
DIOR,ADD LIPSTICK 652 INT23,3348901609937,C029100652,,,,,,,,,,, DIOR00002563,ADD LIPSTICK 652 INT23
DIOR,ADD LIPSTICK 845 INT23,3348901656054,C029100845,,,,,,,,,,, DIOR00002568,ADD LIPSTICK 845 INT23
DIOR,ADD LIPSTICK 362,3348901708616,C029100362,,,,,,,,,,, DIOR00003132,ADD LIPSTICK 362
DIOR,ADD LIPSTICK 391 INT24,3348901708623,C029100391,,,,,,,,,,, DIOR00002909,ADD LIPSTICK 391 INT24
DIOR,ADD LIPSTICK 481 INT24,3348901708630,C029100481,,,,,,,,,,, DIOR00002910,ADD LIPSTICK 481 INT24
DIOR,ADD LIPSTICK 546 INT24,3348901708647,C029100546,,,,,,,,,,, DIOR00002911,ADD LIPSTICK 546 INT24
DIOR,ADD LIPSTICK 616 INT24,3348901708654,C029100616,,,,,,,,,,, DIOR00002912,ADD LIPSTICK 616 INT24
DIOR,ADD LIPSTICK 422 INT22,3348901609821,C029100422,,,,,,,,,,, DIOR00002599,ADD LIPSTICK 422 INT22
DIOR,ADD LIPSTICK 667 INT22,3348901605991,C029100667,,,,,,,,,,, DIOR00002603,ADD LIPSTICK 667 INT22
DIOR,ADD LIPSTICK 720 INT22,3348901610001,C029100720,,,,,,,,,,, DIOR00002605,ADD LIPSTICK 720 INT22
DIOR,ADD LIPSTICK 536 INT22,3348901605762,C029100536,,,,,,,,,,, DIOR00002606,ADD LIPSTICK 536 INT22
DIOR,ADD LIPSTICK 329 INT22,3348901609784,C029100329,,,,,,,,,,, DIOR00002608,ADD LIPSTICK 329 INT22
DIOR,ADD LIPSTICK 008 INT22,3348901609760,C029100008,,,,,,,,,,, DIOR00002609,ADD LIPSTICK 008 INT22
DIOR,ADD LIPSTICK 100 INT22,3348901609777,C029100100,,,,,,,,,,, DIOR00002610,ADD LIPSTICK 100 INT22
DIOR,ADD LIPSTICK 745 INT22,3348901610032,C029100745,,,,,,,,,,, DIOR00002612,ADD LIPSTICK 745 INT22
DIOR,ADD LIPSTICK 744 INT22,3348901625593,C029100744,,,,,,,,,,, DIOR00002614,ADD LIPSTICK 744 INT22
DIOR,ADD LIPSTICK 418 INT22,3348901609814,C029100418,,,,,,,,,,, DIOR00002615,ADD LIPSTICK 418 INT22
DIOR,ADD LIPSTICK 727 INT22,3348901610018,C029100727,,,,,,,,,,, DIOR00002616,ADD LIPSTICK 727 INT22
DIOR,ADD LIPSTICK 373 INT22,3348901610445,C029100373,,,,,,,,,,, DIOR00002618,ADD LIPSTICK 373 INT22
DIOR,ADD LIPSTICK 526 INT22,3348901609845,C029100526,,,,,,,,,,, DIOR00002626,ADD LIPSTICK 526 INT22
DIOR,ADD LIPSTICK 976 INT22,3348901605854,C029100976,,,,,,,,,,, DIOR00002629,ADD LIPSTICK 976 INT22
DIOR,ROUGE DIOR FOREVER STICK,,,,,,,,,,,,,,
DIOR,RGE DIOR COFFRET,3348901696548,C099700800,,,,,,,,,,, DIOR00002902,RGE DIOR COFFRET
DIOR,ADDICT LIP TINT,,,,,,,,,,,,,,
DIOR,ADD LIP TINT 251 ,3348901601412,C027100251,,,,,,,,,,, DIOR00002586,ADD LIP TINT 251 
DIOR,ADD LIP TINT 351 ,3348901601429,C027100351,,,,,,,,,,, DIOR00002587,ADD LIP TINT 351 
DIOR,ADD LIP TINT 421 ,3348901601436,C027100421,,,,,,,,,,, DIOR00002588,ADD LIP TINT 421 
DIOR,ADD LIP TINT 451 ,3348901601443,C027100451,,,,,,,,,,, DIOR00002589,ADD LIP TINT 451 
DIOR,ADD LIP TINT 491 ,3348901601450,C027100491,,,,,,,,,,, DIOR00002590,ADD LIP TINT 491 
DIOR,ADD LIP TINT 541 ,3348901601467,C027100541,,,,,,,,,,, DIOR00002591,ADD LIP TINT 541 
DIOR,ADD LIP TINT 561 ,3348901602778,C027100561,,,,,,,,,,, DIOR00002592,ADD LIP TINT 561 
DIOR,ADD LIP TINT 651 ,3348901602808,C027100651,,,,,,,,,,, DIOR00002593,ADD LIP TINT 651 
DIOR,ADD LIP TINT 761 ,3348901601498,C027100761,,,,,,,,,,, DIOR00002594,ADD LIP TINT 761 
DIOR,ADD LIP TINT 771 ,3348901601504,C027100771,,,,,,,,,,, DIOR00002595,ADD LIP TINT 771 
DIOR,ROUGE DIOR FOREVER LIQUID,,,,,,,,,,,,,,
DIOR,RGE DIOR FOREVER ROUGE 300 INT22,3348901624404,C025400300,,,,,,,,,,, DIOR00002632,RGE DIOR FOREVER ROUGE 300 INT22
DIOR,RGE DIOR FOREVER ROUGE 637 INT22,3348901624428,C025400637,,,,,,,,,,, DIOR00002633,RGE DIOR FOREVER ROUGE 637 INT22
DIOR,RGE DIOR FOREVER ROUGE 720 INT22,3348901624435,C025400720,,,,,,,,,,, DIOR00002634,RGE DIOR FOREVER ROUGE 720 INT22
DIOR,RGE DIOR FOREVER ROUGE 840 INT22,3348901624442,C025400840,,,,,,,,,,, DIOR00002635,RGE DIOR FOREVER ROUGE 840 INT22
DIOR,RGE DIOR FOREVER ROUGE 861 INT22,3348901624473,C025400861,,,,,,,,,,, DIOR00002636,RGE DIOR FOREVER ROUGE 861 INT22
DIOR,RGE DIOR FOREVER ROUGE 100 INT21,3348901588355,C025400100,,,,,,,,,,, DIOR00000560,ROUGE DIOR FOREVER ROUGE 100
DIOR,RGE DIOR FOREVER ROUGE 200 INT21,3348901588362,C025400200,,,,,,,,,,, DIOR00000561,ROUGE DIOR FOREVER ROUGE 200
DIOR,RGE DIOR FOREVER ROUGE 458 INT21,3348901588379,C025400458,,,,,,,,,,, DIOR00000562,ROUGE DIOR FOREVER ROUGE 458
DIOR,RGE DIOR FOREVER ROUGE 558 INT21,3348901588386,C025400558,,,,,,,,,,, DIOR00000563,ROUGE DIOR FOREVER ROUGE 558
DIOR,RGE DIOR FOREVER ROUGE 626 INT21,3348901588393,C025400626,,,,,,,,,,, DIOR00000564,ROUGE DIOR FOREVER ROUGE 626
DIOR,RGE DIOR FOREVER ROUGE 741 INT21,3348901588720,C025400741,,,,,,,,,,, DIOR00000565,ROUGE DIOR FOREVER ROUGE 741
DIOR,RGE DIOR FOREVER ROUGE 760 INT21,3348901588409,C025400760,,,,,,,,,,, DIOR00000566,ROUGE DIOR FOREVER ROUGE 760
DIOR,RGE DIOR FOREVER ROUGE 820 INT21,3348901588416,C025400820,,,,,,,,,,, DIOR00000567,ROUGE DIOR FOREVER ROUGE 820
DIOR,RGE DIOR FOREVER ROUGE 959 INT21,3348901588447,C025400959,,,,,,,,,,, DIOR00000568,ROUGE DIOR FOREVER ROUGE 959
DIOR,RGE DIOR FOREVER ROUGE 999 INT21,3348901588454,C025400999,,,,,,,,,,, DIOR00000569,ROUGE DIOR FOREVER ROUGE 999
DIOR,ADDICT LIP PROS,,,,,,,,,,,,,,
DIOR,ADD LIP GLOW 061 INT24,3348901711562,C021400061,,,,,,,,,,, DIOR00003134,ADD LIP GLOW 061 INT24
DIOR,ADD LIP GLOW 062 INT24,3348901711579,C021400062,,,,,,,,,,, DIOR00003135,ADD LIP GLOW 062 INT24
DIOR,ADD LIP MAX 061 INT24,3348901711623,C031900061,,,,,,,,,,, DIOR00003137,ADD LIP MAX 061 INT24
DIOR,ADD LIP MAX 062 INT24,3348901711715,C031900062,,,,,,,,,,, DIOR00003138,ADD LIP MAX 062 INT24
DIOR,ADD LIP MAX 063 INT24,3348901711647,C031900063,,,,,,,,,,, DIOR00003139,ADD LIP MAX 063 INT24
DIOR,DA LIP BUTTER,,,,,,,,,,,,,,
DIOR,DA LIP GLW BUTTER 101 INT25,3348901770668,E000000588,,,,,,,,,,, DIOR00003496,DA LIP GLW BUTTER 101 INT25
DIOR,DA LIP GLW BUTTER 102 INT25,3348901770675,E000000589,,,,,,,,,,, DIOR00003497,DA LIP GLW BUTTER 102 INT25
DIOR,DA LIP GLW BUTTER 103 INT25,3348901770682,E000000590,,,,,,,,,,, DIOR00003498,DA LIP GLW BUTTER 103 INT25
DIOR,DA LIP GLW BUTTER 104 INT25,3348901770699,E000000591,,,,,,,,,,, DIOR00003499,DA LIP GLW BUTTER 104 INT25
DIOR,DA LIP GLW BUTTER 105 INT25,3348901770705,E000000592,,,,,,,,,,, DIOR00003500,DA LIP GLW BUTTER 105 INT25
DIOR,DA LIP GLOW,,,,,,,,,,,,,,
DIOR,DA LIP GLW 001 INT25,3348901729208,C045700001,,,,,,,,,,, DIOR00003143,DA LIP GLW 001 INT25
DIOR,DA LIP GLW 004 INT25,3348901729215,C045700004,,,,,,,,,,, DIOR00003144,DA LIP GLW 004 INT25
DIOR,DA LIP GLW 006 INT25,3348901744126,E000000008,,,,,,,,,,, DIOR00003501,DA LIP GLW 006 INT25
DIOR,DA LIP GLW 007 INT25,3348901729222,C045700007,,,,,,,,,,, DIOR00003145,DA LIP GLW 007 INT25
DIOR,DA LIP GLW 012 INT25,3348901729239,C045700012,,,,,,,,,,, DIOR00003146,DA LIP GLW 012 INT25
DIOR,DA LIP GLW 020 INT25,3348901729253,C045700020,,,,,,,,,,, DIOR00003147,DA LIP GLW 020 INT25
DIOR,DA LIP GLW 038 INT25,3348901744119,E000000007,,,,,,,,,,, DIOR00003502,DA LIP GLW 038 INT25
DIOR,DA LIP GLW 075 INT25,3348901737289,C045700075,,,,,,,,,,, DIOR00003148,DA LIP GLW 075 INT25
DIOR,DA LIP GLW 061 INT25,3348901741316,C045700061,,,,,,,,,,, DIOR00003503,DA LIP GLW 061 INT25
DIOR,DA LIP GLW 063 INT25,3348901741323,C045700063,,,,,,,,,,, DIOR00003504,DA LIP GLW 063 INT25
DIOR,DA LIP GLW 077 INT25,3348901737302,C045700077,,,,,,,,,,, DIOR00003149,DA LIP GLW 077 INT25
DIOR,DA LIP GLW 100 000 INT25,3348901737432,C045700100,,,,,,,,,,, DIOR00003150,DA LIP GLW 100 000 INT25
DIOR,ADDICT LIP MAXIMIZER & LIP GLOW & LIP GLOW OIL,,,,,,,,,,,,,,
DIOR,ADD LIP MAX 001 INT23,3348901635998,C031900001,,,,,,,,,,, DIOR00002637,ADD LIP MAX 001 INT23
DIOR,ADD LIP MAX 002 INT23,3348901636001,C031900002,,,,,,,,,,, DIOR00002638,ADD LIP MAX 002 INT23
DIOR,ADD LIP MAX 006 INT23,3348901636049,C031900006,,,,,,,,,,, DIOR00002639,ADD LIP MAX 006 INT23
DIOR,ADD LIP MAX 007 INT23,3348901636056,C031900007,,,,,,,,,,, DIOR00002640,ADD LIP MAX 007 INT23
DIOR,ADD LIP MAX 009 INT23,3348901636070,C031900009,,,,,,,,,,, DIOR00002641,ADD LIP MAX 009 INT23
DIOR,ADD LIP MAX 010 INT23,3348901636353,C031900010,,,,,,,,,,, DIOR00002642,ADD LIP MAX 010 INT23
DIOR,ADD LIP MAX 012 INT23,3348901636100,C031900012,,,,,,,,,,, DIOR00002643,ADD LIP MAX 012 INT23
DIOR,ADD LIP MAX 015 INT23,3348901636131,C031900015,,,,,,,,,,, DIOR00002644,ADD LIP MAX 015 INT23
DIOR,ADD LIP MAX 020 INT23,3348901636186,C031900020,,,,,,,,,,, DIOR00002645,ADD LIP MAX 020 INT23
DIOR,ADD LIP MAX 026 INT23,3348901636247,C031900026,,,,,,,,,,, DIOR00002646,ADD LIP MAX 026 INT23
DIOR,ADD LIP MAX 038 INT23,3348901650236,C031900038,,,,,,,,,,, DIOR00002647,ADD LIP MAX 038 INT23
DIOR,ADD LIP MAX 039 INT23,3348901650243,C031900039,,,,,,,,,,, DIOR00002648,ADD LIP MAX 039 INT23
DIOR,ADD LIP MAX SERUM 100(000) INT22,3348901598156,C019200100,,,,,,,,,,, DIOR00000573,ADD LIP MAX SERUM 100(000)
DIOR,ROUGE DIOR,,,,,,,,,,,,,,
DIOR,RGE DIOR VELVET 299 CH24,3348901738644,C035600299,,,,,,,,,,, DIOR00003151,RGE DIOR VELVET 299 CH24
DIOR,RGE DIOR VELVET 313 INT24,3348901738651,C035600313,,,,,,,,,,, DIOR00003152,RGE DIOR VELVET 313 INT24
DIOR,RGE DIOR VELVET 320 INT24,3348901738668,C035600320,,,,,,,,,,, DIOR00003153,RGE DIOR VELVET 320 INT24
DIOR,RGE DIOR VELVET 413 INT24,3348901738675,C035600413,,,,,,,,,,, DIOR00003154,RGE DIOR VELVET 413 INT24
DIOR,RGE DIOR SATIN 028 INT24,3348901658744,C035500028,,,,,,,,,,, DIOR00002924,RGE DIOR SATIN 028 INT24
DIOR,RGE DIOR SATIN 080 INT24,3348901658751,C035500080,,,,,,,,,,, DIOR00002925,RGE DIOR SATIN 080 INT24
DIOR,RGE DIOR SATIN 100 INT24,3348901658768,C035500100,,,,,,,,,,, DIOR00002926,RGE DIOR SATIN 100 INT24
DIOR,RGE DIOR SATIN 277 INT24,3348901658782,C035500277,,,,,,,,,,, DIOR00002927,RGE DIOR SATIN 277 INT24
DIOR,RGE DIOR SATIN 434 INT24,3348901658836,C035500434,,,,,,,,,,, DIOR00002928,RGE DIOR SATIN 434 INT24
DIOR,RGE DIOR SATIN 458 INT24,3348901659307,C035500458,,,,,,,,,,, DIOR00002929,RGE DIOR SATIN 458 INT24
DIOR,RGE DIOR SATIN 644 INT24,3348901658881,C035500644,,,,,,,,,,, DIOR00002930,RGE DIOR SATIN 644 INT24
DIOR,RGE DIOR SATIN 683 INT24,3348901658935,C035500683,,,,,,,,,,, DIOR00002931,RGE DIOR SATIN 683 INT24
DIOR,RGE DIOR SATIN 720 INT24,3348901658942,C035500720,,,,,,,,,,, DIOR00002932,RGE DIOR SATIN 720 INT24
DIOR,RGE DIOR SATIN 743 INT24,3348901658959,C035500743,,,,,,,,,,, DIOR00002933,RGE DIOR SATIN 743 INT24
DIOR,RGE DIOR SATIN 999 INT24,3348901659000,C035500999,,,,,,,,,,, DIOR00002934,RGE DIOR SATIN 999 INT24
DIOR,RGE DIOR NEW VELVET 100 INT24,3348901658409,C035600100,,,,,,,,,,, DIOR00002935,RGE DIOR NEW VELVET 100 INT24
DIOR,RGE DIOR NEW VELVET 200 INT24,3348901689434,C035600200,,,,,,,,,,, DIOR00002936,RGE DIOR NEW VELVET 200 INT24
DIOR,RGE DIOR NEW VELVET 220 INT24,3348901691703,C035600220,,,,,,,,,,, DIOR00002937,RGE DIOR NEW VELVET 220 INT24
DIOR,RGE DIOR NEW VELVET 221 INT24,3348901664738,C035600221,,,,,,,,,,, DIOR00002938,RGE DIOR NEW VELVET 221 INT24
DIOR,RGE DIOR NEW VELVET 300 INT24,3348901689441,C035600300,,,,,,,,,,, DIOR00002939,RGE DIOR NEW VELVET 300 INT24
DIOR,RGE DIOR NEW VELVET 360 INT24,3348901692113,C035600360,,,,,,,,,,, DIOR00002940,RGE DIOR NEW VELVET 360 INT24
DIOR,RGE DIOR NEW VELVET 400 INT24,3348901689458,C035600400,,,,,,,,,,, DIOR00002941,RGE DIOR NEW VELVET 400 INT24
DIOR,RGE DIOR NEW VELVET 429 INT24,3348901692120,C035600429,,,,,,,,,,, DIOR00002942,RGE DIOR NEW VELVET 429 INT24
DIOR,RGE DIOR NEW VELVET 505 INT24,3348901658423,C035600505,,,,,,,,,,, DIOR00002943,RGE DIOR NEW VELVET 505 INT24
DIOR,RGE DIOR NEW VELVET 581 INT24,3348901664769,C035600581,,,,,,,,,,, DIOR00002944,RGE DIOR NEW VELVET 581 INT24
DIOR,RGE DIOR NEW VELVET 624 INT24,3348901664776,C035600624,,,,,,,,,,, DIOR00002945,RGE DIOR NEW VELVET 624 INT24
DIOR,RGE DIOR NEW VELVET 625 INT24,3348901658430,C035600625,,,,,,,,,,, DIOR00002946,RGE DIOR NEW VELVET 625 INT24
DIOR,RGE DIOR NEW VELVET 720 INT24,3348901658454,C035600720,,,,,,,,,,, DIOR00002947,RGE DIOR NEW VELVET 720 INT24
DIOR,RGE DIOR NEW VELVET 764 INT24,3348901664813,C035600764,,,,,,,,,,, DIOR00002948,RGE DIOR NEW VELVET 764 INT24
DIOR,RGE DIOR NEW VELVET 771 INT24,3348901658478,C035600771,,,,,,,,,,, DIOR00002949,RGE DIOR NEW VELVET 771 INT24
DIOR,RGE DIOR NEW VELVET 772 INT24,3348901658485,C035600772,,,,,,,,,,, DIOR00002950,RGE DIOR NEW VELVET 772 INT24
DIOR,RGE DIOR NEW VELVET 777 INT24,3348901677158,C035600777,,,,,,,,,,, DIOR00002951,RGE DIOR NEW VELVET 777 INT24
DIOR,RGE DIOR NEW VELVET 784 INT24,3348901658492,C035600784,,,,,,,,,,, DIOR00002952,RGE DIOR NEW VELVET 784 INT24
DIOR,RGE DIOR NEW VELVET 866 INT24,3348901658539,C035600866,,,,,,,,,,, DIOR00002953,RGE DIOR NEW VELVET 866 INT24
DIOR,RGE DIOR NEW VELVET 888 INT24,3348901658546,C035600888,,,,,,,,,,, DIOR00002954,RGE DIOR NEW VELVET 888 INT24
DIOR,RGE DIOR NEW VELVET 909 INT24,3348901691741,C035600909,,,,,,,,,,, DIOR00002955,RGE DIOR NEW VELVET 909 INT24
DIOR,RGE DIOR NEW VELVET 964 INT24,3348901658553,C035600964,,,,,,,,,,, DIOR00002956,RGE DIOR NEW VELVET 964 INT24
DIOR,RGE DIOR NEW VELVET 999 INT24,3348901658560,C035600999,,,,,,,,,,, DIOR00002957,RGE DIOR NEW VELVET 999 INT24
DIOR,RD ON STAGE SHINE 565 INT25,3348901779036,E000000802,,,,,,,,,,,,
DIOR,RD ON STAGE SHINE 168 INT25,3348901779067,E000000805,,,,,,,,,,,,
DIOR,RD ON STAGE SHINE 390 INT25,3348901779074,E000000806,,,,,,,,,,,,
DIOR,RD ON STAGE SHINE 120 INT25,3348901779104,E000000809,,,,,,,,,,,,
DIOR,RD ON STAGE SHINE 496 INT25,3348901779111,E000000810,,,,,,,,,,,,
DIOR,RD ON STAGE SHINE 425 INT25,3348901779128,E000000811,,,,,,,,,,,,
DIOR,RD ON STAGE SHINE 550 INT25,3348901779135,E000000812,,,,,,,,,,,,
DIOR,ROUGE DIOR CONTOUR,,,,,,,,,,,,,,
DIOR,RGE DIOR CONTOUR 229 INT24,3348901735797,C017900229,,,,,,,,,,, DIOR00003155,RGE DIOR CONTOUR 229 INT24
DIOR,RGE DIOR CONTOUR 310 INT24,3348901734028,C017900310,,,,,,,,,,, DIOR00003156,RGE DIOR CONTOUR 310 INT24
DIOR,RGE DIOR CONTOUR 329 INT24,3348901734035,C017900329,,,,,,,,,,, DIOR00003157,RGE DIOR CONTOUR 329 INT24
DIOR,RGE DIOR CONTOUR 510 INT24,3348901734042,C017900510,,,,,,,,,,, DIOR00003158,RGE DIOR CONTOUR 510 INT24
DIOR,RGE DIOR CONTOUR 200 INT24,3348901685450,C017900200,,,,,,,,,,, DIOR00002913,RGE DIOR CONTOUR 200 INT24
DIOR,RGE DIOR CONTOUR 277 INT24,3348901685474,C017900277,,,,,,,,,,, DIOR00002914,RGE DIOR CONTOUR 277 INT24
DIOR,RGE DIOR CONTOUR 300 INT24,3348901685481,C017900300,,,,,,,,,,, DIOR00002915,RGE DIOR CONTOUR 300 INT24
DIOR,RGE DIOR CONTOUR 400 INT24,3348901685498,C017900400,,,,,,,,,,, DIOR00002916,RGE DIOR CONTOUR 400 INT24
DIOR,RGE DIOR CONTOUR 624 INT24,3348901685504,C017900624,,,,,,,,,,, DIOR00002917,RGE DIOR CONTOUR 624 INT24
DIOR,RGE DIOR CONTOUR 720 INT24,3348901685511,C017900720,,,,,,,,,,, DIOR00002918,RGE DIOR CONTOUR 720 INT24
DIOR,RGE DIOR CONTOUR 743 INT24,3348901685528,C017900743,,,,,,,,,,, DIOR00002919,RGE DIOR CONTOUR 743 INT24
DIOR,RGE DIOR CONTOUR 777 INT24,3348901685535,C017900777,,,,,,,,,,, DIOR00002920,RGE DIOR CONTOUR 777 INT24
DIOR,RGE DIOR CONTOUR 964 INT24,3348901685566,C017900964,,,,,,,,,,, DIOR00002922,RGE DIOR CONTOUR 964 INT24
DIOR,RGE DIOR CONTOUR 999 INT24,3348901523608,C017900999,,,,,,,,,,, DIOR00002923,RGE DIOR CONTOUR 999 INT24
DIOR,RGE DIOR CONTOUR 001000 INT24,3348901697415,C041700001,,,,,,,,,,, DIOR00002958,RGE DIOR CONTOUR 001000 INT24
DIOR,ROUGE DIOR BALM,,,,,,,,,,,,,,
DIOR,RGE DIOR BALM 001 INT24,3348901725910,C045100001,,,,,,,,,,, DIOR00003159,RGE DIOR BALM 001 INT24
DIOR,RGE DIOR BALM 002 INT24,3348901725583,C045100002,,,,,,,,,,, DIOR00003160,RGE DIOR BALM 002 INT24
DIOR,RGE DIOR BALM 100 000 INT24,3348901725606,C045100100,,,,,,,,,,, DIOR00003161,RGE DIOR BALM 100 000 INT24
DIOR,TIRNAK ÜRÜNLERİ,,,,,,,,,,,,,,
DIOR,DIOR VERNIS ,,,,,,,,,,,,,,
DIOR,DIOR VERNIS 007 ,3348901672825,C038100007,,,,,,,,,,, DIOR00002959,DIOR VERNIS 007 
DIOR,DIOR VERNIS 047 ,3348901672832,C038100047,,,,,,,,,,, DIOR00002960,DIOR VERNIS 047 
DIOR,DIOR VERNIS 080 ,3348901672849,C038100080,,,,,,,,,,, DIOR00002961,DIOR VERNIS 080 
DIOR,DIOR VERNIS 100 ,3348901672856,C038100100,,,,,,,,,,, DIOR00002962,DIOR VERNIS 100 
DIOR,DIOR VERNIS 108 ,3348901672863,C038100108,,,,,,,,,,, DIOR00002963,DIOR VERNIS 108 
DIOR,DIOR VERNIS 206 ,3348901673129,C038100206,,,,,,,,,,, DIOR00002964,DIOR VERNIS 206 
DIOR,DIOR VERNIS 268 ,3348901672894,C038100268,,,,,,,,,,, DIOR00002965,DIOR VERNIS 268 
DIOR,DIOR VERNIS 323 ,3348901672900,C038100323,,,,,,,,,,, DIOR00002966,DIOR VERNIS 323 
DIOR,DIOR VERNIS 449 ,3348901672917,C038100449,,,,,,,,,,, DIOR00002967,DIOR VERNIS 449 
DIOR,DIOR VERNIS 513 ,3348901678360,C038100513,,,,,,,,,,, DIOR00002968,DIOR VERNIS 513 
DIOR,DIOR VERNIS 558 ,3348901672931,C038100558,,,,,,,,,,, DIOR00002969,DIOR VERNIS 558 
DIOR,DIOR VERNIS 663 ,3348901672955,C038100663,,,,,,,,,,, DIOR00002970,DIOR VERNIS 663 
DIOR,DIOR VERNIS 720 ,3348901672962,C038100720,,,,,,,,,,, DIOR00002971,DIOR VERNIS 720 
DIOR,DIOR VERNIS 796 ,3348901672979,C038100796,,,,,,,,,,, DIOR00002972,DIOR VERNIS 796 
DIOR,DIOR VERNIS 853 ,3348901672993,C038100853,,,,,,,,,,, DIOR00002973,DIOR VERNIS 853 
DIOR,DIOR VERNIS 878 ,3348901673143,C038100878,,,,,,,,,,, DIOR00002974,DIOR VERNIS 878 
DIOR,DIOR VERNIS 902 ,3348901673013,C038100902,,,,,,,,,,, DIOR00002975,DIOR VERNIS 902 
DIOR,DIOR VERNIS 999 ,3348901673020,C038100999,,,,,,,,,,, DIOR00002976,DIOR VERNIS 999 
DIOR,DIOR VERNIS CREME ABRICOT INT23,3348901672139,C099700549,,,,,,,,,,, DIOR00002977,DIOR VERNIS CREME ABRICOT INT23
DIOR,DIOR VERNIS BASE COAT,3348901672153,C099700550,,,,,,,,,,, DIOR00002978,DIOR VERNIS BASE COAT
DIOR,DIOR VERNIS HUILE ABRICOT INT23,3348901672184,C099700551,,,,,,,,,,, DIOR00002979,DIOR VERNIS HUILE ABRICOT INT23
DIOR,DIOR VERNIS DISSOLVANT INT23,3348901672795,C099700552,,,,,,,,,,, DIOR00002980,DIOR VERNIS DISSOLVANT INT23
DIOR,DIOR VERNIS NAIL GLOW,3348901672801,C099700553,,,,,,,,,,, DIOR00002981,DIOR VERNIS NAIL GLOW
DIOR,DIOR VERNIS TOP COAT,3348901673037,C099700554,,,,,,,,,,, DIOR00002982,DIOR VERNIS TOP COAT
DIOR,SEZON MAKYAJLARI,,,,,,,,,,,,,,
DIOR,HOLIDAY LOOK 2025,,,,,,,,,,,,,,
DIOR,RD SATIN L/ED 210 LK HOL INT25,3348901789554,E000000967,,,,,,,,,,,,
DIOR,RD VELVET L/ED 629 LK HOL INT25,3348901789561,E000000968,,,,,,,,,,,,
DIOR,RD VELVET L/ED 999 LK HOL INT25,3348901789578,E000000969,,,,,,,,,,,,
DIOR,RD SPARKLE L/ED 010 LK HOL INT25,3348901792073,E000001048,,,,,,,,,,,,
DIOR,RD DUO L/ED 747 LK HOL INT25,3348901789370,E000000965,,,,,,,,,,,,
DIOR,RD DUO L/ED 999 LK HOL INT25,3348901789363,E000000964,,,,,,,,,,,,
DIOR,RD DUO L/ED 720 LK HOL INT25,3348901789356,E000000963,,,,,,,,,,,,
DIOR,RD DUO L/ED 881 LK HOL INT25,3348901789349,E000000962,,,,,,,,,,,,
DIOR,RD DUO L/ED 905 LK HOL INT25,3348901789332,E000000961,,,,,,,,,,,,
DIOR,RD DUO L/ED 719 LK HOL INT25,3348901789325,E000000960,,,,,,,,,,,,
DIOR,RD DUO L/ED 520 LK HOL INT25,3348901789318,E000000959,,,,,,,,,,,,
DIOR,RD DUO L/ED 420 LK HOL INT25,3348901789301,E000000958,,,,,,,,,,,,
DIOR,RD DUO L/ED 220 LK HOL INT25,3348901789295,E000000957,,,,,,,,,,,,
DIOR,RD DUO L/ED 100 LK HOL INT25,3348901789288,E000000956,,,,,,,,,,,,
DIOR,FRV PWD LUMI L/ED 001 LK HOL INT25,3348901792080,E000001049,,,,,,,,,,,,
DIOR,FRV GLW MAX L/ED 018 LK HOL INT25,3348901789011,E000000952,,,,,,,,,,,,
DIOR,BCK ROSY GLW L/ED 810 LK HOL INT25,3348901792066,E000001047,,,,,,,,,,,,
DIOR,BCK ROSY GLW L/ED 830 LK HOL INT25,3348901792103,E000001051,,,,,,,,,,,,
DIOR,BCK ROSY GLW L/ED 850 LK HOL INT25,3348901792097,E000001050,,,,,,,,,,,,
DIOR,DSHW 5C L/ED 636 LK HOL INT25,3348901789066,E000000955,,,,,,,,,,,,
DIOR,DSHW 5C L/ED 912 LK HOL INT25,3348901788984,E000000950,,,,,,,,,,,,
DIOR,DSHW STYLO 187 LK HOL INT25,3348901791502,E000001027,,,,,,,,,,,,
DIOR,DSHW STYLO 951 LK HOL INT25,3348901791496,E000001026,,,,,,,,,,,,
DIOR,DIOR VERNIS L/ED 690 LK HOL INT25,3348901789028,E000000953,,,,,,,,,,,,
DIOR,DVERNIS TOP COAT L/ED 124 LK HOL INT25,3348901789042,E000000954,,,,,,,,,,,,
DIOR,HOLIDAY LOOK 2024,,,,,,,,,,,,,,
DIOR,R.DIOR FRV LIQ SEQUIN 113 HDAY INT24,3348901744300,E000000017,,,,,,,,,,, DIOR00003163,R.DIOR FRV LIQ SEQUIN 113 HDAY INT24
DIOR,R.DIOR FRV LIQ SEQUIN 333 HDAY INT24,3348901744225,E000000014,,,,,,,,,,, DIOR00003164,R.DIOR FRV LIQ SEQUIN 333 HDAY INT24
DIOR,R.DIOR FRV LIQ SEQUIN 353 HDAY INT24,3348901744256,E000000015,,,,,,,,,,, DIOR00003165,R.DIOR FRV LIQ SEQUIN 353 HDAY INT24
DIOR,R.DIOR LIQ FRV SEQUIN 100 HDAY INT24,3348901742832,C047300100,,,,,,,,,,, DIOR00003166,R.DIOR LIQ FRV SEQUIN 100 HDAY INT24
DIOR,R.DIOR LIQ FRV SEQUIN 323 HDAY INT24,3348901742719,C047300323,,,,,,,,,,, DIOR00003167,R.DIOR LIQ FRV SEQUIN 323 HDAY INT24
DIOR,R.DIOR LIQ FRV SEQUIN 843 HDAY INT24,3348901742726,C047300843,,,,,,,,,,, DIOR00003168,R.DIOR LIQ FRV SEQUIN 843 HDAY INT24
DIOR,R.DIOR LIQ FRV SEQUIN 893 HDAY INT24,3348901742733,C047300893,,,,,,,,,,, DIOR00003169,R.DIOR LIQ FRV SEQUIN 893 HDAY INT24
DIOR,R.DIOR LIQ FRV SEQUIN 903 HDAY INT24,3348901742870,C047300903,,,,,,,,,,, DIOR00003170,R.DIOR LIQ FRV SEQUIN 903 HDAY INT24
DIOR,R.DIOR LIQ FRV SEQUIN 999 HDAY INT24,3348901742795,C047372999,,,,,,,,,,, DIOR00003171,R.DIOR LIQ FRV SEQUIN 999 HDAY INT24
DIOR,RGE DIOR SATIN LED 374 HDAY INT24,3348901734684,C046600374,,,,,,,,,,, DIOR00003172,RGE DIOR SATIN LED 374 HDAY INT24
DIOR,RGE DIOR SATIN LED 994 HDAY INT24,3348901734691,C046600994,,,,,,,,,,, DIOR00003173,RGE DIOR SATIN LED 994 HDAY INT24
DIOR,RGE DIOR VELVET LED 284 HDAY INT24,3348901734660,C046500284,,,,,,,,,,, DIOR00003174,RGE DIOR VELVET LED 284 HDAY INT24
DIOR,RGE DIOR VELVET LED 999 HDAY INT24,3348901735674,C046500999,,,,,,,,,,, DIOR00003175,RGE DIOR VELVET LED 999 HDAY INT24
DIOR,DIOR FORV CUSHION CASE HDAY INT24,3348901742825,C099800308,,,,,,,,,,, DIOR00003176,DIOR FORV CUSHION CASE HDAY INT24
DIOR,DIOR FORV LUMI LED 001 HDAY INT24,3348901734516,C046900001,,,,,,,,,,, DIOR00003177,DIOR FORV LUMI LED 001 HDAY INT24
DIOR,DIOR FORV LUMI LED 002 HDAY INT24,3348901735681,C046900002,,,,,,,,,,, DIOR00003178,DIOR FORV LUMI LED 002 HDAY INT24
DIOR,DIOR VERNIS LED 641 HDAY INT24,3348901742818,C047400641,,,,,,,,,,, DIOR00003179,DIOR VERNIS LED 641 HDAY INT24
DIOR,DIOR VERNIS TCOAT LED 114 HDAY INT24,3348901734707,C046800114,,,,,,,,,,, DIOR00003180,DIOR VERNIS TCOAT LED 114 HDAY INT24
DIOR,DSHOW 5C COUT LED 643 HDAY INT24,3348901734486,C046700643,,,,,,,,,,, DIOR00003181,DSHOW 5C COUT LED 643 HDAY INT24
DIOR,DSHOW 5C COUT LED 863 HDAY INT24,3348901734578,C046700863,,,,,,,,,,, DIOR00003182,DSHOW 5C COUT LED 863 HDAY INT24
DIOR,DSHOW STYLO 656 HDAY INT24,3348901734844,C042300656,,,,,,,,,,, DIOR00003183,DSHOW STYLO 656 HDAY INT24
DIOR,ADD LIPSTICK 324 HDAY INT24,3348901734622,C029100324,,,,,,,,,,,,
DIOR,ADD LIPSTICK 704 HDAY INT24,3348901734639,C029100704,,,,,,,,,,,,
DIOR,DSHOW STYLO 796 HDAY INT24,3348901734851,C042300796,,,,,,,,,,, DIOR00003184,DSHOW STYLO 796 HDAY INT24
DIOR,SPRING LOOK 2024,,,,,,,,,,,,,,
DIOR,DIOR FORV BLUSH LED 225 SPR INT24,3348901706179,C043100225,,,,,,,,,,, DIOR00003187,DIOR FORV BLUSH LED 225 SPR INT24
DIOR,DSHOW 5C COUT LED 123 SPR INT24,3348901706803,C043200123,,,,,,,,,,, DIOR00003188,DSHOW 5C COUT LED 123 SPR INT24
DIOR,DSHOW 5C COUT LED 923 SPR INT24,3348901706209,C043200923,,,,,,,,,,, DIOR00003189,DSHOW 5C COUT LED 923 SPR INT24
DIOR,SUMMER LOOK 2024,,,,,,,,,,,,,,
DIOR,DSHOW 5C COUT LED 333 SUM INT24,3348901716253,C043700333,,,,,,,,,,, DIOR00003190,DSHOW 5C COUT LED 333 SUM INT24
DIOR,DSHOW 5C COUT LED 933 SUM INT24,3348901716260,C043700933,,,,,,,,,,, DIOR00003191,DSHOW 5C COUT LED 933 SUM INT24
DIOR,DIOR FORV GLOW MAXIMIZER 017 INT24,3348901725255,C043600017,,,,,,,,,,, DIOR00003192,DIOR FORV GLOW MAXIMIZER 017 INT24
DIOR,DIOR VERNIS 203 SUM INT24,3348901716215,C038100203,,,,,,,,,,, DIOR00003193,DIOR VERNIS 203 SUM INT24
DIOR,DIOR VERNIS 204 SUM INT24,3348901716222,C038100204,,,,,,,,,,, DIOR00003194,DIOR VERNIS 204 SUM INT24
DIOR,SUMMER LOOK 2023,,,,,,,,,,,,,,
DIOR,DSHW 5C COUT LED 974 SUM INT25,3348901760874,E000000405,,,,,,,,,,, DIOR00003505, DSHW 5C COUT LED 974 SUM INT25
DIOR,DSHW 5C COUT LED 654 SUM INT25,3348901760898,E000000406,,,,,,,,,,, DIOR00003506, DSHW 5C COUT LED 654 SUM INT25
DIOR,DA LIP GLW OIL 098 SUM INT25,3348901760584,E000000380,,,,,,,,,,, DIOR00003507,DA LIP GLW OIL 098 SUM INT25
DIOR,DA LIP GLW OIL 096 SUM INT25,3348901760607,E000000382,,,,,,,,,,, DIOR00003508,DA LIP GLW OIL 096 SUM INT25
DIOR,DVERNIS 664 SUM INT25,3348901760850,E000000403,,,,,,,,,,, DIOR00003509,DVERNIS 664 SUM INT25
DIOR,DVERNIS 330 SUM INT25,3348901760867,E000000404,,,,,,,,,,, DIOR00003510,DVERNIS 330 SUM INT25
DIOR,FRV NUDE BRZ LED 032 SUM INT25,3348901766067,E000000499,,,,,,,,,,, DIOR00003511,FRV NUDE BRZ LED 032 SUM INT25
DIOR,MAKYAJ YILBAŞI SETLERİ 2024,,,,,,,,,,,,,,
DIOR,HOL MU ADDICT NATURAL SET INT24,3348901727877,C400100904,,,,,,,,,,,,
DIOR,HOL MU MASCARA OFFER INT24,3348901727907,C400100907,,,,,,,,,,,,
DIOR,HOL MU MASCARA SET INT24,3348901727914,C400100908,,,,,,,,,,,,
DIOR,HOL MU RD COUTURE SET INT24,3348901727884,C400100905,,,,,,,,,,,,
DIOR,MAKYAJ SETLERİ,,,,,,,,,,,,,,
DIOR,MUP DA ROUTINE COFFRET INT26,3348901795319,E100000059,,,,,,,,,,,,
DIOR,MAKYAJ YILBAŞI SETLERİ 2025,,,,,,,,,,,,,,
DIOR,PALETTE MULTI USE HOL INT25,3348901773034,E000000689,,,,,,,,,,,,
DIOR,EYE SHADOW PALETTE HOL INT25,3348901773041,E000000690,,,,,,,,,,,,
DIOR,DSHW MASC OFFER HOL INT25,3348901772495,E100000033,,,,,,,,,,,,
DIOR,MU DSHW VOLUME & CURL SET HOL INT25,3348901772426,E100000031,,,,,,,,,,,,
DIOR,MU NATURAL GLOW SET HOL INT25,3348901772488,E100000032,,,,,,,,,,,,
DIOR,MU VOLUME & GLOW OFFER HOL INT25,3348901772518,E100000035,,,,,,,,,,,,
DIOR,MU COUTURE SET RD HOL INT25,3348901774536,E100000050,,,,,,,,,,,,
DIOR,KADIN PARFÜMLERİ,,,,,,,,,,,,,,
DIOR,JOY INTENSE,,,,,,,,,,,,,,
DIOR,JOY EDP INTENSE SPR 90 ML ,3348901487528,C099600458,,,,,,,,,,, DIOR00000001,JOY EDP INTENSE 90 ML 
DIOR,JOY EDP INTENSE SPR 50 ML ,3348901487511,C099600457,,,,,,,,,,, DIOR00000002,JOY EDP INTENSE 50 ML 
DIOR,JOY EAU DE PARFUM,,,,,,,,,,,,,,
DIOR,JOY EDP 90 ML,3348901419093,C099600152,,,,,,,,,,, DIOR00000003,JOY EDP 90 ML
DIOR,JOY EDP 50 ML,3348901419086,C099600151,,,,,,,,,,, DIOR00000004,JOY EDP 50 ML
DIOR,MISS DIOR ESSENCE,,,,,,,,,,,,,,
DIOR,MD ESSENCE 80 ML INT25,3348901757683,E000000262,,,,,,,,,,,,
DIOR,MD ESSENCE 50 ML INT25,3348901757690,E000000263,,,,,,,,,,,,
DIOR,MISS DIOR PARFUM,,,,,,,,,,,,,,
DIOR,MD PARFUM SPR 80ML INT24,3348901708920,C099700897,,,,,,,,,,, DIOR00002796,MISS DIOR PARFUM SPR 80 ML
DIOR,MD PARFUM SPR 50ML INT24,3348901708937,C099700898,,,,,,,,,,, DIOR00002797,MISS DIOR PARFUM SPR 50 ML
DIOR,MD PARFUM SPR 125ML INT25,3348901709026,C099700901,,,,,,,,,,, DIOR00003199,MD PARFUM SPR 125ML INT25
DIOR,MISS DIOR SOLID PARFUM,,,,,,,,,,,,,,
DIOR,MD BB PARF SOL EDT 32 G INT24,3348901683593,C099700676,,,,,,,,,,, DIOR00003197,MD BB PARF SOL EDT 32 G INT24
DIOR,MD PARF SOL EDP 32 G INT24,3348901683609,C099700677,,,,,,,,,,, DIOR00003198,MD PARF SOL EDP 32 G INT24
DIOR,MISS DIOR NEW BLOOMING BOUQUET,,,,,,,,,,,,,,
DIOR,MISS DIOR BLOOMING BOUQUET EDT 100 ML,3348901627375,C099700102,,,,,,,,,,, DIOR00002486,MD BLOOMING BOUQUET EDT 100 ML
DIOR,MISS DIOR BLOOMING BOUQUET EDT 50 ML,3348901627368,C099700101,,,,,,,,,,, DIOR00002487,MD BLOOMING BOUQUET EDT 50 ML
DIOR,MISS DIOR NEW EDP,,,,,,,,,,,,,,
DIOR,MISS DIOR EDP SPR 100 ML,3348901571456,C099600764,,,,,,,,,,, DIOR00000008,MISS DIOR EDP 100 ML
DIOR,MISS DIOR EDP SPR 50 ML,3348901571449,C099600763,,,,,,,,,,, DIOR00000009,MISS DIOR EDP 50 ML
DIOR,MISS DIOR YAN ÜRÜNLER,,,,,,,,,,,,,,
DIOR,MISS DIOR HAIR OIL 30 ML,3348901749251,E000000134,,,,,,,,,,, DIOR00003512,MISS DIOR HAIR OIL 30 ML
DIOR,MISS DIOR BLOOMING BOUQUET HAIR MIST 30 ML,3348901749268,E000000135,,,,,,,,,,, DIOR00003513,MISS DIOR BLOOMING BOUQUET HAIR MIST 30 ML
DIOR,MISS DIOR PARFUM HAIR MIST 30 ML,3348901749466,E000000154,,,,,,,,,,, DIOR00003514,MISS DIOR PARFUM HAIR MIST 30 ML
DIOR,MISS DIOR EAU DE PARFUM HAIR MIST 30 ML,3348901749473,E000000155,,,,,,,,,,, DIOR00003515,MISS DIOR EAU DE PARFUM HAIR MIST 30 ML
DIOR,MISS DIOR ROSE BODY MILK 175ML,3348901687331,C099700711,,,,,,,,,,, DIOR00003047,MD ROSE BODY MILK BTL 175ML INT24
DIOR,MISS DIOR ROSE SHOWER GEL 175ML,3348901687348,C099700712,,,,,,,,,,, DIOR00003049,MD ROSE SHOWER GEL BTL 175ML INT24
DIOR,VDAY MD EDP X TS GIFT SET INT24,3348901697606,C400100717,,,,,,,,,,, DIOR00003051,VDAY MD EDP X TS GIFT SET INT24
DIOR,MD ROSE SCRUB BODY OIL BTL 175ML INT24,3348901687324,C099700710,,,,,,,,,,, DIOR00003048,MD ROSE SCRUB BODY OIL BTL 175ML INT24
DIOR,MD PARF SOL PARF 32G INT25,3348901726641,C099800125,,,,,,,,,,, DIOR00003516,MD PARF SOL PARF 32G INT25
DIOR,MISS DIOR HAND GEL BTL 100 ML INT21,3348901576376,C099600740,,,,,,,,,,, DIOR00000023,MISS DIOR HAND GEL BTL 100 ML
DIOR,MISS DIOR HAND CREAM 50 ML,3348901385732,C099600058,,,,,,,,,,, DIOR00000025,MISS DIOR HAND CREAM 50 ML
DIOR,MISS DIOR FRESH BODY CREME 150 ML,3348901356510,F001101000,,,,,,,,,,, DIOR00000026,MISS DIOR FRESH BODY CREME 150 ML
DIOR,"MISS DIOR 
PERFUMED DEODORANT 100 ML",3348901333139,F001738000,,,,,,,,,,, DIOR00000029,"MISS DIOR 
PERFUMED DEODORANT 100 ML"
DIOR,J'ADORE L'OR,,,,,,,,,,,,,,
DIOR,JAD LOR ESSENCE DE PARFUM SPR 50ML,3348901664653,C099700474,,,,,,,,,,, DIOR00002798,J'ADORE L'OR ESSENCE DE PARFUM SPR 50 ML
DIOR,JAD L OR ESSP SPR 80ML INT24,3348901700931,C099700827,,,,,,,,,,, DIOR00003052,JAD L OR ESSP SPR 80ML INT24
DIOR,J'ADORE D'EAU,,,,,,,,,,,,,,
DIOR,J'ADORE PARFUM D'EAU 100 ML,3348901597715,C099600980,,,,,,,,,,, DIOR00002668,J'ADORE PARFUM D'EAU 100 ML
DIOR,J'ADORE PARFUM D'EAU 50 ML,3348901597722,C099600981,,,,,,,,,,, DIOR00002669,J'ADORE PARFUM D'EAU 50 ML
DIOR,J'ADORE EAU DE PARFUM,,,,,,,,,,,,,,
DIOR,JAD PARF BTL 100ML INT26,3348901773362,E000000713,,,,,,,,,,,,
DIOR,JAD PARF BTL 50ML INT26,3348901773355,E000000712,,,,,,,,,,,,
DIOR,JAD EDP SPR 50ML INT25,3348901738217,C099800245,,,,,,,,,,, DIOR00003518,JAD EDP SPR 50ML INT25
DIOR,JAD EDP SPR 100ML INT25,3348901738224,C099800246,,,,,,,,,,, DIOR00003519,JAD EDP SPR 100ML INT25
DIOR,JAD EDP SPR 150ML INT25,3348901738231,C099800247,,,,,,,,,,, DIOR00003520,JAD EDP SPR 150ML INT25
DIOR,J'ADORE EAU DE TOILETTE,,,,,,,,,,,,,,
DIOR,J'ADORE EDT NEW 100 ML ,3348901296632,F361524609,,,,,,,,,,, DIOR00000044,J'ADORE EDT 100 ML 
DIOR,J'ADORE EDT NEW 50 ML ,3348901296625,F361522609,,,,,,,,,,, DIOR00000045,J'ADORE EDT 50 ML 
DIOR,J'ADORE SOLID PARFUM,,,,,,,,,,,,,,
DIOR,JAD PARF SOL EDP 3.2G INT25,3348901770637,E000000587,,,,,,,,,,,,
DIOR,JAD L OR PARF SOL ESSP 3.2G INT25,3348901770620,E000000586,,,,,,,,,,,,
DIOR,J'ADORE YAN ÜRÜNLER,,,,,,,,,,,,,,
DIOR,NEW CATALOG SHIMMERING BODY OIL,3348901758635,E000000289,,,,,,,,,,,,
DIOR,JAD HAND CREAM BTL 50ML INT24,3348901674751,C099700471,,,,,,,,,,, DIOR00002994,J'ADORE HAND CREAM BTL 50ML INT24
DIOR,JAD BODY MILK BTL 200ML INT24,3348901640084,C099700193,,,,,,,,,,, DIOR00002995,J'ADORE BODY MILK BTL 200ML INT24
DIOR,JAD SHOWER GEL BTL 200ML INT24,3348901674744,C099700470,,,,,,,,,,, DIOR00002996,J'ADORE SHOWER GEL BTL 200ML INT24
DIOR,JAD BODY CREAM JAR 150 ML,3348901630528,C099700190,,,,,,,,,,, DIOR00002670,JAD BODY CREAM JAR 150ML INT23
DIOR,JAD BODY SCRUB JAR 150 ML,3348901641234,C099700240,,,,,,,,,,, DIOR00002671,JAD BODY SCRUB JAR 150ML INT23
DIOR,JAD SPARKING BODY GEL JAR 100 ML,3348901630603,C099700191,,,,,,,,,,, DIOR00002672,JAD SPARKING BODY GEL JAR 100ML INT23
DIOR,J'ADORE EDP HAIR MIST SPR 40 ML,3348901497282,C099600483,,,,,,,,,,, DIOR00000067,J'ADORE EDP HAIR MIST SPR 40 ML
DIOR,J'ADORE DEO SPRAY,3348900852655,F054015864,,,,,,,,,,, DIOR00000041,J'ADORE DEODORANT SPRAY 100 ML
DIOR,POISON GIRL EAU DE PARFUM,,,,,,,,,,,,,,
DIOR,POISON GIRL EDP SPR 100 ML,3348901293846,F076324009,,,,,,,,,,, DIOR00000048,POISON GIRL EDP 100 ML
DIOR,POISON GIRL EDP SPR 50 ML,3348901293839,F076322009,,,,,,,,,,, DIOR00000049,POISON GIRL EDP 50 ML
DIOR,POISON GIRL EAU DE TOILETTE,,,,,,,,,,,,,,
DIOR,POISON GIRL EDT SPR 100 ML,3348901345736,F026324009,,,,,,,,,,, DIOR00000050,POISON GIRL EDT 100 ML
DIOR,POISON GIRL EDT SPR 50 ML,3348901345729,F026322009,,,,,,,,,,, DIOR00000051,POISON GIRL EDT 50 ML
DIOR,HYPNOTIC POISON EAU DE PARFUM,,,,,,,,,,,,,,
DIOR,HYPNOTIC POISON EDP 100 ML                  ,3348901192231,F008344409,,,,,,,,,,, DIOR00000054,HYPNOTIC POISON EDP 100 ML                  
DIOR,HYPNOTIC POISON EDP  50 ML                  ,3348901192224,F008342409,,,,,,,,,,, DIOR00000055,HYPNOTIC POISON EDP 50 ML                  
DIOR,HYPNOTIC POISON EAU DE TOILETTE,,,,,,,,,,,,,,
DIOR,HYPNOTIC POISON EDT 150 ML,3348901250351,F006386009,,,,,,,,,,, DIOR00000056,HYPNOTIC POISON EDT 150 ML
DIOR,HYPNOTIC POISON EDT 100 ML,3348900425309,F006344009,,,,,,,,,,, DIOR00000057,HYPNOTIC POISON EDT 100 ML
DIOR,HYPNOTIC POISON EDT 50 ML,3348900378575,F006342009,,,,,,,,,,, DIOR00000058,HYPNOTIC POISON EDT 50 ML
DIOR,HYPNOTIC POISON YAN ÜRÜN,,,,,,,,,,,,,,
DIOR,HYPNOTIC POISON DEODORANT AEROS 100 ML,3348900943315,F056364009,,,,,,,,,,, DIOR00000060,HYPNOTIC POISON DEO SPRAY 100 ML
DIOR,POISON EDT,,,,,,,,,,,,,,
DIOR,POISON EDT 100 ML,3348900011687,F006324009,,,,,,,,,,, DIOR00000061,POISON EDT 100 ML
DIOR,POISON EDT 50 ML,3348900011632,F006322009,,,,,,,,,,, DIOR00000062,POISON EDT 50 ML
DIOR,PURE POISON EAU DE PARFUM,,,,,,,,,,,,,,
DIOR,PURE POISON EDP 100 ML,3348900606715,F008324609,,,,,,,,,,, DIOR00000063,PURE POISON EDP 100 ML
DIOR,PURE POISON EDP 50 ML,3348900606708,F008322609,,,,,,,,,,, DIOR00000064,PURE POISON EDP 50 ML
DIOR,DIOR FRAGRANCE TO GO - ROLLER PEARL/HAIR MIST,,,,,,,,,,,,,,
DIOR,MD PARFUM R-PEARL 20ML INT24,3348901709019,C099700900,,,,,,,,,,, DIOR00003055,MD PARFUM R-PEARL 20ML INT24
DIOR,MISS DIOR EDP R-PEARL 20 ML,3348901627276,C099700095,,,,,,,,,,, DIOR00001081,MD R-PEARL EDP 20 ML INT22
DIOR,J'ADORE EDT R-PEARL 20 ML,3348901497275,C099600482,,,,,,,,,,, DIOR00000068,J'ADORE EDT R-PEARL 20 ML
DIOR,J'ADORE EDP R-PEARL 20 ML,3348901426961,C099600173,,,,,,,,,,, DIOR00000069,J'ADORE EDP R-PEARL
DIOR,HYPNOTIC POISON EDT R-PEARL 20 ML,3348901445108,C099600227,,,,,,,,,,, DIOR00000071,HYPNOTIC POISON R-PEARL EDT 20 ML
DIOR,MISS DIOR BLOOMING BOUQUET R-PEARL 20 ML,3348901395366,C099600080,,,,,,,,,,, DIOR00000072,MISS DIOR BLOOMING BOUQUET R-PEARL
DIOR,DUNE EAU DE TOILETTE,,,,,,,,,,,,,,
DIOR,DUNE EDT 100 ML,3348900103870,F006924009,,,,,,,,,,, DIOR00000076,DUNE EDT 100 ML
DIOR,DIORISSIMO EAU DE TOILETTE,,,,,,,,,,,,,,
DIOR,DIORISSIMO EDT 100 ML,3348900314290,F006424909,,,,,,,,,,, DIOR00000077,DIORISSIMO EDT 100 ML
DIOR,DIOR ADDICT EAU DE PARFUM,,,,,,,,,,,,,,
DIOR,DA PEACHY GLW VP 50ML INT26,3348901786362,E000000923,,,,,,,,,,,,
DIOR,DA PURPLE GLW VP 50ML INT26,3348901786393,E000000926,,,,,,,,,,,,
DIOR,DA ROSY GLW VP 50ML INT26,3348901786331,E000000920,,,,,,,,,,,,
DIOR,ADD EDP NEW SPR 100 ML,3348901181839,F007284409,,,,,,,,,,, DIOR00000080,ADDICT EDP 100 ML
DIOR,ADD EDP NEW SPR 50 ML,3348901182348,F007282409,,,,,,,,,,, DIOR00000081,ADDICT EDP 50 ML
DIOR,DIOR ADDICT EDT,,,,,,,,,,,,,,
DIOR,DA ROSY GLW SPR 100ML INT26,3348901786355,E000000922,,,,,,,,,,,,
DIOR,DA PURPLE GLW SPR 100ML INT26,3348901786416,E000000928,,,,,,,,,,,,
DIOR,DA PEACHY GLW SPR 100ML INT26,3348901786386,E000000925,,,,,,,,,,,,
DIOR,DA PEACHY GLW VP 50ML INT26,3348901786362,E000000923,,,,,,,,,,,,
DIOR,DA PURPLE GLW VP 50ML INT26,3348901786393,E000000926,,,,,,,,,,,,
DIOR,DA ROSY GLW VP 50ML INT26,3348901786331,E000000920,,,,,,,,,,,,
DIOR,ADD NEW EDT SP 100 ML,3348901206174,F062874009,,,,,,,,,,, DIOR00000082,ADDICT EDT 100 ML
DIOR,ADD NEW EDT SP 50 ML,3348901206167,F062872009,,,,,,,,,,, DIOR00000083,ADDICT EDT 50 ML
DIOR,KADIN PARFÜM ANNELER GÜNÜ SETLERİ,,,,,,,,,,,,,,
DIOR,J’ADORE EDP 100ML & L/E TRAVEL SPRAY GIFTSET,3348901801591,E100000077,,,,,,,,,,,,
DIOR,MISS DIOR BB EDT 100ML & L/E TRAVEL SPRAY GIFTSET,3348901801607,E100000078,,,,,,,,,,,,
DIOR,MISS DIOR EDP 50ML & BODY LOTION GIFTSET,3348901801614,E100000079,,,,,,,,,,,,
DIOR,MISS DIOR BLOOMING BOUQUET 100ML + TRAVEL SPRAY 10 ML,3348901749749,E100000005,,,,,,,,,,,,
DIOR,MISS DIOR EDP 50ML + BODY LOTION 75ML,3348901749756,E100000006,,,,,,,,,,,,
DIOR,JADORE EDP 100ML + TRAVEL SPRAY 10 ML,3348901749763,E100000007,,,,,,,,,,,,
DIOR,MDAY JAD EDP TS JEWEL BOX 100ML INT24,3348901696999,C400100706,,,,,,,,,,, DIOR00003046,MDAY JAD EDP TS JEWEL BOX 100ML INT24
DIOR,KADIN PARFÜM YILBAŞI SETLERİ 2024,,,,,,,,,,,,,,
DIOR,HOL JEWEL BOX JAD EDP 100ML INT24,3348901727747,C400100886,,,,,,,,,,,,
DIOR,HOL JEWEL BOX MD EDP 100ML INT24,3348901727754,C400100887,,,,,,,,,,,,
DIOR,KADIN PARFÜM YILBAŞI SETLERİ 2025,,,,,,,,,,,,,,
DIOR,MD EDP COF 100ML HOL INT25,3348901772709,E100000044,,,,,,,,,,,,
DIOR,MD BB LIFESTYLE POUCH 50ML HOL INT25,3348901772679,E100000042,,,,,,,,,,,,
DIOR,JAD EDP COF 100ML HOL INT25,3348901772976,E100000046,,,,,,,,,,,,
DIOR,ERKEK PARFÜMLERİ,,,,,,,,,,,,,,
DIOR,SAUVAGE EAU FORTE,,,,,,,,,,,,,,
DIOR,SAU NEW FRAG SPR 100ML INT24,3348901728836,C099800171,,,,,,,,,,, DIOR00003054,SAU NEW FRAG SPR 100 ML INT24
DIOR,SAU NEW FRAG SPR 60ML INT24,3348901728829,C099800170,,,,,,,,,,, DIOR00003053,SAU NEW FRAG SPR 60 ML INT24
DIOR,SAUVAGE ELIXIR,,,,,,,,,,,,,,
DIOR,SAUVAGE ELIXIR SPRAY 150 ML,3348901786997,E000000932,,,,,,,,,,,,
DIOR,SAUVAGE ELIXIR SPRAY 100 ML,3348901640916,C099700242,,,,,,,,,,, DIOR00002485,SAUVAGE ELIXIR SPRAY 100ML
DIOR,SAUVAGE ELIXIR SPRAY 60 ML,3348901567572,C099600755,,,,,,,,,,, DIOR00000086,SAUVAGE ELIXIR 60 ML
DIOR,SAUVAGE PARFUM,,,,,,,,,,,,,,
DIOR,SAUVAGE PARFUM SPRAY 200 ML,3348901520065,C099600531,,,,,,,,,,, DIOR00000087,SAUVAGE PARFUM 200 ML
DIOR,SAUVAGE PARFUM SPRAY 100 ML,3348901486385,C099600455,,,,,,,,,,, DIOR00000088,SAUVAGE PARFUM 100 ML
DIOR,SAUVAGE PARFUM SPRAY 60 ML,3348901486392,C099600456,,,,,,,,,,, DIOR00000089,SAUVAGE PARFUM 60 ML
DIOR,SAUVAGE EDP,,,,,,,,,,,,,,
DIOR,SAUVAGE EDP SPRAY 200 ML,3348901428545,C099600180,,,,,,,,,,, DIOR00000090,SAUVAGE EDP 200 ML
DIOR,SAUVAGE EDP SPRAY 100 ML,3348901368247,F078524009,,,,,,,,,,, DIOR00000091,SAUVAGE EDP 100 ML
DIOR,SAUVAGE EDP SPRAY 60 ML,3348901368254,F078522009,,,,,,,,,,, DIOR00000092,SAUVAGE EDP 60 ML
DIOR,SAUVAGE EDT & YAN ÜRÜNLER,,,,,,,,,,,,,,
DIOR,SVG HAIR SER PBTL 50ML INT26,3348901791519,E000001028,,,,,,,,,,,,
DIOR,SVG SHAMPOO BTL 250ML INT26,3348901791526,E000001029,,,,,,,,,,,,
DIOR,SAUVAGE EDT 200 ML,3348901321129,F068528009,,,,,,,,,,, DIOR00000097,SAUVAGE EDT 200 ML
DIOR,SAUVAGE EDT 100 ML,3348901250146,F068524009,,,,,,,,,,, DIOR00000098,SAUVAGE EDT 100 ML
DIOR,SAUVAGE EDT 60 ML,3348901250153,F068522009,,,,,,,,,,, DIOR00000099,SAUVAGE EDT 60 ML
DIOR,SAUVAGE YAN ÜRÜNLER,,,,,,,,,,,,,,
DIOR,SAUVAGE CLEANSER 125ML INT24,3348901683555,C099700672,,,,,,,,,,, DIOR00002799,SAUVAGE CLEANSER 125 ML
DIOR,SAUVAGE LOTION 100ML INT24,3348901683562,C099700673,,,,,,,,,,, DIOR00002800,SAUVAGE LOTION 100 ML
DIOR,SAUVAGE SERUM 50ML INT24,3348901683579,C099700674,,,,,,,,,,, DIOR00002801,SAUVAGE SERUM 50 ML
DIOR,SAUVAGE AFTER SHAVE BALM BTL 100 ML,3348901553261,C099600671,,,,,,,,,,, DIOR00000094,SAUVAGE AFTER SHAVE BALM BTL 100 ML
DIOR,SAUVAGE SHOWER GEL BTL 250 ML,3348901553254,C099600670,,,,,,,,,,, DIOR00000095,SAUVAGE SHOWER GEL BTL 250 ML
DIOR,SAUVAGE PERF RES EDT RFIL 300 ML,3348901470353,C399600392,,,,,,,,,,, DIOR00000096,SAUVAGE EDT REFIL 300 ML
DIOR,SAUVAGE SHAVING GEL TB 125 ML,3348901512619,C099600524,,,,,,,,,,, DIOR00000100,SAUVAGE SHAVING GEL TB 125 ML
DIOR,SAUVAGE DEOSPRAY 150 ML,3348901250276,F001734009,,,,,,,,,,, DIOR00000102,SAUVAGE DEO SPRAY 150 ML
DIOR,SAUVAGE AFTER SHAVE LOTION 100 ML,3348901250269,F000655000,,,,,,,,,,, DIOR00000103,SAUVAGE AFTER SHAVE LOTION
DIOR,SVG MEN RIT 3X45ML INT25,3348901749244,E000000133,,,,,,,,,,,,
DIOR,DIOR SAUVAGE DEO STICK 75 GR,3348901292276,F001802000,,,,,,,,,,, DIOR00000106,SAUVAGE DEO STICK 75 GR
DIOR,DIOR HOMME NEW EDP 2025,,,,,,,,,,,,,,
DIOR,DH PARFUM EDP SPR 75ML INT25,3348901682527,C099700664,,,,,,,,,,, DIOR00003195,DH PARFUM EDP SPR 75ML INT25
DIOR,DH PARFUM EDP SPR 50ML INT25,3348901682534,C099700665,,,,,,,,,,, DIOR00003196,DH PARFUM EDP SPR 50ML INT25
DIOR,DIOR HOMME SPORT ,,,,,,,,,,,,,,
DIOR,DIOR HOMME SPORT EDT SPRAY 200 ML,3348901627320,C099700096,,,,,,,,,,, DIOR00002488,DIOR HOMME SPORT EDT 200 ML
DIOR,DIOR HOMME SPORT EDT SPRAY 125 ML,3348901580069,C099600782,,,,,,,,,,, DIOR00000109,DIOR HOMME SPORT EDT 125 ML - 22
DIOR,DIOR HOMME SPORT EDT SPRAY 75 ML,3348901580076,C099600783,,,,,,,,,,, DIOR00000110,DIOR HOMME SPORT EDT 75 ML - 22
DIOR,DIOR HOMME PARFUM,,,,,,,,,,,,,,
DIOR,DIOR PARFUM SPRAY 125 ML,3348901755504,E000000226,,,,,,,,,,,,
DIOR,DIOR HOMME NEW EDT,,,,,,,,,,,,,,
DIOR,DIOR HOMME NEW EDT SPRAY 150 ML,3348901544092,C099600613,,,,,,,,,,, DIOR00000112,DIOR HOMME EDT 150 ML
DIOR,DIOR HOMME NEW EDT SPRAY 100 ML,3348901419147,C099600157,,,,,,,,,,, DIOR00000113,DIOR HOMME EDT 100 ML
DIOR,DIOR HOMME NEW EDT SPRAY 50 ML,3348901419130,C099600156,,,,,,,,,,, DIOR00000114,DIOR HOMME EDT 50 ML
DIOR,DIOR HOMME NEW EDT AFTER SHAVE LOTION 100 ML,3348901419161,C099600159,,,,,,,,,,, DIOR00000115,DIOR HOMME AFTER SHAVE LOTION BTL 100 ML
DIOR,DIOR HOMME INTENSE EDP,,,,,,,,,,,,,,
DIOR,DIOR HOMME INTENSE EDP 150 ML,3348901001120,F077926009,,,,,,,,,,, DIOR00000116,DIOR HOMME INTENSE EDP 150 ML
DIOR,DIOR HOMME INTENSE EDP 100 ML,3348900838185,F047924709,,,,,,,,,,, DIOR00000117,DIOR HOMME INTENSE EDP 100 ML
DIOR,DIOR HOMME INTENSE EDP 50 ML,3348900838178,F047922709,,,,,,,,,,, DIOR00000118,DIOR HOMME INTENSE EDP 50 ML
DIOR,EAU SAUVAGE EAU DE TOILETTE,,,,,,,,,,,,,,
DIOR,EAU SAUVAGE EDT 100 ML,3348900627499,F009724109,,,,,,,,,,, DIOR00000134,EAU SAUVAGE EDT 100 ML
DIOR,EAU SAUVAGE EDT 50 ML,3348900627505,F009722109,,,,,,,,,,, DIOR00000135,EAU SAUVAGE EDT 50 ML
DIOR,FAHRENHEIT EAU DE TOILETTE,,,,,,,,,,,,,,
DIOR,FAHRENHEIT EDT 100 ML,3348900012219,F006624009,,,,,,,,,,, DIOR00000139,FAHRENHEIT EDT 100 ML
DIOR,FAHRENHEIT EDT 50 ML,3348900012189,F006622009,,,,,,,,,,, DIOR00000140,FAHRENHEIT EDT 50 ML
DIOR,FAHRENHEIT PARFUM,,,,,,,,,,,,,,
DIOR,FAHRENHET PARFUM SPRAY 75 ML               ,3348901116817,F086623009,,,,,,,,,,, DIOR00000138,FAHRENHET PARFUM 75 ML               
DIOR,FAHRENHEIT YAN ÜRÜNLER,,,,,,,,,,,,,,
DIOR,FAHRENHEIT DEODORANT METAL,3348900199699,F005666909,,,,,,,,,,, DIOR00000141,FAHRENHEIT DEO SPRAY
DIOR,FAHRENHEIT ANTIPERSPIRANT STIC,3348900600379,F005665900,,,,,,,,,,, DIOR00000142,FAHRENHEIT DEO STICK
DIOR,ERKEK PARFÜM BABALAR GÜNÜ SETLERİ 2026,,,,,,,,,,,,,,
DIOR,DIOR HOMME EDT 100ML & LIM ED TS,3348901809689,E100000084,,,,,,,,,,,,
DIOR,ERKEK PARFÜM BABALAR GÜNÜ SETLERİ 2024,,,,,,,,,,,,,,
DIOR,FDAY SVG EDP JEWEL BOX 100ML US24,3348901697101,C400100712,,,,,,,,,,,,
DIOR,FDAY SVG PARFUM JEWEL BOX 100ML,3348901697118,C400100713,,,,,,,,,,,,
DIOR,FDAY DH EDT JEWEL BOX 100ML INT24,3348901697132,C400100715,,,,,,,,,,, DIOR00003050,FDAY DH EDT JEWEL BOX 100ML INT24
DIOR,ERKEK PARFÜM BABALAR GÜNÜ SETLERİ 2025,,,,,,,,,,,,,,
DIOR,DH EDT COF 100ML FDAY 25,3348901749855,E100000013,,,,,,,,,,,,
DIOR,ERKEK PARFÜM YILBAŞI SETLERİ 2024,,,,,,,,,,,,,,
DIOR,HOL JEWEL BOX DH EDT 100ML INT24,3348901727792,C400100896,,,,,,,,,,,,
DIOR,HOL JEWEL BOX FRT EDT 100ML INT24,3348901727808,C400100897,,,,,,,,,,,,
DIOR,HOL JEWEL BOX SAUV EDP 100ML US24,3348901728003,C400150893,,,,,,,,,,,,
DIOR,HOL JEWEL BOX SAUV PARF 100ML US24,3348901728027,C400150895,,,,,,,,,,,,
DIOR,ERKEK PARFÜM YILBAŞI SETLERİ 2025,,,,,,,,,,,,,,
DIOR,DH EDT COF 100ML HOL INT25,3348901772723,E100000045,,,,,,,,,,,,
DIOR,FRT EDT COF 100ML HOL INT25,3348901773058,E100000049,,,,,,,,,,,,
DIOR,INAKTİF REFERANSLAR,,,,,,,,,,,,,,
DIOR,DOLCE VITA EAU DE TOILETTE,,,,,,,,,,,,,,
DIOR,DOLCE VITA EDT 100 ML,3348900236738,F061024009,,,,,,,,,,, DIOR00000079,DOLCE VITA EDT 100 ML
DIOR,LES CREATIONS DE MR. DIOR,,,,,,,,,,,,,,
DIOR,FOR EVER AND EVER DIOR EAU DE TOILETTE,3348900921429,F003074609,,,,,,,,,,, DIOR00000084,FOR EVER AND EVER DIOR EAU DE TOILETTE
DIOR,EAU SAUVAGE EAU DE PARFUM,,,,,,,,,,,,,,
DIOR,EAU SAUVAGE PARFUM SPR 100 ML ,3348901363488,F089624009,,,,,,,,,,, DIOR00000132,EAU SAUVAGE PARFUM 100 ML 
DIOR,EAU SAUVAGE YAN ÜRÜNLER,,,,,,,,,,,,,,
DIOR,EAU SAUVAGE DEO SPRAY 150 ML,3348900911055,F057064000,,,,,,,,,,, DIOR00000136,EAU SAUVAGE DEO SPRAY
DIOR,HIGHER EAU DE TOILETTE,,,,,,,,,,,,,,
DIOR,HIGHER EDT 100 ML,3348900489226,F066024009,,,,,,,,,,, DIOR00000143,HIGHER EDT 100 ML
DIOR,HIGHER ENERGY,,,,,,,,,,,,,,
DIOR,HIGHER ENERGY EDT 100 ML,3348900574656,F067424009,,,,,,,,,,, DIOR00000144,HIGHER ENERGY EDT 100 ML
DIOR,DELIST REFERANSLAR,,,,,,,,,,,,,,
DIOR,DSK FORV FDT FL MATTE 0.5N 30ML INT22,3348901572804,C023500005,,,,,,,,,,,,
DIOR,DSK FORV FDT FL MATTE 1CR 30ML INT22,3348901572835,C023500012,,,,,,,,,,,,
DIOR,DSK FORV FDT FL MATTE 1N 30ML INT22,3348901572811,C023500010,,,,,,,,,,,,
DIOR,DSK FORV FDT FL MATTE 1W 30ML INT22,3348901572828,C023500011,,,,,,,,,,,,
DIOR,DSK FORV FDT FL MATTE 1.5N 30ML INT22,3348901572859,C023500015,,,,,,,,,,,,
DIOR,DSK FORV FDT FL MATTE 2N 30ML INT22,3348901572866,C023500020,,,,,,,,,,,,
DIOR,DSK FORV FDT FL MATTE 2CR 30ML INT22,3348901572880,C023500022,,,,,,,,,,,,
DIOR,DSK FORV FDT FL MATTE 2WP 30ML INT22,3348901572897,C023500023,,,,,,,,,,,,
DIOR,DSK FORV FDT FL MATTE 2W 30ML INT22,3348901572873,C023500021,,,,,,,,,,,,
DIOR,DSK FORV FDT FL MATTE 2.5N 30ML INT22,3348901572903,C023500025,,,,,,,,,,,,
DIOR,DSK FORV FDT FL MATTE 3N 30ML INT22,3348901572910,C023500030,,,,,,,,,,,,
DIOR,DSK FORV FDT FL MATTE 3WP 30ML INT22,3348901572941,C023500033,,,,,,,,,,,,
DIOR,DSK FORV FDT FL MATTE 3.5N 30ML INT22,3348901572965,C023500035,,,,,,,,,,,,
DIOR,DSK FORV FDT FL MATTE 4N 30ML INT22,3348901572972,C023500040,,,,,,,,,,,,
DIOR,DSK FORV FL SKIN GLOW 0N 30ML INT22,3348901578493,C023600100,,,,,,,,,,,,
DIOR,DSK FORV FL SKIN GLOW 1N 30ML INT22,3348901578196,C023600010,,,,,,,,,,,,
DIOR,DSK FORV FL SKIN GLOW 1W 30ML INT22,3348901578202,C023600011,,,,,,,,,,,,
DIOR,DSK FORV FL SKIN GLOW 1.5N 30ML INT22,3348901578233,C023600015,,,,,,,,,,,,
DIOR,DSK FORV FL SKIN GLOW 2N 30ML INT22,3348901578240,C023600020,,,,,,,,,,,,
DIOR,DSK FORV FL SKIN GLOW 2W 30ML INT22,3348901578691,C023600021,,,,,,,,,,,,
DIOR,DSK FORV FL SKIN GLOW 2.5N 30ML INT22,3348901578288,C023600025,,,,,,,,,,,,
DIOR,DSK FORV FL SKIN GLOW 3N 30ML INT22,3348901578295,C023600030,,,,,,,,,,,,
DIOR,DIOR THE MICELLAR WATER BTL 200 ML INT22,3348901600392,C099600860,,,,,,,,,,,,
DIOR,DIOR THE CLEANSING MILK BTL 200 ML INT22,3348901600415,C099600862,,,,,,,,,,,,
DIOR,DIOR MU REMOVER EYELIP BTL 125ML INT24,3348901719964,C099800030,,,,,,,,,,,,
DIOR,ADD LIP GLOW OIL 001 INT20,3348901491150,C012400001,,,,,,,,,,,,
DIOR,ADD LIP GLOW OIL 006 INT20,3348901491228,C012400006,,,,,,,,,,,,
DIOR,ADD LIP GLOW OIL 012 INT20,3348901491235,C012400012,,,,,,,,,,,,
DIOR,ADD LIP GLOW OIL 015 INT20 ,3348901498395,C012400015,,,,,,,,,,,,
DIOR,ADD LIP GLOW OIL 007 INT20 - OS,3348901491242,C012400007,,,,,,,,,,,,
DIOR,ADD LIP GLOW OIL 100 (000) INT21,3348901560986,C012400100,,,,,,,,,,,,
DIOR,PRESTIGE LE MICRO-SERUM DE ROSE YEUX INT21,3348901544528,C099600640,,,,,,,,,,, DIOR00000201,PRESTIGE LE MICRO-SERUM DE ROSE YEUX INT21
DIOR,PREST LOT DE ROSE PBTL 150ML,3348901510714,C099600516,,,,,,,,,,, DIOR00002822,PREST LOT DE ROSE PBTL 150ML
DIOR,ODV LA CREME RICHE JAR REFILL 50ML INT21,3348901581660,C399600012,,,,,,,,,,, DIOR00000246,ODV LA CREME RICHE JAR REFILL 50 ML
DIOR,ODV LA CREME REFILL JAR 50ML INT20,3348901540407,C099600602,,,,,,,,,,, DIOR00000247,ODV LA CREME REFILL JAR 50 ML
DIOR,ODV CR YEUX LEVRES REFIL JAR 15 ML,3348901008396,F060051099,,,,,,,,,,, DIOR00000248,ODV CR YEUX LEVRES REFIL JAR 15 ML
DIOR,SNOW ESSENCE OF LIGHT CR JAR 50ML INT22,3348901580861,C099600789,,,,,,,,,,, DIOR00002492,SNOW ESSENCE OF LIGHT CR JAR 50ML INT22
DIOR,DREAMSKIN MOIST CUSHION  2X15G 010 ,3348901410076,C004000010,,,,,,,,,,, DIOR00000259,DREAMSKIN MOIST CUSHION  2X15 GR 010 
DIOR,DREAMSKIN MOIST CUSHION  2X15G 020 ,3348901410090,C004000020,,,,,,,,,,, DIOR00000260,DREAMSKIN MOIST CUSHION  2X15 GR 020 
DIOR,DREAMSKIN MOIST CUSHION 2X15G 030,3348901410113,C004000030,,,,,,,,,,, DIOR00000261,DREAMSKIN MOIST CUSHION 2X15 GR 030
DIOR,ODV LA CREME RICHE JAR RFBLE 50ML INT21,3348901581653,C099600795,,,,,,,,,,, DIOR00000241,ODV LA CREME RICHE JAR RFBLE 50 ML
DIOR,ODV LA CREME JAR 50ML INT20,3348901531030,C099600573,,,,,,,,,,, DIOR00000242,ODV LA CREME JAR 50 ML
DIOR,ODV CR YEUX LEVRE REFBLE JAR 15 ML,3348901008433,F060051000,,,,,,,,,,, DIOR00000243,ODV CR YEUX LEVRE REFBLE JAR 15 ML
DIOR,ODV LE CEREMONIAL COFFRET 3X30ML INT23,3348901675802,C099700559,,,,,,,,,,, DIOR00002813,ODV LE CEREMONIAL COFFRET 3X30ML INT23
DIOR,PREST NECTAR PREM BTL 30ML INT23,3348901655194,C099700377,,,,,,,,,,, DIOR00002815,PREST NECTAR PREM BTL 30ML INT23
DIOR,PREST CEREMONIAL COFFRET 3X15ML INT23,3348901640473,C099700236,,,,,,,,,,, DIOR00002818,PREST CEREMONIAL COFFRET 3X15ML INT23
DIOR,PREST MIDNIGHT BALM JAR 50G INT24,3348901667838,C099700479,,,,,,,,,,, DIOR00002819,PREST MIDNIGHT BALM JAR 50G INT24
DIOR,PRESTIGE MICRO HLE ROSE ADV BTL30ML INT20,3348901523035,C099600561,,,,,,,,,,, DIOR00000205,PRESTIGE MICRO HLE ROSE ADV BTL30ML INT20
DIOR,PRESTIGE MICRO HLE ROSE ADV BTL50ML INT20,3348901523059,C099600562,,,,,,,,,,, DIOR00000206,PRESTIGE MICRO HLE ROSE ADV BTL50ML INT20
DIOR,PRESTIGE MICRO HUILE DE ROSE ADV P/BTL 75ML TR21,3348901512503,C099600523,,,,,,,,,,, DIOR00000203,PRESTIGE MICRO HUILE DE ROSE ADV P/BTL 75ML TR21
DIOR,PRESTIGE HUILE SOUVERAINE P/BTL 30ML INT16,3348901292740,F067232000,,,,,,,,,,, DIOR00000216,PRESTIGE HUILE SOUVERAINE P/BTL 30ML INT16
DIOR,PREST LIGHT-IN-WH OLEO-ESSENCE LUM BTL 150ML AS20,3348901484763,C099670446,,,,,,,,,,, DIOR00002826,PREST LIGHT-IN-WH OLEO-ESSENCE LUM BTL 150ML AS20
DIOR,PREST WH PROT UV SHEER GLOW 30ML INT23,3348901617017,C099700040,,,,,,,,,,, DIOR00002817,PREST WH PROT UV SHEER GLOW 30ML INT23
DIOR,PREST LIGHT-IN-WH SOLUTION LUM SERUM 30ML AS21,3348901531054,C099600575,,,,,,,,,,, DIOR00002824,PREST LIGHT-IN-WH SOLUTION LUM SERUM 30ML AS21
DIOR,PREST LIGHT-IN-WH L'EMULSION LUMIERE BTL 50ML INT22,3348901581677,C099600796,,,,,,,,,,, DIOR00002825,PREST LIGHT-IN-WH L'EMULSION LUMIERE BTL 50ML INT22
DIOR,CARE PRESTIGE DISCOVERY SET INT2H22,3348901639842,C400100379,,,,,,,,,,, DIOR00003461,CARE PRESTIGE DISCOVERY SET INT2H22
DIOR,DSK FORV BRONZER PDR CPT 002 INT21,3348901550819,C021600002,,,,,,,,,,, DIOR00000372,DIORSKIN FOREVER BRONZER PDR CELLULAR PERFORMANCET 002
DIOR,DSK FORV BRONZER PDR CPT 003 INT21,3348901550826,C021600003,,,,,,,,,,, DIOR00000373,DIORSKIN FOREVER BRONZER PDR CELLULAR PERFORMANCET 003
DIOR,DSK FORV BRONZER PDR CPT 004 INT21,3348901550833,C021600004,,,,,,,,,,, DIOR00000374,DIORSKIN FOREVER BRONZER PDR CELLULAR PERFORMANCET 004
DIOR,DSK FORV BRONZER PDR CPT 005 INT21,3348901550840,C021600005,,,,,,,,,,, DIOR00000375,DIORSKIN FOREVER BRONZER PDR CELLULAR PERFORMANCET 005
DIOR,DSK FORV BRONZER PDR CPT 006 INT21,3348901550857,C021600006,,,,,,,,,,, DIOR00000376,DIORSKIN FOREVER BRONZER PDR CELLULAR PERFORMANCET 006
DIOR,DIOR FORV LUMINIZER 02 INT23,3348901675178,C038400002,,,,,,,,,,, DIOR00002849,DIOR FORV LUMINIZER 02 INT23
DIOR,DSK FORV LUMINIZER 01 INT21,3348901566780,C022800001,,,,,,,,,,, DIOR00000381,DIORSKIN FOREVER LUMINIZER 01
DIOR,DSK FORV LUMINIZER 03 INT21,3348901566803,C022800003,,,,,,,,,,, DIOR00000383,DIORSKIN FOREVER LUMINIZER 03
DIOR,BACKSTAGE ROSY GLOW PDR 001 INT23,3348901665810,C037300001,,,,,,,,,,, DIOR00002787,BACKSTAGE ROSY GLOW PDR 001 INT23
DIOR,BACKSTAGE ROSY GLOW PDR 004 INT23,3348901665827,C037300004,,,,,,,,,,, DIOR00002788,BACKSTAGE ROSY GLOW PDR 004 INT23
DIOR,BACKSTAGE ROSY GLOW PDR 006 INT23,3348901665834,C037300006,,,,,,,,,,, DIOR00002789,BACKSTAGE ROSY GLOW PDR 006 INT23
DIOR,BACKSTAGE ROSY GLOW PDR 012 INT23,3348901665841,C037300012,,,,,,,,,,, DIOR00002790,BACKSTAGE ROSY GLOW PDR 012 INT23
DIOR,BACKSTAGE ROSY GLOW PDR 015 INT23,3348901665858,C037300015,,,,,,,,,,, DIOR00002791,BACKSTAGE ROSY GLOW PDR 015 INT23
DIOR,ADD LIP GLOW 063 INT24,3348901711609,C021400063,,,,,,,,,,, DIOR00003136,ADD LIP GLOW 063 INT24
DIOR,BACKSTAGE ROSY GLOW PDR 020 INT23,3348901665865,C037300020,,,,,,,,,,, DIOR00002792,BACKSTAGE ROSY GLOW PDR 020 INT23
DIOR,DSK FORV LUMINIZER 04 INT21,3348901566810,C022800004,,,,,,,,,,, DIOR00000384,DIORSKIN FOREVER LUMINIZER 04
DIOR,DSK FORV BRONZER PDR CPT 007 INT21,3348901550864,C021600007,,,,,,,,,,, DIOR00000377,DIORSKIN FOREVER BRONZER PDR CELLULAR PERFORMANCET 007
DIOR,CARE NEW CLEANSER DISCOVER SET INT23 ,3348901652605,C400100500,,,,,,,,,,, DIOR00003462,CARE NEW CLEANSER DISCOVER SET INT23 
DIOR,DIORSHOW PUMP'N VOLUME 090 ,3348901591850,C026300090,,,,,,,,,,, DIOR00002533,DIORSHOW PUMP'N VOLUME 090 
DIOR,DIORSHOW PUMP'N VOLUME 260 ,3348901591867,C026300260,,,,,,,,,,, DIOR00002534,DIORSHOW PUMP'N VOLUME 260 
DIOR,DIORSHOW PUMP'N VOLUME 795 ,3348901591874,C026300795,,,,,,,,,,, DIOR00002535,DIORSHOW PUMP'N VOLUME 795 
DIOR,DIORSHOW ON STAGE LINER 001 ,3348901595957,C026900001,,,,,,,,,,, DIOR00002544,DIORSHOW ON STAGE LINER 001 
DIOR,DIORSHOW ON STAGE LINER 091 ,3348901595971,C026900091,,,,,,,,,,, DIOR00002545,DIORSHOW ON STAGE LINER 091 
DIOR,DIORSHOW ON STAGE LINER 181 ,3348901595995,C026900181,,,,,,,,,,, DIOR00002547,DIORSHOW ON STAGE LINER 181 
DIOR,DIORSHOW ON STAGE LINER 296 ,3348901596015,C026900296,,,,,,,,,,, DIOR00002548,DIORSHOW ON STAGE LINER 296 
DIOR,DIORSHOW ON STAGE LINER 461 ,3348901596053,C026900461,,,,,,,,,,, DIOR00002549,DIORSHOW ON STAGE LINER 461 
DIOR,DIORSHOW ON STAGE LINER 551 ,3348901596060,C026900551,,,,,,,,,,, DIOR00002550,DIORSHOW ON STAGE LINER 551 
DIOR,DIORSHOW ON STAGE LINER 676 ,3348901596077,C026900676,,,,,,,,,,, DIOR00002551,DIORSHOW ON STAGE LINER 676 
DIOR,DIORSHOW ON STAGE LINER 771 ,3348901596084,C026900771,,,,,,,,,,, DIOR00002552,DIORSHOW ON STAGE LINER 771 
DIOR,DIORSHOW ON STAGE LINER 781 ,3348901596091,C026900781,,,,,,,,,,, DIOR00002553,DIORSHOW ON STAGE LINER 781 
DIOR,DIORSHOW ON STAGE LINER 841,3348901596107,C026900841,,,,,,,,,,, DIOR00002554,DIORSHOW ON STAGE LINER 841
DIOR,DIORSHOW ON STAGE LINER 851 ,3348901645942,C026900851,,,,,,,,,,, DIOR00002555,DIORSHOW ON STAGE LINER 851 
DIOR,DIORSHOW 24H STYLO 076 INT20,3348901501088,C014300076,,,,,,,,,,, DIOR00000461,DIORSHOW 24H STYLO 076
DIOR,DIORSHOW 24H STYLO 091 INT20,3348901500937,C014300091,,,,,,,,,,, DIOR00000462,DIORSHOW 24H STYLO 091
DIOR,DIORSHOW 24H STYLO 176 INT20,3348901500975,C014300176,,,,,,,,,,, DIOR00000463,DIORSHOW 24H STYLO 176
DIOR,DIORSHOW 24H STYLO 296 INT20,3348901500944,C014300296,,,,,,,,,,, DIOR00000464,DIORSHOW 24H STYLO 296
DIOR,DIORSHOW 24H STYLO 466 INT20,3348901501101,C014300466,,,,,,,,,,, DIOR00000465,DIORSHOW 24H STYLO 466
DIOR,DIORSHOW 24H STYLO 471 INT20,3348901500968,C014300471,,,,,,,,,,, DIOR00000466,DIORSHOW 24H STYLO 471
DIOR,DIORSHOW 24H STYLO 771 INT20,3348901501002,C014300771,,,,,,,,,,, DIOR00000467,DIORSHOW 24H STYLO 771
DIOR,DIORSHOW 24H STYLO 781 INT20,3348901500951,C014300781,,,,,,,,,,, DIOR00000468,DIORSHOW 24H STYLO 781
DIOR,DIORSHOW 24H STYLO 861 INT20,3348901500982,C014300861,,,,,,,,,,, DIOR00000469,DIORSHOW 24H STYLO 861
DIOR,DIORSHOW 24H STYLO 851 INT20,3348901500999,C014300851,,,,,,,,,,, DIOR00000470,DIORSHOW 24H STYLO 851
DIOR,DIORSHOW 24H STYLO 061 INT20,3348901501071,C014300061,,,,,,,,,,, DIOR00000471,DIORSHOW 24H STYLO 061
DIOR,DIORSHOW 24H STYLO 556 INT20,3348901501095,C014300556,,,,,,,,,,, DIOR00000472,DIORSHOW 24H STYLO 556
DIOR,DIORSHOW PUMP'N VOLUME WATERPROOF MASCARA 090,3348901391634,C000600090,,,,,,,,,,, DIOR00000489,DIORSHOW PUMP'N VOLUME WATERPROOF MASCARA 090
DIOR,DIORSHOW ON STAGE LINER 866 ,3348901596114,C026900866,,,,,,,,,,, DIOR00002556,DIORSHOW ON STAGE LINER 866 
DIOR,ADD LIP GLOW 031 INT23,3348901651141,C021400031,,,,,,,,,,, DIOR00002649,ADD LIP GLOW 031 INT23
DIOR,ADD LIP GLOW 038 INT23,3348901650199,C021400038,,,,,,,,,,, DIOR00002650,ADD LIP GLOW 038 INT23
DIOR,ADD LIP GLOW 039 INT23,3348901650205,C021400039,,,,,,,,,,, DIOR00002651,ADD LIP GLOW 039 INT23
DIOR,ADD LIP GLOW 001 INT21,3348901550628,C021400001,,,,,,,,,,, DIOR00000574,ADD LIP GLOW 001
DIOR,ADD LIP GLOW 006 INT21,3348901550642,C021400006,,,,,,,,,,, DIOR00000575,ADD LIP GLOW 006
DIOR,ADD LIP GLOW 007 INT21,3348901550666,C021400007,,,,,,,,,,, DIOR00000576,ADD LIP GLOW 007
DIOR,ADD LIP GLOW 012 INT21,3348901550710,C021400012,,,,,,,,,,, DIOR00000577,ADD LIP GLOW 012
DIOR,ADD LIP GLOW 100 (000) INT21,3348901552844,C021400100,,,,,,,,,,, DIOR00000579,ADD LIP GLOW 100 (000)
DIOR,ADD LIP MAX 056 SPR INT24,3348901706100,C031900056,,,,,,,,,,, DIOR00003185,ADD LIP MAX 056 SPR INT24
DIOR,ADD LIP MAX 065 INT23,3348901713450,C031900065,,,,,,,,,,, DIOR00003186,ADD LIP MAX 065 INT23
DIOR,RGE DIOR BALM SATIN 100 000 INT24,3348901688598,C040100100,,,,,,,,,,, DIOR00003162,RGE DIOR BALM SATIN 100 000 INT24
DIOR,RGE DIOR CONTOUR 909 INT24,3348901685542,C017900909,,,,,,,,,,, DIOR00002921,RGE DIOR CONTOUR 909 INT24
DIOR,SUGAR LIP SCRUB 001 SPR INT17,3348901334952,F002888001,,,,,,,,,,, DIOR00000802,SUGAR LIP SCRUB 001 SPR
DIOR,DSK NUDE LUMINIZER L/ED 001 SUM INT23,3348901665216,C036900001,,,,,,,,,,, DIOR00002983,DSK NUDE LUMINIZER L/ED 001 SUM INT23
DIOR,DSK FORV NATURAL BRONZE L/ED 002 SUM INT23,3348901687027,C036800002,,,,,,,,,,, DIOR00002984,DSK FORV NATURAL BRONZE L/ED 002 SUM INT23
DIOR,DSK FORV NATURAL BRONZE L/ED 003 SUM INT23,3348901687034,C036800003,,,,,,,,,,, DIOR00002985,DSK FORV NATURAL BRONZE L/ED 003 SUM INT23
DIOR,DSK FORV NATURAL BRONZE L/ED 004 SUM INT23,3348901665186,C036800004,,,,,,,,,,, DIOR00002986,DSK FORV NATURAL BRONZE L/ED 004 SUM INT23
DIOR,DSK FORV NATURAL BRONZE L/ED 005 SUM INT23,3348901665193,C036800005,,,,,,,,,,, DIOR00002987,DSK FORV NATURAL BRONZE L/ED 005 SUM INT23
DIOR,DIOR VERNIS 513 SUM INT23,3348901665254,F000355513,,,,,,,,,,, DIOR00002989,DIOR VERNIS 513 SUM INT23
DIOR,DIOR VERNIS 007 SUM INT23,3348901665230,F000355007,,,,,,,,,,, DIOR00002990,DIOR VERNIS 007 SUM INT23
DIOR,DSHOW 5 COUL E/SHAD L/ED 233 SUM INT23,3348901668460,C037800233,,,,,,,,,,, DIOR00002991,DSHOW 5 COUL E/SHAD L/ED 233 SUM INT23
DIOR,DSHOW 5 COUL E/SHAD L/ED 533 SUM INT23,3348901668477,C037800533,,,,,,,,,,, DIOR00002992,DSHOW 5 COUL E/SHAD L/ED 533 SUM INT23
DIOR,HOL MU EYES PALETTE INT24,3348901728041,C400100912,,,,,,,,,,,,
DIOR,HOL MU MULTI USE PALETTE INT24,3348901727945,C400100911,,,,,,,,,,,,
DIOR,RGE DIOR BALM SATIN 337 SUM INT23,3348901668026,C023200337,,,,,,,,,,, DIOR00002993,RGE DIOR BALM SATIN 337 SUM INT23
DIOR,DSK FORV NATURAL BRONZE L/ED 006 SUM INT23,3348901687041,C036800006,,,,,,,,,,, DIOR00002988,DSK FORV NATURAL BRONZE L/ED 006 SUM INT23
DIOR,MISS DIOR HAIR OIL 30 ML,3348901618816,C099700047,,,,,,,,,,, DIOR00002667,MISS DIOR HAIR OIL 30 ML
DIOR,MISS DIOR SHIMMERING ROSE SORBET BODY GEL,3348901670852,C099700547,,,,,,,,,,, DIOR00002793,MISS DIOR SHIMMERING ROSE SORBET BODY GEL
DIOR,MISS DIOR SHOWER OIL,3348901670845,C099700546,,,,,,,,,,, DIOR00002794,MISS DIOR SHOWER OIL
DIOR,MISS DIOR MILK SCRUB TEST TB 75ML INT23,3348901670838,C099700545,,,,,,,,,,, DIOR00002795,MISS DIOR MILK SCRUB TEST TB 75ML INT23
DIOR,MISS DIOR MOISTURIZING BODY MILK 200 ML,3348901368230,F000807000,,,,,,,,,,, DIOR00000027,MISS DIOR MOISTURIZING BODY MILK 200 ML
DIOR,MISS DIOR FOAMING SHOWER GEL 200 ML,3348901333122,F000951000,,,,,,,,,,, DIOR00000028,MISS DIOR FOAMING SHOWER GEL 200 ML
DIOR,J'ADORE EDP INFINISSIME SPR 100 ML,3348901521512,C099600555,,,,,,,,,,, DIOR00000030,J'ADORE EDP INFINISSIME 100 ML
DIOR,J'ADORE EDP INFINISSIME SPR 50 ML,3348901521406,C099600554,,,,,,,,,,, DIOR00000031,J'ADORE EDP INFINISSIME 50 ML
DIOR,JAD ADORABLES COFFRET INT23,3348901645775,C099700302,,,,,,,,,,, DIOR00002997,J'ADORE ADORABLES COFFRET INT23
DIOR,J'ADOREORE BODY MIST SPRAY 100 ML,3348901387330,C099600061,,,,,,,,,,, DIOR00000039,J'ADORE BODY MIST SPRAY 100 ML
DIOR,J'ADORE EDP INFINISSIME R-PEARL 20 ML,3348901553650,C099600675,,,,,,,,,,, DIOR00000066,J'ADORE EDP INFINISSIME R-PEARL 20 ML
DIOR,MISS DIOR RNR HAIR MIST SPR 30 ML,3348901567473,C099670741,,,,,,,,,,, DIOR00000024,MISS DIOR RNR HAIR MIST SPR 30 ML
DIOR,MISS DIOR EDT R-PEARL 20 ML,3348901455381,C099600346,,,,,,,,,,, DIOR00000070,MISS DIOR R-PEARL EDT
DIOR,DIORISSIMO EDT 50 ML,3348900314283,F006422909,,,,,,,,,,, DIOR00000078,DIORISSIMO EDT 50 ML
DIOR,MISS DIOR NEW EDT SPR 100 ML,3348901419369,C099600155,,,,,,,,,,, DIOR00000012,MISS DIOR EDT 100 ML
DIOR,MISS DIOR NEW EDT SPR 50 ML,3348901419345,C099600154,,,,,,,,,,, DIOR00000013,MISS DIOR EDT 50 ML
DIOR,THE SELF-TANNING GEL TB 50ML INT23,3348901642774,C099700259,,,,,,,,,,, DIOR00002510,THE SELF-TANNING GEL TB 50ML INT23
DIOR,DIOR MU REMOVER EYE BTL 125 ML INT22,3348901600439,C099600864,,,,,,,,,,, DIOR00002504,DIOR MU REMOVER EYE BTL 125 ML INT22
DIOR,DIOR FOAMING CLEANSER TB 150 GR INT22,3348901600408,C099600861,,,,,,,,,,, DIOR00002505,DIOR FOAMING CLEANSER TB 150 GR INT22
DIOR,C/TOT CELL ENERGY EYE SERUM TB APPLI 20ML INT21,3348901538565,C099600592,,,,,,,,,,, DIOR00000162,C/TOT CELL ENERGY EYE SERUM TB APPLI 20ML INT21
DIOR,C/TOT CELL ENERGY RICH CREME JAR 50ML INT21,3348901538558,C099600591,,,,,,,,,,, DIOR00000163,C/TOT CELL ENERGY RICH CREME JAR 50ML INT21
DIOR,C/TOT SUPER POTENT CLEANSER TB 110G INT21,3348901569415,C099600761,,,,,,,,,,, DIOR00000165,C/TOT SUPER POTENT CLEANSER TB 110G INT21
DIOR,CTOT CR JAR 50ML INT20,3348901477611,C099600415,,,,,,,,,,, DIOR00000166,CTOT CR JAR 50ML INT20
DIOR,CTOT EYE CR JAR 15ML INT20,3348901477628,C099600416,,,,,,,,,,, DIOR00000169,CTOT EYE CR JAR 15ML INT20
DIOR,C/TOT MP NIGHT CREME JAR 60ML INT14,3348901189071,F061850000,,,,,,,,,,, DIOR00000175,C/TOT MP NIGHT CREME JAR 60ML INT14
DIOR,C/TOT LE SERUM P/BTL 75ML INT23,3348901624022,C099700073,,,,,,,,,,, DIOR00002802,C/TOT LE SERUM TEST P/BTL 50ML INT23
DIOR,C/TOT LE SERUM P/BTL 50ML INT23,3348901624008,C099700071,,,,,,,,,,, DIOR00002489,C/TOT LE SERUM P/BTL 50ML INT23
DIOR,C/TOT LE SERUM P/BTL 30ML INT23,3348901623995,C099700070,,,,,,,,,,, DIOR00002490,C/TOT LE SERUM P/BTL 30ML INT23
DIOR,ADD LIPSTICK FASHION CASE HDAY INT24,3348901733564,C099800213,,,,,,,,,,,,
DIOR,RGE DIOR VERNIS 323 SUM INT21,3348901553933,F000355323,,,,,,,,,,, DIOR00000852,ROUGE DIOR VERNIS 323 SUM LOOK-21
DIOR,RGE DIOR VERNIS 648 SUM INT21,3348901553957,F000355648,,,,,,,,,,, DIOR00000853,ROUGE DIOR VERNIS 648 SUM LOOK-21
DIOR,PRESTIGE MICRO LOT DE ROSE P/BTL150ML INT19,3348901454407,C099600310,,,,,,,,,,, DIOR00000208,PRESTIGE MICRO LOT DE ROSE P/BTL150ML INT19
DIOR,DIOR PARFUM SPRAY 100 ML,3348901483896,C099600445,,,,,,,,,,, DIOR00000111,DIOR HOMME PARFUM 100 ML
DIOR,HYDRALIFE SORBET WATER MIST ,3348901458955,C099600345,,,,,,,,,,, DIOR00000226,HYDRALIFE SORBET WATER MIST 
DIOR,J'ADORE L'OR ESSP SPR 40 ML,3348901356534,F041542709,,,,,,,,,,, DIOR00000047,J'ADORE L'OR ESSP SPR 40 ML
DIOR,J'ADORE BATH BODY OIL,3348901471428,C099600395,,,,,,,,,,, DIOR00000036,J'ADORE BATH BODY OIL BTL
DIOR,J'ADORE SUBLIME BODY MILK,3348901471435,C099600396,,,,,,,,,,, DIOR00000038,J'ADORE SUBLIME BODY MILK BTL
DIOR,MISS DIOR ABS BLOOM EDP SPR 100 ML,3348901300049,F078224009,,,,,,,,,,, DIOR00000019,MISS DIOR ABSOLUTELY BLOOMING EDP 100 ML
DIOR,MISS DIOR ABS BLOOM EDP SPR 50 ML,3348901300056,F078222009,,,,,,,,,,, DIOR00000020,MISS DIOR ABSOLUTELY BLOOMING EDP 50 ML
DIOR,SAUVAGE CLEANSER & FACE MASK TB 120 ML,3348901651127,C099700318,,,,,,,,,,, DIOR00002673,SAUVAGE CLEANSER & FACE MASK TB 120ML INT23
DIOR,SAUVAGE MOIST FACE CARE BTL 75 ML,3348901553247,C099600668,,,,,,,,,,, DIOR00000093,SAUVAGE MOIST FACE CARE BTL 75 ML
DIOR,JAD EDP COF 50ML HOL INT25,3348901772976,E100000047,,,,,,,,,,,,
DIOR,RGE DIOR CONTOUR PEN 999 INT13,3348901177917,F077135999,,,,,,,,,,, DIOR00000782,ROUGE DIOR CONTOUR PEN 999
DIOR,BCKST ROSY GLOW 001 INT20,3348901491136,C012700001,,,,,,,,,,, DIOR00000668,BCKST ROSY GLOW 001
DIOR,COLL NAIL GLOW SPR INT13,3348901134378,F002707000,,,,,,,,,,, DIOR00000799,COLL NAIL GLOW SPR
DIOR,COLL TOP COAT GEL INT12 ,3348901084598,F002840000,,,,,,,,,,, DIOR00000800,COLL TOP COAT GEL 
DIOR,ROUGE DIOR CONTOUR NUDE 001 INT12 ,3348901089920,F077125001,,,,,,,,,,, DIOR00000801,ROUGE DIOR CONTOUR NUDE 001 
DIOR,ROUGE DIOR VERNIS 853 INT14,3348901207997,F000355853,,,,,,,,,,, DIOR00000805,ROUGE DIOR VERNIS 853
DIOR,ROUGE DIOR VERNIS 970 INT14,3348901207942,F000355970,,,,,,,,,,, DIOR00000806,ROUGE DIOR VERNIS 970
DIOR,ROUGE DIOR VERNIS 999 INT14,3348901207980,F000355999,,,,,,,,,,, DIOR00000807,ROUGE DIOR VERNIS 999
DIOR,ROUGE DIOR VERNIS 268 INT14,3348901208215,F000355268,,,,,,,,,,, DIOR00000808,ROUGE DIOR VERNIS 268
DIOR,ROUGE DIOR VERNIS 108 INT14,3348901208147,F000355108,,,,,,,,,,, DIOR00000809,ROUGE DIOR VERNIS 108
DIOR,ROUGE DIOR VERNIS 659 INT14,3348901208055,F000355659,,,,,,,,,,, DIOR00000818,ROUGE DIOR VERNIS 659
DIOR,CREME ABRICOT REGENERATRICE,3348900008694,F002810001,,,,,,,,,,, DIOR00000825,CREME ABRICOT REGENERATRICE
DIOR,COLL DIORLISSE 500 INT13 ,3348901173100,F002812500,,,,,,,,,,, DIOR00000826,COLL DIORLISSE 500 
DIOR,COLL DIORLISSE 800 INT13 ,3348901173117,F002812800,,,,,,,,,,, DIOR00000827,COLL DIORLISSE 800 
DIOR,COLL BASE COAT ABRICOT INT13 ,3348901149921,F002820001,,,,,,,,,,, DIOR00000828,COLL BASE COAT ABRICOT 
DIOR,COLL TOP COAT ABRICOT INT13 ,3348901149938,F002832000,,,,,,,,,,, DIOR00000829,COLL TOP COAT ABRICOT 
DIOR,COLL HUILE ABRICOT INT13 ,3348901149990,F002857000,,,,,,,,,,, DIOR00000830,COLL HUILE ABRICOT 
DIOR,COLL DISSOLVANT ABRICOT INT13 ,3348901149969,F002953000,,,,,,,,,,, DIOR00000831,COLL DISSOLVANT ABRICOT 
DIOR,RGE DIOR BALM MAT 720 INT21,3348901585699,C025100720,,,,,,,,,,, DIOR00000544,ROUGE DIOR BALM MAT 720
DIOR,RGE DIOR BALM MAT 200 INT21,3348901585651,C025100200,,,,,,,,,,, DIOR00000545,ROUGE DIOR BALM MAT 200
DIOR,RGE DIOR BALM MAT 768 INT21,3348901585729,C025100768,,,,,,,,,,, DIOR00000546,ROUGE DIOR BALM MAT 768
DIOR,RGE DIOR BALM SATIN 525 INT21,3348901585569,C023200525,,,,,,,,,,, DIOR00000547,ROUGE DIOR BALM SATIN 525
DIOR,RGE DIOR BALM SATIN 772 INT21,3348901585583,C023200772,,,,,,,,,,, DIOR00000548,ROUGE DIOR BALM SATIN 772
DIOR,RGE DIOR BALM MAT 999 INT21,3348901585743,C025100999,,,,,,,,,,, DIOR00000549,ROUGE DIOR BALM MAT 999
DIOR,RGE DIOR VELVET BALM 001(000) INT21,3348901595278,C026600001,,,,,,,,,,, DIOR00000550,ROUGE DIOR VELVET BALM 001(000)
DIOR,RGE DIOR BALM SATIN 001(100)INT21,3348901587006,C023200001,,,,,,,,,,, DIOR00000551,ROUGE DIOR BALM SATIN 001(100)
DIOR,RGE DIOR BALM MAT 100 INT21,3348901585644,C025100100,,,,,,,,,,, DIOR00000552,ROUGE DIOR BALM MAT 100
DIOR,RGE DIOR EXT MAT 100 INT21,3348901580328,C017500100,,,,,,,,,,, DIOR00000553,ROUGE DIOR EXT MAT 100
DIOR,RGE DIOR SATIN 100 INT21,3348901580427,C017200100,,,,,,,,,,, DIOR00000555,ROUGE DIOR SATIN 100
DIOR,RGE DIOR EXT MAT 200 INT22,3348901618113,C017500200,,,,,,,,,,, DIOR00000556,ROUGE DIOR EXT MAT 200
DIOR,RGE DIOR EXT MAT 300 INT22,3348901618120,C017500300,,,,,,,,,,, DIOR00000557,ROUGE DIOR EXT MAT 300
DIOR,RGE DIOR EXT MAT 400 INT22,3348901618137,C017500400,,,,,,,,,,, DIOR00000558,ROUGE DIOR EXT MAT 400
DIOR,RGE DIOR VERNIS 100 INT21,3348901342292,F000355100,,,,,,,,,,, DIOR00000570,ROUGE DIOR VERNIS 100
DIOR,RGE DIOR VERNIS 212 INT21,3348901584920,F000355212,,,,,,,,,,, DIOR00000571,ROUGE DIOR VERNIS 212
DIOR,RGE DIOR VERNIS 449 INT21,3348901584937,F000355449,,,,,,,,,,, DIOR00000572,ROUGE DIOR VERNIS 449
DIOR,ADD LIPSTICK 412 INT23,3348901655941,C029100412,,,,,,,,,,, DIOR00002559,ADD LIPSTICK 412 INT23
DIOR,ADD LIPSTICK 730 INT23,3348901610025,C029100730,,,,,,,,,,, DIOR00002564,ADD LIPSTICK 730 INT23
DIOR,ADD LIPSTICK 758 INT23,3348901656023,C029100758,,,,,,,,,,, DIOR00002565,ADD LIPSTICK 758 INT23
DIOR,ADD LIPSTICK 812 INT23,3348901656801,C029100812,,,,,,,,,,, DIOR00002566,ADD LIPSTICK 812 INT23
DIOR,ADD LIPSTICK 822 INT23,3348901656047,C029100822,,,,,,,,,,, DIOR00002567,ADD LIPSTICK 822 INT23
DIOR,ADD LIPSTICK 525 INT22,3348901609838,C029100525,,,,,,,,,,, DIOR00002598,ADD LIPSTICK 525 INT22
DIOR,ADD LIPSTICK 841 INT22,3348901610056,C029100841,,,,,,,,,,, DIOR00002600,ADD LIPSTICK 841 INT22
DIOR,ADD LIPSTICK 877 INT22,3348901625609,C029100877,,,,,,,,,,, DIOR00002602,ADD LIPSTICK 877 INT22
DIOR,ADD LIPSTICK 531 INT22,3348901609876,C029100531,,,,,,,,,,, DIOR00002627,ADD LIPSTICK 531 INT22
DIOR,ADD LIPSTICK 922 INT22,3348901610100,C029100922,,,,,,,,,,, DIOR00002619,ADD LIPSTICK 922 INT22
DIOR,ADD LIPSTICK 576 INT22,3348901609906,C029100576,,,,,,,,,,, DIOR00002620,ADD LIPSTICK 576 INT22
DIOR,ADD LIPSTICK 918 INT22,3348901610094,C029100918,,,,,,,,,,, DIOR00002621,ADD LIPSTICK 918 INT22
DIOR,ADD LIPSTICK 980 INT22,3348901610124,C029100980,,,,,,,,,,, DIOR00002622,ADD LIPSTICK 980 INT22
DIOR,ADD LIPSTICK 567 INT22,3348901609890,C029100567,,,,,,,,,,, DIOR00002624,ADD LIPSTICK 567 INT22
DIOR,ADD LIPSTICK 636 INT22,3348901609920,C029100636,,,,,,,,,,, DIOR00002625,ADD LIPSTICK 636 INT22
DIOR,ADD LIPSTICK 717 INT22,3348901609982,C029100717,,,,,,,,,,, DIOR00002607,ADD LIPSTICK 717 INT22
DIOR,ADD LIP GLOW DIOR 8 INT22,3348901625906,C021400108,,,,,,,,,,, DIOR00002631,ADD LIP GLOW DIOR 8 INT22
DIOR,RGE DIOR FOREVER STICK 215 ,3348901695343,C030800215,,,,,,,,,,, DIOR00002903,RGE DIOR FOREVER STICK 215 
DIOR,RGE DIOR FOREVER STICK 265 ,3348901695350,C030800265,,,,,,,,,,, DIOR00002904,RGE DIOR FOREVER STICK 265 
DIOR,RGE DIOR FOREVER STICK 500 ,3348901695367,C030800500,,,,,,,,,,, DIOR00002905,RGE DIOR FOREVER STICK 500 
DIOR,RGE DIOR FOREVER STICK 625 ,3348901695374,C030800625,,,,,,,,,,, DIOR00002906,RGE DIOR FOREVER STICK 625 
DIOR,RGE DIOR FOREVER STICK 670 ,3348901695398,C030800670,,,,,,,,,,, DIOR00002907,RGE DIOR FOREVER STICK 670 
DIOR,RGE DIOR FOREVER STICK 729 ,3348901695404,C030800729,,,,,,,,,,, DIOR00002908,RGE DIOR FOREVER STICK 729 
DIOR,RGE DIOR FOREVER STICK 100 INT22,3348901632850,C030800100,,,,,,,,,,, DIOR00002569,RGE DIOR FOREVER STICK 100 INT22
DIOR,RGE DIOR FOREVER STICK 200 INT22,3348901632874,C030800200,,,,,,,,,,, DIOR00002571,RGE DIOR FOREVER STICK 200 INT22
DIOR,RGE DIOR FOREVER STICK 210 INT22,3348901632881,C030800210,,,,,,,,,,, DIOR00002572,RGE DIOR FOREVER STICK 210 INT22
DIOR,RGE DIOR FOREVER STICK 300 INT22,3348901632904,C030800300,,,,,,,,,,, DIOR00002573,RGE DIOR FOREVER STICK 300 INT22
DIOR,RGE DIOR FOREVER STICK 458 INT22,3348901632942,C030800458,,,,,,,,,,, DIOR00002575,RGE DIOR FOREVER STICK 458 INT22
DIOR,RGE DIOR FOREVER STICK 505 INT22,3348901632959,C030800505,,,,,,,,,,, DIOR00002576,RGE DIOR FOREVER STICK 505 INT22
DIOR,RGE DIOR FOREVER STICK 518 INT22,3348901632966,C030800518,,,,,,,,,,, DIOR00002577,RGE DIOR FOREVER STICK 518 INT22
DIOR,RGE DIOR FOREVER STICK 525 INT22,3348901632973,C030800525,,,,,,,,,,, DIOR00002578,RGE DIOR FOREVER STICK 525 INT22
DIOR,RGE DIOR FOREVER STICK 558 INT22,3348901633161,C030800558,,,,,,,,,,, DIOR00002579,RGE DIOR FOREVER STICK 558 INT22
DIOR,RGE DIOR FOREVER STICK 626 INT22,3348901632997,C030800626,,,,,,,,,,, DIOR00002580,RGE DIOR FOREVER STICK 626 INT22
DIOR,RGE DIOR FOREVER STICK 720 INT22,3348901633017,C030800720,,,,,,,,,,, DIOR00002581,RGE DIOR FOREVER STICK 720 INT22
DIOR,RGE DIOR FOREVER STICK 780 INT22,3348901633055,C030800780,,,,,,,,,,, DIOR00002582,RGE DIOR FOREVER STICK 780 INT22
DIOR,RGE DIOR FOREVER STICK 840 INT22,3348901633079,C030800840,,,,,,,,,,, DIOR00002583,RGE DIOR FOREVER STICK 840 INT22
DIOR,RGE DIOR FOREVER STICK 879 INT22,3348901633109,C030800879,,,,,,,,,,, DIOR00002584,RGE DIOR FOREVER STICK 879 INT22
DIOR,DIOR FORV ROSY GLOW 063 INT24,3348901711678,C037300063,,,,,,,,,,, DIOR00003142,DIOR FORV ROSY GLOW 063 INT24
DIOR,RGE DIOR FRV LIQUID LACQUER 459 INT23,3348901667388,C037400459,,,,,,,,,,, DIOR00003133,RGE DIOR FRV LIQUID LACQUER 459 INT23
DIOR,RGE DIOR FOREVER STICK 999 INT22,3348901633123,C030800999,,,,,,,,,,, DIOR00002585,RGE DIOR FOREVER STICK 999 INT22
DIOR,ROUGE DIOR CONTOUR 028 INT21,3348901523820,C017900028,,,,,,,,,,, DIOR00000586,ROUGE DIOR CONTOUR 028
DIOR,ROUGE DIOR CONTOUR 080 INT21,3348901523622,C017900080,,,,,,,,,,, DIOR00000587,ROUGE DIOR CONTOUR 080
DIOR,ROUGE DIOR CONTOUR 100 INT21,3348901534024,C017900100,,,,,,,,,,, DIOR00000588,ROUGE DIOR CONTOUR 100
DIOR,ROUGE DIOR CONTOUR 665 INT21,3348901523738,C017900665,,,,,,,,,,, DIOR00000589,ROUGE DIOR CONTOUR 665
DIOR,ROUGE DIOR CONTOUR 678 INT21,3348901523769,C017900678,,,,,,,,,,, DIOR00000590,ROUGE DIOR CONTOUR 678
DIOR,ROUGE DIOR CONTOUR 772 INT21,3348901523745,C017900772,,,,,,,,,,, DIOR00000591,ROUGE DIOR CONTOUR 772
DIOR,ROUGE DIOR CONTOUR 840 INT21,3348901523646,C017900840,,,,,,,,,,, DIOR00000592,ROUGE DIOR CONTOUR 840
DIOR,ROUGE DIOR CONTOUR 943 INT21,3348901523615,C017900943,,,,,,,,,,, DIOR00000593,ROUGE DIOR CONTOUR 943
DIOR,ROUGE DIOR EXT MAT 220 INT21,3348901527187,C017500220,,,,,,,,,,, DIOR00000594,ROUGE DIOR EXT MAT 220
DIOR,ROUGE DIOR EXT MAT 720 INT21,3348901527163,C017500720,,,,,,,,,,, DIOR00000595,ROUGE DIOR EXT MAT 720
DIOR,ROUGE DIOR EXT MAT 760 INT21,3348901527194,C017500760,,,,,,,,,,, DIOR00000596,ROUGE DIOR EXT MAT 760
DIOR,ROUGE DIOR EXT MAT 773 INT21,3348901527149,C017500773,,,,,,,,,,, DIOR00000597,ROUGE DIOR EXT MAT 773
DIOR,ROUGE DIOR EXT MAT 840 INT21,3348901527125,C017500840,,,,,,,,,,, DIOR00000599,ROUGE DIOR EXT MAT 840
DIOR,ROUGE DIOR EXT MAT 999 INT21,3348901527118,C017500999,,,,,,,,,,, DIOR00000600,ROUGE DIOR EXT MAT 999
DIOR,ROUGE DIOR EXT SATIN 525 INT21,3348901535021,C017300525,,,,,,,,,,, DIOR00000601,ROUGE DIOR EXT SATIN 525
DIOR,ROUGE DIOR EXT SATIN 678 INT21,3348901527040,C017300678,,,,,,,,,,, DIOR00000602,ROUGE DIOR EXT SATIN 678
DIOR,ROUGE DIOR EXT SATIN 999 INT21,3348901527026,C017300999,,,,,,,,,,, DIOR00000603,ROUGE DIOR EXT SATIN 999
DIOR,ROUGE DIOR MAT 100 INT21,3348901535014,C017400100,,,,,,,,,,, DIOR00000605,ROUGE DIOR MAT 100
DIOR,ROUGE DIOR MAT 314 INT21,3348901527002,C017400314,,,,,,,,,,, DIOR00000606,ROUGE DIOR MAT 314
DIOR,ROUGE DIOR MAT 505 INT21,3348901526999,C017400505,,,,,,,,,,, DIOR00000607,ROUGE DIOR MAT 505
DIOR,ROUGE DIOR MAT 625 INT21,3348901526951,C017400625,,,,,,,,,,, DIOR00000608,ROUGE DIOR MAT 625
DIOR,ROUGE DIOR MAT 772 INT21,3348901526913,C017400772,,,,,,,,,,, DIOR00000610,ROUGE DIOR MAT 772
DIOR,ROUGE DIOR MAT 846 INT21,3348901526883,C017400846,,,,,,,,,,, DIOR00000611,ROUGE DIOR MAT 846
DIOR,ROUGE DIOR MAT 964 INT21,3348901526838,C017400964,,,,,,,,,,, DIOR00000614,ROUGE DIOR MAT 964
DIOR,ROUGE DIOR MAT 975 INT21,3348901526890,C017400975,,,,,,,,,,, DIOR00000615,ROUGE DIOR MAT 975
DIOR,ROUGE DIOR MAT 999 INT21,3348901526814,C017400999,,,,,,,,,,, DIOR00000616,ROUGE DIOR MAT 999
DIOR,ROUGE DIOR SATIN 028 INT21,3348901526777,C017200028,,,,,,,,,,, DIOR00000617,ROUGE DIOR SATIN 028
DIOR,ROUGE DIOR SATIN 080 INT21,3348901526609,C017200080,,,,,,,,,,, DIOR00000618,ROUGE DIOR SATIN 080
DIOR,ROUGE DIOR SATIN 277 INT21,3348901526708,C017200277,,,,,,,,,,, DIOR00000619,ROUGE DIOR SATIN 277
DIOR,ROUGE DIOR SATIN 339 INT21,3348901526807,C017200339,,,,,,,,,,, DIOR00000620,ROUGE DIOR SATIN 339
DIOR,ROUGE DIOR SATIN 434 INT21,3348901526753,C017200434,,,,,,,,,,, DIOR00000621,ROUGE DIOR SATIN 434
DIOR,ROUGE DIOR SATIN 663 INT21,3348901526692,C017200663,,,,,,,,,,, DIOR00000623,ROUGE DIOR SATIN 663
DIOR,ROUGE DIOR SATIN 683 INT21,3348901526722,C017200683,,,,,,,,,,, DIOR00000624,ROUGE DIOR SATIN 683
DIOR,ROUGE DIOR SATIN 743 INT21,3348901526623,C017200743,,,,,,,,,,, DIOR00000625,ROUGE DIOR SATIN 743
DIOR,ROUGE DIOR SATIN 999 INT21,3348901526586,C017200999,,,,,,,,,,, DIOR00000626,ROUGE DIOR SATIN 999
DIOR,ROUGE DIOR BALM SATIN 100 (000) INT21,3348901570060,C023200100,,,,,,,,,,, DIOR00000627,ROUGE DIOR BALM SATIN 100 (000)
DIOR,ROUGE DIOR CONTOUR 060 INT21,3348901523790,C017900060,,,,,,,,,,, DIOR00000628,ROUGE DIOR CONTOUR 060
DIOR,ROUGE DIOR CONTOUR 593 INT21,3348901523691,C017900593,,,,,,,,,,, DIOR00000629,ROUGE DIOR CONTOUR 593
DIOR,ROUGE DIOR SATIN 824 INT21,3348901542104,C017200824,,,,,,,,,,, DIOR00000630,ROUGE DIOR SATIN 824
DIOR,ROUGE DIOR VERNIS 080 INT21,3348901538954,F000355080,,,,,,,,,,, DIOR00000631,ROUGE DIOR VERNIS 080
DIOR,ROUGE DIOR VERNIS 849 INT21,3348901538961,F000355849,,,,,,,,,,, DIOR00000632,ROUGE DIOR VERNIS 849
DIOR,DIORSHOW ICO OV MASC 090 INT20,3348901500784,C013800090,,,,,,,,,,, DIOR00000473,DIORSHOW ICO OV MASC 090
DIOR,DIORSHOW ICO OV MASC 694 INT20,3348901500807,C013800694,,,,,,,,,,, DIOR00000474,DIORSHOW ICO OV MASC 694
DIOR,DIORSHOW ICO OV MASC 264 INT20,3348901500791,C013800264,,,,,,,,,,, DIOR00000475,DIORSHOW ICO OV MASC 264
DIOR,COUL 5C COUTURE E/SHAD 079 INT20,3348901490061,C013900079,,,,,,,,,,, DIOR00000476,COUL 5C COUTURE E/SHAD 079
DIOR,COUL 5C COUTURE E/SHAD 279 INT20,3348901490009,C013900279,,,,,,,,,,, DIOR00000477,COUL 5C COUTURE E/SHAD 279
DIOR,COUL 5C COUTURE E/SHAD 579 INT20,3348901490016,C013900579,,,,,,,,,,, DIOR00000478,COUL 5C COUTURE E/SHAD 579
DIOR,COUL 5C COUTURE E/SHAD 599 INT20,3348901489966,C013900599,,,,,,,,,,, DIOR00000479,COUL 5C COUTURE E/SHAD 599
DIOR,COUL 5C COUTURE E/SHAD 649 INT20,3348901489935,C013900649,,,,,,,,,,, DIOR00000480,COUL 5C COUTURE E/SHAD 649
DIOR,COUL 5C COUTURE E/SHAD 689 INT20,3348901489980,C013900689,,,,,,,,,,, DIOR00000481,COUL 5C COUTURE E/SHAD 689
DIOR,COUL 5C COUTURE E/SHAD 859 INT20,3348901490030,C013900859,,,,,,,,,,, DIOR00000482,COUL 5C COUTURE E/SHAD 859
DIOR,COUL 5C COUTURE E/SHAD 879 INT20,3348901489973,C013900879,,,,,,,,,,, DIOR00000483,COUL 5C COUTURE E/SHAD 879
DIOR,MDAY MD BB JEWEL BOX 100ML INT24,3348901697019,C400100708,,,,,,,,,,, DIOR00003045,MDAY MD BB JEWEL BOX 100ML INT24
DIOR,DIORSHOW KHOL CRAY 009 INT17,3348901329477,F073930009,,,,,,,,,,, DIOR00000505,DIORSHOW KHOL CRAY 009 INT17
DIOR,DIORSHOW KHOL CRAY 099 ,3348901329460,F073930099,,,,,,,,,,, DIOR00000506,DIORSHOW KHOL CRAY 099 
DIOR,DIORSHOW BROW STYLER 003 ,3348901354936,F072613003,,,,,,,,,,, DIOR00000508,DIORSHOW BROW STYLER 003 
DIOR,DIORSHOW BROW STYLER 004 ,3348901354943,F072613004,,,,,,,,,,, DIOR00000509,DIORSHOW BROW STYLER 004 
DIOR,MASCARA DIORSHOW BLACK 099,3348900797468,F069703099,,,,,,,,,,, DIOR00000515,DIORSHOW MASCARA BLACK 099
DIOR,CRAYON EYELINER  W/P NOIR TRINIDAD 094,3348900649705,F080305094,,,,,,,,,,, DIOR00000536,CRAYON EYELINER  W/P NOIR TRINIDAD 094
DIOR,CRAYON EYELINER  W/P BLEU CAPTIVANT 254,3348900649712,F080305254,,,,,,,,,,, DIOR00000537,CRAYON EYELINER  W/P BLEU CAPTIVANT 254
DIOR,CRAYON EYELINER  W/P BRUN INTENSE 594,3348900649828,F080305594,,,,,,,,,,, DIOR00000538,CRAYON EYELINER  W/P BRUN INTENSE 594
DIOR,EYELINER WATERPROOF 284,3348901412049,F085305284,,,,,,,,,,, DIOR00000540,EYELINER WATERPROOF 284
DIOR,EYELINER WATERPROOF 774,3348901412018,F085305774,,,,,,,,,,, DIOR00000541,EYELINER WATERPROOF 774
DIOR,DIORSHOW BROW STYLER BROWN,3348900923799,F072613001,,,,,,,,,,, DIOR00000542,DIORSHOW BROW STYLER BROWN
DIOR,DSHOW BROW STYLER  002 INT 15002 Uni. Dark Brown,3348901254533,F072613002,,,,,,,,,,, DIOR00000543,DIORSHOW BROW STYLER  002 INT 15002 Uni. Dark Brown
DIOR,CAPTURE TOTALE LOOSE POWDER 001 ,3348901406420,C003773001,,,,,,,,,,, DIOR00000430,CAPTURE TOTALE LOOSE POWDER 001 
DIOR,DIORSHOW KABUKI BROW STYLER 031 INT21,3348901550512,C021300031,,,,,,,,,,, DIOR00000446,DIORSHOW KABUKI BROW STYLER 031
DIOR,DIORSHOW KABUKI BROW STYLER 003 INT21,3348901550505,C021300003,,,,,,,,,,, DIOR00000447,DIORSHOW KABUKI BROW STYLER 003
DIOR,DIORSHOW KABUKI BROW STYLER 032 INT21,3348901550529,C021300032,,,,,,,,,,, DIOR00000448,DIORSHOW KABUKI BROW STYLER 032
DIOR,DIORSHOW KABUKI BROW STYLER 005 INT21,3348901550536,C021300005,,,,,,,,,,, DIOR00000449,DIORSHOW KABUKI BROW STYLER 005
DIOR,DIORSHOW MAXIMIZER 3D INT21,3348901556316,C099600676,,,,,,,,,,, DIOR00000450,DIORSHOW MAXIMIZER 3D
DIOR,COUL MONO COUTURE E/SHAD 006 INT21,3348901559669,C022100006,,,,,,,,,,, DIOR00000452,COUL MONO COUTURE E/SHAD 006
DIOR,COUL MONO COUTURE E/SHAD 098 INT21,3348901559768,C022100098,,,,,,,,,,, DIOR00000453,COUL MONO COUTURE E/SHAD 098
DIOR,COUL MONO COUTURE E/SHAD 240 INT21,3348901559652,C022100240,,,,,,,,,,, DIOR00000454,COUL MONO COUTURE E/SHAD 240
DIOR,COUL MONO COUTURE E/SHAD 481 INT21,3348901559447,C022100481,,,,,,,,,,, DIOR00000455,COUL MONO COUTURE E/SHAD 481
DIOR,COUL MONO COUTURE E/SHAD 530 INT21,3348901559348,C022100530,,,,,,,,,,, DIOR00000456,COUL MONO COUTURE E/SHAD 530
DIOR,COUL MONO COUTURE E/SHAD 616 INT21,3348901559331,C022100616,,,,,,,,,,, DIOR00000457,COUL MONO COUTURE E/SHAD 616
DIOR,COUL MONO COUTURE E/SHAD 658 INT21,3348901559409,C022100658,,,,,,,,,,, DIOR00000458,COUL MONO COUTURE E/SHAD 658
DIOR,COUL MONO COUTURE E/SHAD 763 INT21,3348901559492,C022100763,,,,,,,,,,, DIOR00000459,COUL MONO COUTURE E/SHAD 763
DIOR,COUL MONO COUTURE E/SHAD 884 INT21,3348901559553,C022100884,,,,,,,,,,, DIOR00000460,COUL MONO COUTURE E/SHAD 884
DIOR,DSK FORV LUMINIZER 02 INT21,3348901566797,C022800002,,,,,,,,,,, DIOR00000382,DIORSKIN FOREVER LUMINIZER 02
DIOR,C/TOT FDT SERUM 1N 30ML INT21,3348901549035,C020300010,,,,,,,,,,, DIOR00000326,CAPTURE TOTAL FDT SERUM 1N 30 ML
DIOR,C/TOT FDT SERUM 1W 30ML INT21,3348901549134,C020300011,,,,,,,,,,, DIOR00000327,CAPTURE TOTAL FDT SERUM 1W 30 ML
DIOR,"C/TOT FDT SERUM 1,5N 30ML INT21",3348901549097,C020300015,,,,,,,,,,, DIOR00000328,"CAPTURE TOTAL FDT SERUM 1,5N 30 ML"
DIOR,C/TOT FDT SERUM 2N 30ML INT21,3348901549042,C020300020,,,,,,,,,,, DIOR00000329,CAPTURE TOTAL FDT SERUM 2N 30 ML
DIOR,C/TOT FDT SERUM 2W 30ML INT21,3348901549141,C020300021,,,,,,,,,,, DIOR00000330,CAPTURE TOTAL FDT SERUM 2W 30 ML
DIOR,C/TOT FDT SERUM 3N 30ML INT21,3348901549059,C020300030,,,,,,,,,,, DIOR00000331,CAPTURE TOTAL FDT SERUM 3N 30 ML
DIOR,CTOT FDT SERUM 5N 30ML INT21,3348901549073,C020300050,,,,,,,,,,, DIOR00003201,CTOT FDT SERUM 5N 30ML INT21
DIOR,C/TOT FDT CPT 020 A/J14,3348901181679,F070720020,,,,,,,,,,, DIOR00000332,CAPTURE TOTAL FDT CELLULAR PERFORMANCET 020 A/J14
DIOR,C/TOT FDT CPT 030 A/J14,3348901181709,F070720030,,,,,,,,,,, DIOR00000333,CAPTURE TOTAL FDT CELLULAR PERFORMANCET 030 A/J14
DIOR,DIORSKIN FOREVER UNDERCOVER FOUNDATION 010 INT18,3348901383462,C000900010,,,,,,,,,,, DIOR00000357,DIORSKIN FOREVER UNDERCOVER FOUNDATION 010
DIOR,DIORSKIN FOREVER UNDERCOVER FOUNDATION 015 INT18,3348901383509,C000900015,,,,,,,,,,, DIOR00000358,DIORSKIN FOREVER UNDERCOVER FOUNDATION 015
DIOR,DIORSKIN FOREVER UNDERCOVER FOUNDATION 020 INT18,3348901383516,C000900020,,,,,,,,,,, DIOR00000359,DIORSKIN FOREVER UNDERCOVER FOUNDATION 020
DIOR,DIORSKIN FOREVER UNDERCOVER FOUNDATION 021 INT18,3348901383523,C000900021,,,,,,,,,,, DIOR00000360,DIORSKIN FOREVER UNDERCOVER FOUNDATION 021
DIOR,DIORSKIN FOREVER UNDERCOVER FOUNDATION 022 INT18,3348901383530,C000900022,,,,,,,,,,, DIOR00000361,DIORSKIN FOREVER UNDERCOVER FOUNDATION 022
DIOR,DIORSKIN FOREVER UNDERCOVER FOUNDATION 023 INT18,3348901383547,C000900023,,,,,,,,,,, DIOR00000362,DIORSKIN FOREVER UNDERCOVER FOUNDATION 023
DIOR,DIORSKIN FOREVER UNDERCOVER FOUNDATION 025 INT18,3348901383561,C000900025,,,,,,,,,,, DIOR00000363,DIORSKIN FOREVER UNDERCOVER FOUNDATION 025
DIOR,DIORSKIN FOREVER UNDERCOVER FOUNDATION 030 INT18,3348901383578,C000900030,,,,,,,,,,, DIOR00000364,DIORSKIN FOREVER UNDERCOVER FOUNDATION 030
DIOR,DIORSKIN FOREVER UNDERCOVER FOUNDATION 031 INT18,3348901383585,C000900031,,,,,,,,,,, DIOR00000365,DIORSKIN FOREVER UNDERCOVER FOUNDATION 031
DIOR,DIORSKIN FOREVER UNDERCOVER FOUNDATION 032 INT18,3348901383592,C000900032,,,,,,,,,,, DIOR00000366,DIORSKIN FOREVER UNDERCOVER FOUNDATION 032
DIOR,DIORSKIN FOREVER UNDERCOVER FOUNDATION 035 INT18,3348901383622,C000900035,,,,,,,,,,, DIOR00000367,DIORSKIN FOREVER UNDERCOVER FOUNDATION 035
DIOR,DIORSKIN FOREVER UNDERCOVER FOUNDATION 040 INT18,3348901383639,C000900040,,,,,,,,,,, DIOR00000368,DIORSKIN FOREVER UNDERCOVER FOUNDATION 040
DIOR,PRESTIGE NECTAR SERUM P/BTL 30ML INT 2015,3348901243520,F067032000,,,,,,,,,,, DIOR00000210,PRESTIGE NECTAR SERUM P/BTL 30ML INT 2015
DIOR,PRESTIGE LIGHT CR JAR 50ML INT16,3348901281140,F066153000,,,,,,,,,,, DIOR00000212,PRESTIGE LIGHT CR JAR 50ML INT16
DIOR,PRESTIGE CR EYES JAR 15ML INT16,3348901271585,F065751000,,,,,,,,,,, DIOR00000213,PRESTIGE CR EYES JAR 15ML INT16
DIOR,PRESTIGE NIGHT CREME JAR 50ML INT14,3348901190848,F068853000,,,,,,,,,,, DIOR00000215,PRESTIGE NIGHT CREME JAR 50ML INT14
DIOR,PRESTIGE NIGHT NECTAR P/BTL 30ML INT14,3348901190824,F068232000,,,,,,,,,,, DIOR00000217,PRESTIGE NIGHT NECTAR P/BTL 30ML INT14
DIOR,SKIN REPAIR CATAPLASME TB 75ML INT20,3348901563789,C099600743,,,,,,,,,,, DIOR00000240,SKIN REPAIR CATAPLASME TB 75 ML
DIOR,DBRZE SELF TAN LIQ SUN PBTL100ML INT20,3348901506274,C099600509,,,,,,,,,,, DIOR00000251,DBRONZE SELF TAN LIQ SUN PBTL100ML INT20
DIOR,BRONZE MILKY MIST SPF50,3348901450256,C099600298,,,,,,,,,,, DIOR00000252,DBRONZE MILKY MIST SPF 50
DIOR,DBRONZE MONOI BALM AFTER SUN TUBE 150ML INT18,3348901393393,C099600073,,,,,,,,,,, DIOR00000253,DBRONZE MONOI BALM AFTER SUN TUBE 150 ML
DIOR,DBRONZE OIL IN MIST SPF15 SPR 125ML INT18,3348901393409,C099600074,,,,,,,,,,, DIOR00000254,DBRONZE OIL IN MIST SPF15 SPR 125 ML
DIOR,DBRZ SELF-TANNING JELLY FACE TB 50ML INT17,3348901325134,F021243000,,,,,,,,,,, DIOR00000255,DBRONZE SELF-TANNING JELLY FACE TB 50 ML
DIOR,ONE ESSENTIAL BOOST SERUM 50ML,3348901365666,F072533080,,,,,,,,,,, DIOR00000190,ONE ESSENTIAL BOOSTER SERUM 50ML
DIOR,ONE ESSENTIAL BOOST SERUM 30ML,3348901365659,F072535080,,,,,,,,,,, DIOR00000191,ONE ESSENTIAL BOOSTER SERUM 30ML
DIOR,ONE ESS CITY DEFENSE 30ml INT15,3348901237291,F070312000,,,,,,,,,,, DIOR00000193,ONE ESSENTIAL CITY DEFENSE 15ml INT15
DIOR,PRESTIGE SLIM CUSHION BOX 010 14G INT20,3348901521130,C017100010,,,,,,,,,,, DIOR00000218,PRESTIGE SLIM CUSHION BOX 010 14 GR
DIOR,PRESTIGE SLIM CUSHION BOX 012 14G INT20,3348901521154,C017100012,,,,,,,,,,, DIOR00000219,PRESTIGE SLIM CUSHION BOX 012 14 GR
DIOR,PRESTIGE SLIM CUSHION BOX 020 14G INT20,3348901521413,C017100020,,,,,,,,,,, DIOR00000220,PRESTIGE SLIM CUSHION BOX 020 14 GR
DIOR,PRESTIGE SLIM CUSHION BOX 030 14G INT20,3348901521420,C017100030,,,,,,,,,,, DIOR00000221,PRESTIGE SLIM CUSHION BOX 030 14 GR
DIOR,PRESTIGE CUSHION BOX 010 15G INT18,3348901319607,F063090010,,,,,,,,,,, DIOR00000222,PRESTIGE CUSHION BOX 010 15 GR
DIOR,PRESTIGE CUSHION BOX 020 15G INT18,3348901319614,F063090020,,,,,,,,,,, DIOR00000223,PRESTIGE CUSHION BOX 020 15 GR
DIOR,PRESTIGE CUSHION BOX 030 15G INT18,3348901319621,F063090030,,,,,,,,,,, DIOR00000224,PRESTIGE CUSHION BOX 030 15 GR
DIOR,DREAMSKIN CARE AND PERFECT 75ML,3348901507271,C099600510,,,,,,,,,,, DIOR00000185,DREAMSKIN CARE AND PERFECT 75ML
DIOR,DRSK SLEEVE EMUL P/BTL 50ML INT19,3348901471268,C099600398,,,,,,,,,,, DIOR00000186,DREAMSKIN SLEEVE EMUL P/BTL 50ML INT19
DIOR,DRSK EMUL P/BTL 30ML INT19,3348901470834,C099600389,,,,,,,,,,, DIOR00000187,DREAMSKIN EMUL P/BTL 30ML INT19
DIOR,C/TOT CELL ENERGY SERUM P/BTL 75ML W/SLEEVE INT21,3348901563635,C099600745,,,,,,,,,,, DIOR00000164,C/TOT CELL ENERGY SERUM P/BTL 75ML W/SLEEVE INT21
DIOR,SNOW ESSENCE OF LIGHT SERUM BTL 30ML INT21,3348901539944,C099600599,,,,,,,,,,, DIOR00000177,SNOW ESS OF LIGHT SERUM BTL 30ML INT21
DIOR,SNOW ESSENCE OF LIGHT SERUM BTL 50ML INT21,3348901539951,C099600600,,,,,,,,,,, DIOR00000178,SNOW ESS OF LIGHT SERUM BTL 50ML INT21
DIOR,SNOW UV50 SHIELD EMULSION TONE UP BTL 30ML INT21,3348901540025,C099672601,,,,,,,,,,, DIOR00000179,SNOW UV50 SHIELD EMULSION TONE UP BTL 30ML INT21
DIOR,SNOW UV50 SHIELD EMULSION TB 30ML INT20,3348901495974,C099620428,,,,,,,,,,, DIOR00000181,SNOW UV50 SHIELD EMULSION TB 30ML INT20
DIOR,CAPTURE YOUTH AGE DELAY ADVANCED CREME 50ML,3348901377904,C099600010,,,,,,,,,,, DIOR00000145,CAPTURE YOUTH AGE DELAY ADVANCED CREME 50ML
DIOR,CAPTURE YOUTH PLUMP FILLER AGE DELAY PLUMPING SERUM,3348901377911,C099600011,,,,,,,,,,, DIOR00000146,CAPTURE YOUTH PLUMP FILLER AGE DELAY PLUMPING SERUM
DIOR,CAPTURE YOUTH GLOW BOOSTER AGE DELAY ILLUMINATING SERUM,3348901377928,C099600012,,,,,,,,,,, DIOR00000149,CAPTURE YOUTH GLOW BOOSTER AGE DELAY ILLUMINATING SERUM
DIOR,CAPTURE YOUTH EYE TREATMENT P/BTL 15ML CN19,3348901458191,C099690163,,,,,,,,,,, DIOR00000159,CAPTURE YOUTH EYE TREATMENT P/BTL 15ML CN19
DIOR,CAPTURE YOUTH INTENSE SERUM BTL 30ML CN19,3348901458214,C099690265,,,,,,,,,,, DIOR00000160,CAPTURE YOUTH INTENSE SERUM BTL 30ML CN19
DIOR,MISS DIOR ORIGINAL EDT 100 ML,3348900142312,F006224909,,,,,,,,,,, DIOR00000015,MISS DIOR ORIGINAL EDT 100 ML
DIOR,MISS DIOR ORIGINAL EDT 50 ML,3348900142305,F006222909,,,,,,,,,,, DIOR00000016,MISS DIOR ORIGINAL EDT 50 ML
DIOR,CAPTURE YOUTH REDNESS SOOTHER AGE DELAY,3348901392792,C099600077,,,,,,,,,,, DIOR00000150,CAPTURE YOUTH REDNESS SOOTHER AGE DELAY
DIOR,CAPTURE YOUTH LIFT SCULPTOR AGE DELAY LIFTING SERUM,3348901377935,C099600013,,,,,,,,,,, DIOR00000147,CAPTURE YOUTH LIFT SCULPTOR AGE DELAY LIFTING SERUM
DIOR,CAPTURE YOUTH MATTE MAXIMIZER AGE DELAY MATIFYING SERUM,3348901392785,C099600076,,,,,,,,,,, DIOR00000148,CAPTURE YOUTH MATTE MAXIMIZER AGE DELAY MATIFYING SERUM
DIOR,CAPTURE YOUTH RESURFACING LOTION BTL 150ML CN19,3348901458238,C099690161,,,,,,,,,,, DIOR00000157,CAPTURE YOUTH RESURFACING LOTION BTL 150ML CN19
DIOR,CAPTURE YOUTH CREME PEELING JAR 50ML SC19,3348901459723,C099690162,,,,,,,,,,, DIOR00000158,CAPTURE YOUTH CREME PEELING JAR 50ML SC19
DIOR,CTOT SER PBTL 30ML INT20,3348901479400,C099600424,,,,,,,,,,, DIOR00000167,CTOT SER PBTL 30ML INT20
DIOR,CTOT SER PBTL 50ML INT20,3348901479516,C099600425,,,,,,,,,,, DIOR00000168,CTOT SER PBTL 50ML INT20
DIOR,CTOT LOTION BTL 175ML INT20,3348901477635,C099600417,,,,,,,,,,, DIOR00000170,CTOT LOTION BTL 175ML INT20
DIOR,C/TOT CLEANING FOAM TB 150ML INT20,3348901477659,C099600419,,,,,,,,,,, DIOR00000171,C/TOT CLEANING FOAM TB 150ML INT20
DIOR,CTOT SER WSLEEVE BTL 50ML ,3348901503433,C099600492,,,,,,,,,,, DIOR00000172,CTOT SER WSLEEVE BTL 50ML 
DIOR,CTOT SER WSLEEVE BTL 30ML ,3348901485180,C099600453,,,,,,,,,,, DIOR00000173,CTOT SER WSLEEVE BTL 30ML 
DIOR,CTOT CR WSLEEVE JAR 50ML ,3348901485197,C099600454,,,,,,,,,,, DIOR00000174,CTOT CR WSLEEVE JAR 50ML 
DIOR,C/TOT MP NIGHT CREME  REFILL JAR 60ML INT14,3348901205566,F060750999,,,,,,,,,,, DIOR00000176,C/TOT MP NIGHT CREME  REFILL JAR 60ML INT14
DIOR,SNOW CLOUD CR JAR 50ML INT17,3348901306683,F041053000,,,,,,,,,,, DIOR00000180,SNOW CLOUD CR JAR 50ML INT17
DIOR,SNOW SER ESS OF LIGHT BTL 30ML INT18,3348901358583,F046112000,,,,,,,,,,, DIOR00000182,SNOW SER ESS OF LIGHT BTL 30ML INT18
DIOR,SNW LIQUID LIGHT FL P/BTL 30ML INT19,3348901429375,C099600181,,,,,,,,,,, DIOR00000183,SN0W LIQUID LIGHT FL P/BTL 30ML INT19
DIOR,SNOW FRESH CC TB 020 30ML INT17,3348901306713,F046042020,,,,,,,,,,, DIOR00000184,SNOW FRESH CC TB 020 30ML INT17
DIOR,DRSK 1 MIN MASK TB 75ML INT19,3348901470827,C099600391,,,,,,,,,,, DIOR00000188,DREAMSKIN 1 MIN MASK TB 75ML INT19
DIOR,O.ESS EYE TREAT P/BTL 15ML INT16,3348901281058,F072131000,,,,,,,,,,, DIOR00000192,ONE ESSENTIAL EYE TREAT P/BTL 15ML INT16
DIOR,PRESTIGE MICELLAR FOAM TUBE 120ML,3348901390415,C099600035,,,,,,,,,,, DIOR00000198,PRESTIGE MICELLAR FOAM TUBE 120 ML
DIOR,PRESTIGE BALM JAR 150ML,3348901390422,C099600036,,,,,,,,,,, DIOR00000199,PRESTIGE BALM JAR 150 ML
DIOR,PRESTIGE SCRUB JAR 150ML,3348901390439,C099600037,,,,,,,,,,, DIOR00000200,PRESTIGE SCRUB JAR 150 ML
DIOR,PRESTIGE SERUM DE ROSE EYE TB 15ML INT18,3348901398909,C099600087,,,,,,,,,,, DIOR00000209,PRESTIGE SERUM DE ROSE EYE TB 15ML INT18
DIOR,PRESTIGE CREME JAR 50ML INT 2015,3348901243537,F067053000,,,,,,,,,,, DIOR00000211,PRESTIGE CREME JAR 50ML INT 2015
DIOR,PRESTIGE RICH CR JAR 50ML INT17,3348901326056,F067653000,,,,,,,,,,, DIOR00000214,PRESTIGE RICH CR JAR 50ML INT17
DIOR,HYDRALIFE SORBET DROPLET EMUL BTL 50ML INT20,3348901484213,C099600444,,,,,,,,,,, DIOR00000225,HYDRALIFE SORBET DROPLET EMUL BTL 50 ML
DIOR,HYDRALIFE SORBET BALM JAR 50 ML,3348901379564,C099600031,,,,,,,,,,, DIOR00000228,HYDRALIFE SORBET BALM JAR 50 ML
DIOR,HYDRALIFE MICELLAR MILK 200 ML,3348901379588,C099600032,,,,,,,,,,, DIOR00000229,HYDRALIFE MICELLAR MILK 200 ML
DIOR,HYDRALIFE TRI-PHASIC MU REMOVER 125ML,3348901379601,C099600033,,,,,,,,,,, DIOR00000230,HYDRALIFE TRI-PHASIC MU REMOVER 125 ML
DIOR,HYDRALIFE FRESH HYDRATION - SORBET CREME JAR 50ML,3348901330565,F069253000,,,,,,,,,,, DIOR00000231,HYDRALIFE FRESH HYDRATION - SORBET CREME JAR 50 ML
DIOR,HYDRALIFE GLOW BETTER - FRESH JELLY MASK 50ML,3348901362863,F069053001,,,,,,,,,,, DIOR00000233,HYDRALIFE GLOW BETTER - FRESH JELLY MASK 50 ML
DIOR,HYDRALIFE PORES AWAY - PINK CLAY MASK 50ML,3348901330596,F069553000,,,,,,,,,,, DIOR00000234,HYDRALIFE PORES AWAY - PINK CLAY MASK 50 ML
DIOR,HYDRALIFE EXTRA PLUMP - SMOOTH BALM MASK JAR 50ML,3348901330619,F069153000,,,,,,,,,,, DIOR00000235,HYDRALIFE EXTRA PLUMP - SMOOTH BALM MASK JAR 50 ML
DIOR,HYDRALIFE LOTION TO FOAM - FRESH CLEANSER 190ML,3348901329194,F012135000,,,,,,,,,,, DIOR00000236,HYDRALIFE LOTION TO FOAM - FRESH CLEANSER 190 ML
DIOR,HYDRALIFE MICELLAR WATER - NO RINSE CLEANSER 200ML,3348901329262,F012136000,,,,,,,,,,, DIOR00000237,HYDRALIFE MICELLAR WATER - NO RINSE CLEANSER 200 ML
DIOR,HYDRALIFE OIL TO MILK - MAKEUP REMOVING CLEANSER 200ML,3348901329200,F022136000,,,,,,,,,,, DIOR00000238,HYDRALIFE OIL TO MILK - MAKEUP REMOVING CLEANSER 200 ML
DIOR,HYDRALIFE TIME TO GLOW - ULTRA FINE EXFOLIATING POWDER 40G,3348901329187,F002590000,,,,,,,,,,, DIOR00000239,HYDRALIFE TIME TO GLOW - ULTRA FINE EXFOLIATING POWDER 40 GR
DIOR,ODV CREME RICHE REFBLE JAR 50 ML,3348901008426,F062453000,,,,,,,,,,, DIOR00000244,ODV CREME RICHE REFBLE JAR 50 ML
DIOR,ODV CREME REFBLE JAR 50 ML,3348901008419,F062453100,,,,,,,,,,, DIOR00000245,ODV CREME REFBLE JAR 50 ML
DIOR,ODV CREME RICHE REFIL JAR 50 ML,3348901008389,F062453099,,,,,,,,,,, DIOR00000249,ODV CREME RICHE REFIL JAR 50 ML
DIOR,ODV CREME REFIL JAR 50 ML,3348901008372,F062453199,,,,,,,,,,, DIOR00000250,ODV CREME REFIL JAR 50 ML
DIOR,DBRONZE MILKY MIST SPF30 SPR 125ML INT18,3348901393416,C099600075,,,,,,,,,,, DIOR00000256,DBRONZE MILKY MIST SPF30 SPR 125 ML
DIOR,DBRONZE CREME FACE SPF30 TB 50ML INT16,3348901292795,F021143000,,,,,,,,,,, DIOR00000257,DBRONZE CREME FACE SPF30 TB 50 ML
DIOR,DBRONZE CREME FACE SPF50 TB 50ML INT16,3348901292801,F021443000,,,,,,,,,,, DIOR00000258,DBRONZE CREME FACE SPF50 TB 50 ML
DIOR,DREAMSKIN MOIST CUSHION 2X15G 000 ,3348901423182,C005500100,,,,,,,,,,, DIOR00000262,DREAMSKIN MOIST CUSHION 2X15 GR 000 
DIOR,"DSK FORV FL 30ML 1,5W INT21",3348901550451,C006300222,,,,,,,,,,, DIOR00000303,"DIORSKIN FOREVER FL 30 ML 1,5W"
DIOR,"DSK FORV FL 30ML 2,5W INT21",3348901556378,C006300225,,,,,,,,,,, DIOR00000304,"DIORSKIN FOREVER FL 30 ML 2,5W"
DIOR,"DSK FORV FL SKIN GLOW 30ML 1,5W INT21",3348901550468,C007100222,,,,,,,,,,, DIOR00000305,"DIORSKIN FOREVER FL SKIN GLOW 30 ML 1,5W"
DIOR,"DSK FORV FL SKIN GLOW 30ML 2,5W INT21",3348901556361,C007100225,,,,,,,,,,, DIOR00000306,"DIORSKIN FOREVER FL SKIN GLOW 30 ML 2,5W"
DIOR,DSK FORV SKIN VEIL PRIMER 001 INT21,3348901514774,C016400001,,,,,,,,,,, DIOR00000307,DIORSKIN FOREVER SKIN VEIL PRIMER 001
DIOR,DSK FORV SKIN CC CONCEAL 1N INT20,3348901484541,C012300010,,,,,,,,,,, DIOR00000314,DIORSKIN FOREVER SKIN CC CONCEAL 1N
DIOR,DSK FORV SKIN CC CONCEAL 1W INT20,3348901484558,C012300011,,,,,,,,,,, DIOR00000315,DIORSKIN FOREVER SKIN CC CONCEAL 1W
DIOR,DSK FORV SKIN CORRECT 1CR INT20,3348901484534,C012300012,,,,,,,,,,, DIOR00000316,DIORSKIN FOREVER SKIN CORRECT 1CR
DIOR,"DSK FORV SKIN CC CONCEAL 1,5N INT20",3348901484527,C012300015,,,,,,,,,,, DIOR00000317,"DIORSKIN FOREVER SKIN CC CONCEAL 1,5N"
DIOR,DSK FORV SKIN CC CONCEAL 2N INT20,3348901484589,C012300020,,,,,,,,,,, DIOR00000318,DIORSKIN FOREVER SKIN CC CONCEAL 2N
DIOR,DSK FORV SKIN CC CONCEAL 2W INT20,3348901484596,C012300021,,,,,,,,,,, DIOR00000319,DIORSKIN FOREVER SKIN CC CONCEAL 2W
DIOR,DSK FORV SKIN CC CONCEAL 2WP INT20,3348901484619,C012300023,,,,,,,,,,, DIOR00000320,DIORSKIN FOREVER SKIN CC CONCEAL 2WP
DIOR,"DSK FORV SKIN CC CONCEAL 2,5N INT20",3348901484565,C012300025,,,,,,,,,,, DIOR00000321,"DIORSKIN FOREVER SKIN CC CONCEAL 2,5N"
DIOR,DSK FORV SKIN CC CONCEAL 3N INT20,3348901484626,C012300030,,,,,,,,,,, DIOR00000322,DIORSKIN FOREVER SKIN CC CONCEAL 3N
DIOR,"DSK FORV SKIN CC CONCEAL 3,5N INT20",3348901504430,C012300035,,,,,,,,,,, DIOR00000323,"DIORSKIN FOREVER SKIN CC CONCEAL 3,5N"
DIOR,DSK FORV SKIN CC CONCEAL 4N INT20,3348901484657,C012300040,,,,,,,,,,, DIOR00000324,DIORSKIN FOREVER SKIN CC CONCEAL 4N
DIOR,DSK FORV SKIN CC CONCEAL 2CR INT20,3348901484572,C012300022,,,,,,,,,,, DIOR00000325,DIORSKIN FOREVER SKIN CC CONCEAL 2CR
DIOR,C/TOT FDT CPT 021 A/J14,3348901181686,F070720021,,,,,,,,,,, DIOR00000334,CAPTURE TOTAL FDT CELLULAR PERFORMANCET 021 A/J14
DIOR,DSK FORV FL 0.5N ,3348901437769,C006300005,,,,,,,,,,, DIOR00000335,DIORSKIN FOREVER FL 0.5N 
DIOR,DSK FORV FL 1N ,3348901437783,C006300010,,,,,,,,,,, DIOR00000336,DIORSKIN FOREVER FL 1N 
DIOR,DSK FORV FL 1CR ,3348901438452,C006300012,,,,,,,,,,, DIOR00000337,DIORSKIN FOREVER FL 1CR 
DIOR,DSK FORV FL 1.5N ,3348901437806,C006300015,,,,,,,,,,, DIOR00000338,DIORSKIN FOREVER FL 1.5N 
DIOR,DSK FORV FL 2N ,3348901437813,C006300020,,,,,,,,,,, DIOR00000339,DIORSKIN FOREVER FL 2N 
DIOR,DSK FORV FL 2CR ,3348901438476,C006300022,,,,,,,,,,, DIOR00000340,DIORSKIN FOREVER FL 2CR 
DIOR,DSK FORV FL 2WP ,3348901438308,C006300023,,,,,,,,,,, DIOR00000341,DIORSKIN FOREVER FL 2WP 
DIOR,DSK FORV FL 2.5N ,3348901437837,C006300025,,,,,,,,,,, DIOR00000342,DIORSKIN FOREVER FL 2.5N 
DIOR,DSK FORV FL 3N ,3348901437844,C006300030,,,,,,,,,,, DIOR00000343,DIORSKIN FOREVER FL 3N 
DIOR,DSK FORV FL 3WP ,3348901438322,C006300033,,,,,,,,,,, DIOR00000344,DIORSKIN FOREVER FL 3WP 
DIOR,DSK FORV FL 3.5N ,3348901437868,C006300035,,,,,,,,,,, DIOR00000345,DIORSKIN FOREVER FL 3.5N 
DIOR,DSK FORV FL 4N ,3348901437875,C006300040,,,,,,,,,,, DIOR00000346,DIORSKIN FOREVER FL 4N 
DIOR,DSK FORV FL 4.5N ,3348901437899,C006300045,,,,,,,,,,, DIOR00000347,DIORSKIN FOREVER FL 4.5N 
DIOR,DSK FORV FL 5N ,3348901437905,C006300050,,,,,,,,,,, DIOR00000348,DIORSKIN FOREVER FL 5N 
DIOR,DSK FORV FL SK GLW 1N ,3348901438520,C007100010,,,,,,,,,,, DIOR00000349,DIORSKIN FOREVER FL SK GLOW 1N 
DIOR,DSK FORV FL SK GLW 1.5N ,3348901438537,C007100015,,,,,,,,,,, DIOR00000350,DIORSKIN FOREVER FL SK GLOW 1.5N 
DIOR,DSK FORV FL SK GLW 2N ,3348901438544,C007100020,,,,,,,,,,, DIOR00000351,DIORSKIN FOREVER FL SK GLOW 2N 
DIOR,DSK FORV FL SK GLW 2.5N ,3348901438551,C007100025,,,,,,,,,,, DIOR00000352,DIORSKIN FOREVER FL SK GLOW 2.5N 
DIOR,DSK FORV FL SK GLW 3N ,3348901438568,C007100030,,,,,,,,,,, DIOR00000353,DIORSKIN FOREVER FL SK GLOW 3N 
DIOR,DSK FORV FL SK GLW 3.5N ,3348901438575,C007100035,,,,,,,,,,, DIOR00000354,DIORSKIN FOREVER FL SK GLOW 3.5N 
DIOR,DSK FORV FL SK GLW 4N ,3348901438582,C007100040,,,,,,,,,,, DIOR00000355,DIORSKIN FOREVER FL SK GLOW 4N 
DIOR,DSK FORV FL SK GLW 4.5N ,3348901438599,C007100045,,,,,,,,,,, DIOR00000356,DIORSKIN FOREVER FL SK GLOW 4.5N 
DIOR,DIORSKIN FOREVER UNDERCOVER FOUNDATION 050 INT18,3348901383677,C000900050,,,,,,,,,,, DIOR00000369,DIORSKIN FOREVER UNDERCOVER FOUNDATION 050
DIOR,DIORSKIN FOREVER UNDERCOVER FOUNDATION 045 INT18,3348901383660,C000900045,,,,,,,,,,, DIOR00000370,DIORSKIN FOREVER UNDERCOVER FOUNDATION 045
DIOR,DIORSKIN FOREVER UNDERCOVER FOUNDATION 033 INT18,3348901383608,C000900033,,,,,,,,,,, DIOR00000371,DIORSKIN FOREVER UNDERCOVER FOUNDATION 033
DIOR,DSK FORV PDR LOOSE 001 INT16,3348901282680,F072070001,,,,,,,,,,, DIOR00000379,DIORSKIN FOREVER PDR LOOSE 001
DIOR,DSK FORV PRIMER BASE 001 INT16,3348901282604,F077970001,,,,,,,,,,, DIOR00000380,DIORSKIN FOREVER PRIMER BASE 001
DIOR,DIORSKIN FOREVER EXTREME CONTROL 010,3348901317047,F033250010,,,,,,,,,,, DIOR00000385,DIORSKIN FOREVER EXTREME CONTROL 010
DIOR,DIORSKIN FOREVER EXTREME CONTROL 020,3348901317078,F033250020,,,,,,,,,,, DIOR00000386,DIORSKIN FOREVER EXTREME CONTROL 020
DIOR,DIORSKIN FOREVER EXTREME CONTROL 040,3348901317139,F033250040,,,,,,,,,,, DIOR00000387,DIORSKIN FOREVER EXTREME CONTROL 040
DIOR,DIORSKIN FOREVER EXTREME CONTROL 030,3348901317115,F033250030,,,,,,,,,,, DIOR00000388,DIORSKIN FOREVER EXTREME CONTROL 030
DIOR,DIORSKIN FOREVER EXTREME CONTROL 032,3348901317122,F033250032,,,,,,,,,,, DIOR00000389,DIORSKIN FOREVER EXTREME CONTROL 032
DIOR,DIORSKIN FOREVER EXTREME CONTROL 023,3348901317108,F033250023,,,,,,,,,,, DIOR00000390,DIORSKIN FOREVER EXTREME CONTROL 023
DIOR,DIORSKIN FOREVER EXTREME CONTROL 035,3348901342704,F033250035,,,,,,,,,,, DIOR00000391,DIORSKIN FOREVER EXTREME CONTROL 035
DIOR,DIORSKIN FOREVER EXTREME CONTROL 025,3348901342698,F033250025,,,,,,,,,,, DIOR00000392,DIORSKIN FOREVER EXTREME CONTROL 025
DIOR,DSK NUDE AIR LOOSE PDR 020 INT15,3348901248358,F072035020,,,,,,,,,,, DIOR00000393,DIORSKIN NUDE AIR LOOSE PDR 020
DIOR,DSK NUDE AIR LOOSE PDR 030 INT15,3348901248365,F072035030,,,,,,,,,,, DIOR00000394,DIORSKIN NUDE AIR LOOSE PDR 030
DIOR,DSK NUDE AIR LOOSE PDR 040 INT15        ,3348901248372,F072035040,,,,,,,,,,, DIOR00000395,DIORSKIN NUDE AIR LOOSE PDR 040        
DIOR,DSK NUDE AIR LOOSE PDR 010 INT15,3348901248334,F072035010,,,,,,,,,,, DIOR00000396,DIORSKIN NUDE AIR LOOSE PDR 010
DIOR,DSK NUDE AIR LOOSE PDR 012 INT15,3348901248341,F072035012,,,,,,,,,,, DIOR00000397,DIORSKIN NUDE AIR LOOSE PDR 012
DIOR,DSK NUDE AIR FDT SER 020 30ML INT15,3348901238038,F077893020,,,,,,,,,,, DIOR00000398,DIORSKIN NUDE AIR FDT SER 020 30 ML
DIOR,DSK NUDE AIR FDT SER 030 30ML INT15,3348901248105,F077893030,,,,,,,,,,, DIOR00000399,DIORSKIN NUDE AIR FDT SER 030 30 ML
DIOR,DSK NUDE AIR FDT SER 010 30ML INT15,3348901248075,F077893010,,,,,,,,,,, DIOR00000400,DIORSKIN NUDE AIR FDT SER 010 30 ML
DIOR,DSK NUDE AIR FDT SER 023 30ML INT15,3348901248099,F077893023,,,,,,,,,,, DIOR00000401,DIORSKIN NUDE AIR FDT SER 023 30 ML
DIOR,DSK NUDE AIR FDT SER 033 30ML INT15,3348901250849,F077893033,,,,,,,,,,, DIOR00000402,DIORSKIN NUDE AIR FDT SER 033 30 ML
DIOR,DSK NUDE AIR FDT SER 040 30ML INT15,3348901248112,F077893040,,,,,,,,,,, DIOR00000403,DIORSKIN NUDE AIR FDT SER 040 30 ML
DIOR,DIORSKIN MINERAL NUDE LUMINIZER POWDER 001,3348901399883,C002200001,,,,,,,,,,, DIOR00000404,DIORSKIN MINERAL NUDE LUMINIZER POWDER 001
DIOR,DIORSKIN MINERAL NUDE LUMINIZER POWDER 002,3348901399890,C002200002,,,,,,,,,,, DIOR00000405,DIORSKIN MINERAL NUDE LUMINIZER POWDER 002
DIOR,DIORSKIN MINERAL NUDE LUMINIZER POWDER 003,3348901399906,C002200003,,,,,,,,,,, DIOR00000406,DIORSKIN MINERAL NUDE LUMINIZER POWDER 003
DIOR,DIORSKIN MINERAL NUDE LUMINIZER POWDER 004,3348901399913,C002200004,,,,,,,,,,, DIOR00000407,DIORSKIN MINERAL NUDE LUMINIZER POWDER 004
DIOR,DSK MINERAL NUDE BRONZE PDR 001 INT18,3348901399654,C002000001,,,,,,,,,,, DIOR00000408,DIORSKIN MINERAL NUDE BRONZE PDR 001
DIOR,DSK MINERAL NUDE BRONZE PDR 002 INT18,3348901399661,C002000002,,,,,,,,,,, DIOR00000409,DIORSKIN MINERAL NUDE BRONZE PDR 002
DIOR,DSK MINERAL NUDE BRONZE PDR 003 INT18,3348901399678,C002000003,,,,,,,,,,, DIOR00000410,DIORSKIN MINERAL NUDE BRONZE PDR 003
DIOR,DSK MINERAL NUDE BRONZE PDR 004 INT18,3348901399685,C002000004,,,,,,,,,,, DIOR00000411,DIORSKIN MINERAL NUDE BRONZE PDR 004
DIOR,DSK MINERAL NUDE BRONZE PDR 005 INT18,3348901399692,C002000005,,,,,,,,,,, DIOR00000412,DIORSKIN MINERAL NUDE BRONZE PDR 005
DIOR,DSK MINERAL NUDE BRONZE PDR 006 INT18,3348901399708,C002000006,,,,,,,,,,, DIOR00000413,DIORSKIN MINERAL NUDE BRONZE PDR 006
DIOR,DIORSKIN FOREVER PERFECT MOUSSE FDT 010 ,3348901326155,F033260010,,,,,,,,,,, DIOR00000414,DIORSKIN FOREVER PERFECT MOUSSE FDT 010 
DIOR,DIORSKIN FOREVER PERFECT MOUSSE FDT 020 ,3348901326162,F033260020,,,,,,,,,,, DIOR00000415,DIORSKIN FOREVER PERFECT MOUSSE FDT 020 
DIOR,DIORSKIN FOREVER PERFECT MOUSSE FDT 022 ,3348901341165,F033260022,,,,,,,,,,, DIOR00000416,DIORSKIN FOREVER PERFECT MOUSSE FDT 022 
DIOR,DIORSKIN FOREVER PERFECT MOUSSE FDT 030 ,3348901326179,F033260030,,,,,,,,,,, DIOR00000417,DIORSKIN FOREVER PERFECT MOUSSE FDT 030 
DIOR,DIORSKIN FOREVER PERFECT MOUSSE FDT 040 ,3348901326186,F033260040,,,,,,,,,,, DIOR00000418,DIORSKIN FOREVER PERFECT MOUSSE FDT 040 
DIOR,DSK MIN NUDE MAT PDR 001 INT19,3348901456050,C002300001,,,,,,,,,,, DIOR00000419,DIORSKIN MINERAL NUDE MAT PDR 001
DIOR,DSK MIN NUDE MAT PDR 002 INT19,3348901456067,C002300002,,,,,,,,,,, DIOR00000420,DIORSKIN MINERAL NUDE MAT PDR 002
DIOR,DSK MIN NUDE MAT PDR 003 INT19,3348901456074,C002300003,,,,,,,,,,, DIOR00000421,DIORSKIN MINERAL NUDE MAT PDR 003
DIOR,DSK MIN NUDE MAT PDR 004 INT19,3348901456081,C002300004,,,,,,,,,,, DIOR00000422,DIORSKIN MINERAL NUDE MAT PDR 004
DIOR,DSK MIN NUDE MAT PDR 005 INT19,3348901456098,C002300005,,,,,,,,,,, DIOR00000423,DIORSKIN MINERAL NUDE MAT PDR 005
DIOR,DSK MIN NUDE MAT PDR 006 INT19,3348901456111,C002300006,,,,,,,,,,, DIOR00000424,DIORSKIN MINERAL NUDE MAT PDR 006
DIOR,CAPTURE TOTALE TRIPLE CORRECTING SERUM FOUNDATION 010,3348901190527,F070695010,,,,,,,,,,, DIOR00000425,CAPTURE TOTALE TRIPLE CORRECTING SERUM FOUNDATION 010
DIOR,CAPTURE TOTALE TRIPLE CORRECTING SERUM FOUNDATION 020,3348901190558,F070695020,,,,,,,,,,, DIOR00000426,CAPTURE TOTALE TRIPLE CORRECTING SERUM FOUNDATION 020
DIOR,CAPTURE TOTALE TRIPLE CORRECTING SERUM FOUNDATION 030,3348901190589,F070695030,,,,,,,,,,, DIOR00000427,CAPTURE TOTALE TRIPLE CORRECTING SERUM FOUNDATION 030
DIOR,CAPTURE TOTALE TRIPLE CORRECTING SERUM FOUNDATION 022,3348901190572,F070695022,,,,,,,,,,, DIOR00000428,CAPTURE TOTALE TRIPLE CORRECTING SERUM FOUNDATION 022
DIOR,CAPTURE TOTALE TRIPLE CORRECTING SERUM FOUNDATION 032,3348901190602,F070695032,,,,,,,,,,, DIOR00000429,CAPTURE TOTALE TRIPLE CORRECTING SERUM FOUNDATION 032
DIOR,DSK ROUGE BLUSH 614 ,3348901405393,C000000614,,,,,,,,,,, DIOR00000443,DIORSKIN ROUGE BLUSH 614 
DIOR,DSK ROUGE BLUSH 169,3348901401623,C000000169,,,,,,,,,,, DIOR00000444,DIORSKIN ROUGE BLUSH 169
DIOR,DSK ROUGE BLUSH 465,3348901401616,C000000465,,,,,,,,,,, DIOR00000445,DIORSKIN ROUGE BLUSH 465
DIOR,COUL 5C COUTURE E/SHAD 189 ,3348901601962,C027400189,,,,,,,,,,, DIOR00002557,COUL 5C COUTURE E/SHAD 189 
DIOR,COUL 5C COUTURE E/SHAD 869 ,3348901602006,C027400869,,,,,,,,,,, DIOR00002558,COUL 5C COUTURE E/SHAD 869 
DIOR,DIORSHOW PUMP'N VOL 090 INT19,3348901447171,C008100090,,,,,,,,,,, DIOR00000484,DIORSHOW PUMP'N VOL 090
DIOR,DIORSHOW PUMP'N BROW 002 INT19,3348901447027,C008200002,,,,,,,,,,, DIOR00000485,DIORSHOW PUMP'N BROW 002
DIOR,DIORSHOW PUMP'N BROW 003 INT19,3348901447065,C008200003,,,,,,,,,,, DIOR00000486,DIORSHOW PUMP'N BROW 003
DIOR,DIORSHOW PUMP'N BROW 004 INT19,3348901447072,C008200004,,,,,,,,,,, DIOR00000487,DIORSHOW PUMP'N BROW 004
DIOR,DIORSHOW PUMP'N BROW 021 INT19,3348901447973,C008200021,,,,,,,,,,, DIOR00000488,DIORSHOW PUMP'N BROW 021
DIOR,DIORSHOW LINER STAR 001,3348901380072,F077725001,,,,,,,,,,, DIOR00000490,DIORSHOW LINER STAR 001
DIOR,DIORSHOW LINER STAR 091 ,3348901379908,F077725091,,,,,,,,,,, DIOR00000491,DIORSHOW LINER STAR 091 
DIOR,DIORSHOW LINER STAR 096 ,3348901379960,F077725096,,,,,,,,,,, DIOR00000492,DIORSHOW LINER STAR 096 
DIOR,DIORSHOW LINER STAR 296,3348901380034,F077725296,,,,,,,,,,, DIOR00000493,DIORSHOW LINER STAR 296
DIOR,DIORSHOW LINER STAR 351,3348901380041,F077725351,,,,,,,,,,, DIOR00000494,DIORSHOW LINER STAR 351
DIOR,DIORSHOW LINER STAR 461,3348901391658,F077725461,,,,,,,,,,, DIOR00000495,DIORSHOW LINER STAR 461
DIOR,DIORSHOW LINER STAR 466,3348901380058,F077725466,,,,,,,,,,, DIOR00000496,DIORSHOW LINER STAR 466
DIOR,DIORSHOW LINER STAR 781,3348901379984,F077725781,,,,,,,,,,, DIOR00000497,DIORSHOW LINER STAR 781
DIOR,DIORSHOW LINER STAR 851,3348901380089,F077725851,,,,,,,,,,, DIOR00000498,DIORSHOW LINER STAR 851
DIOR,DIORSHOW LINER STAR 876,3348901380003,F077725876,,,,,,,,,,, DIOR00000499,DIORSHOW LINER STAR 876
DIOR,DIORSHOW LINER STAR 061 FALL,3348901408523,F077725061,,,,,,,,,,, DIOR00000500,DIORSHOW LINER STAR 061 FALL
DIOR,DIORSHOW ALL DAY BROW INK 011,3348901398640,C000500011,,,,,,,,,,, DIOR00000501,DIORSHOW ALL DAY BROW INK 011
DIOR,DIORSHOW ALL DAY BROW INK 002,3348901398664,C000500002,,,,,,,,,,, DIOR00000502,DIORSHOW ALL DAY BROW INK 002
DIOR,DIORSHOW ALL DAY BROW INK 021,3348901398657,C000500021,,,,,,,,,,, DIOR00000503,DIORSHOW ALL DAY BROW INK 021
DIOR,DIORSHOW LINER STAR 176,3348901380027,F077725176,,,,,,,,,,, DIOR00000504,DIORSHOW LINER STAR 176
DIOR,DIORSHOW KHOL CRAY 529 ,3348901329484,F073930529,,,,,,,,,,, DIOR00000507,DIORSHOW KHOL CRAY 529 
DIOR,DIORSHOW BROW STYLER 011,3348901302418,F072613011,,,,,,,,,,, DIOR00000510,DIORSHOW BROW STYLER 011
DIOR,DIORSHOW BROW STYLER 021 ,3348901354929,F072613021,,,,,,,,,,, DIOR00000511,DIORSHOW BROW STYLER 021 
DIOR,DIORSHOW MASC 090 EU/US15 BLACK,3348901252881,F069740090,,,,,,,,,,, DIOR00000512,DIORSHOW MASCARA 090 EU/US15 BLACK
DIOR,DIORSHOW MASC 698 EU/US15 BROWN,3348901252904,F069740698,,,,,,,,,,, DIOR00000513,DIORSHOW MASCARA 698 EU/US15 BROWN
DIOR,DIORSHOW MASC 258 EU/US15 BLUE,3348901252898,F069740258,,,,,,,,,,, DIOR00000514,DIORSHOW MASCARA 258 EU/US15 BLUE
DIOR,MASCARA DIORSHOW W/P BLACK 099,3348900865433,F069725099,,,,,,,,,,, DIOR00000516,DIORSHOW MASCARA W/P BLACK 099
DIOR,DIORSHOW NEW LOOK  MASCARA 090 INT12 ,3348901001915,F069710090,,,,,,,,,,, DIOR00000517,DIORSHOW NEW LOOK MASCARA 090
DIOR,DIORSHOW ICONIC  090 BLACK,3348900877733,F069610090,,,,,,,,,,, DIOR00000518,DIORSHOW ICONIC 090 BLACK
DIOR,DIORSHOW ICONIC  268 MARINE,3348900877740,F069610268,,,,,,,,,,, DIOR00000519,DIORSHOW ICONIC 268 MARINE
DIOR,DIORSHOW ICONIC 698 CHESTNUT,3348900877757,F069610698,,,,,,,,,,, DIOR00000520,DIORSHOW ICONIC 698 CHESTNUT
DIOR,DIORSHOW ICONIC EXTREME 090 BLACK,3348900910034,F069614090,,,,,,,,,,, DIOR00000521,DIORSHOW ICONIC EXTREME 090 BLACK
DIOR,DIORSHOW MONO E/SHAD 296 INT16,3348901302005,F014716296,,,,,,,,,,, DIOR00000523,DIORSHOW MONO E/SHAD 296
DIOR,DIORSHOW MONO E/SHAD 026 INT16,3348901301947,F014716026,,,,,,,,,,, DIOR00000524,DIORSHOW MONO E/SHAD 026
DIOR,DIORSHOW MONO E/SHAD 826 INT16,3348901301992,F014716826,,,,,,,,,,, DIOR00000525,DIORSHOW MONO E/SHAD 826
DIOR,DIORSHOW MONO E/SHAD 045 INT16,3348901302012,F014716045,,,,,,,,,,, DIOR00000526,DIORSHOW MONO E/SHAD 045
DIOR,DIORSHOW MONO E/SHAD 071 INT16,3348901301961,F014716071,,,,,,,,,,, DIOR00000527,DIORSHOW MONO E/SHAD 071
DIOR,DIORSHOW MONO E/SHAD 516 INT16,3348901301916,F014716516,,,,,,,,,,, DIOR00000528,DIORSHOW MONO E/SHAD 516
DIOR,DIORSHOW MONO E/SHAD 583 INT16,3348901301770,F014716583,,,,,,,,,,, DIOR00000529,DIORSHOW MONO E/SHAD 583
DIOR,DIORSHOW MONO E/SHAD 616 INT16,3348901301930,F014716616,,,,,,,,,,, DIOR00000530,DIORSHOW MONO E/SHAD 616
DIOR,DIORSHOW MONO E/SHAD 623 INT16,3348901301923,F014716623,,,,,,,,,,, DIOR00000531,DIORSHOW MONO E/SHAD 623
DIOR,DIORSHOW MONO E/SHAD 658 INT16,3348901301954,F014716658,,,,,,,,,,, DIOR00000532,DIORSHOW MONO E/SHAD 658
DIOR,DIORSHOW MONO E/SHAD 006 INT16,3348901301909,F014716006,,,,,,,,,,, DIOR00000533,DIORSHOW MONO E/SHAD 006
DIOR,DIORSHOW MONO E/SHAD 756 INT16,3348901301763,F014716756,,,,,,,,,,, DIOR00000534,DIORSHOW MONO E/SHAD 756
DIOR,DIORSHOW MONO E/SHAD 848 INT16,3348901301817,F014716848,,,,,,,,,,, DIOR00000535,DIORSHOW MONO E/SHAD 848
DIOR,EYELINER WATERPROOF 184,3348901412032,F085305184,,,,,,,,,,, DIOR00000539,EYELINER WATERPROOF 184
DIOR,ADD LIPSTICK 524 INT22,3348901625586,C029100524,,,,,,,,,,, DIOR00002596,ADD LIPSTICK 524 INT22
DIOR,ADD LIPSTICK 856 INT22,3348901610063,C029100856,,,,,,,,,,, DIOR00002597,ADD LIPSTICK 856 INT22
DIOR,ADD LIPSTICK 527 INT22,3348901609852,C029100527,,,,,,,,,,, DIOR00002601,ADD LIPSTICK 527 INT22
DIOR,ADD LIPSTICK 872 INT22,3348901610759,C029100872,,,,,,,,,,, DIOR00002604,ADD LIPSTICK 872 INT22
DIOR,ADD LIPSTICK 718 INT22,3348901609999,C029100718,,,,,,,,,,, DIOR00002611,ADD LIPSTICK 718 INT22
DIOR,ADD LIPSTICK 716 INT22,3348901609975,C029100716,,,,,,,,,,, DIOR00002613,ADD LIPSTICK 716 INT22
DIOR,ADD LIPSTICK 331 INT22,3348901609791,C029100331,,,,,,,,,,, DIOR00002617,ADD LIPSTICK 331 INT22
DIOR,ADD LIPSTICK 558 INT22,3348901609883,C029100558,,,,,,,,,,, DIOR00002623,ADD LIPSTICK 558 INT22
DIOR,ADD LIPSTICK 628 INT22,3348901609913,C029100628,,,,,,,,,,, DIOR00002628,ADD LIPSTICK 628 INT22
DIOR,ADD LIPSTICK 972 INT22,3348901610117,C029100972,,,,,,,,,,, DIOR00002630,ADD LIPSTICK 972 INT22
DIOR,RGE DIOR EXT SATIN 100 INT21,3348901580304,C017300100,,,,,,,,,,, DIOR00000554,ROUGE DIOR EXT SATIN 100
DIOR,RGE DIOR VERNIS 400 INT22,3348901625821,F000355400,,,,,,,,,,, DIOR00000559,ROUGE DIOR VERNIS 400
DIOR,ADD LIP GLOW 020 INT21,3348901550741,C021400020,,,,,,,,,,, DIOR00000578,ADD LIP GLOW 020
DIOR,ADD LIP GLOW 004 INT21,3348901550635,C021400004,,,,,,,,,,, DIOR00000580,ADD LIP GLOW 004
DIOR,ADD LIP GLOW 011 INT21,3348901550697,C021400011,,,,,,,,,,, DIOR00000581,ADD LIP GLOW 011
DIOR,ADD LIP GLOW 015 INT21,3348901550727,C021400015,,,,,,,,,,, DIOR00000582,ADD LIP GLOW 015
DIOR,ADD LIP MAX 020 SUM INT20,3348901509336,C006500020,,,,,,,,,,, DIOR00000583,ADD LIP MAX 020 SUM
DIOR,ADD LIP GLOW 008 INT21,3348901550673,C021400008,,,,,,,,,,, DIOR00000584,ADD LIP GLOW 008
DIOR,ADD LIP MAX 015 INT21,3348901550765,C006500015,,,,,,,,,,, DIOR00000585,ADD LIP MAX 015
DIOR,ROUGE DIOR EXT MAT 710 INT21,3348901527170,C017500710,,,,,,,,,,, DIOR00000598,ROUGE DIOR EXT MAT 710
DIOR,ROUGE DIOR MAT 060 INT21,3348901535045,C017400060,,,,,,,,,,, DIOR00000604,ROUGE DIOR MAT 060
DIOR,ROUGE DIOR MAT 771 INT21,3348901526968,C017400771,,,,,,,,,,, DIOR00000609,ROUGE DIOR MAT 771
DIOR,ROUGE DIOR MAT 888 INT21,3348901526821,C017400888,,,,,,,,,,, DIOR00000612,ROUGE DIOR MAT 888
DIOR,ROUGE DIOR MAT 895 INT21,3348901537575,C017400895,,,,,,,,,,, DIOR00000613,ROUGE DIOR MAT 895
DIOR,ROUGE DIOR SATIN 520 INT21,3348901526685,C017200520,,,,,,,,,,, DIOR00000622,ROUGE DIOR SATIN 520
DIOR,ADD STELLAR HALO SHINE 384 INT20,3348901504119,C013400384,,,,,,,,,,, DIOR00000633,ADDICT STELLAR HALO SHINE 384
DIOR,ADD STELLAR HALO SHINE 536 INT20,3348901504003,C013400536,,,,,,,,,,, DIOR00000634,ADDICT STELLAR HALO SHINE 536
DIOR,ADD STELLAR HALO SHINE 543 INT20,3348901504126,C013400543,,,,,,,,,,, DIOR00000635,ADDICT STELLAR HALO SHINE 543
DIOR,ADD STELLAR HALO SHINE 578 INT20,3348901504027,C013400578,,,,,,,,,,, DIOR00000636,ADDICT STELLAR HALO SHINE 578
DIOR,ADD STELLAR HALO SHINE 620 INT20,3348901513500,C013400620,,,,,,,,,,, DIOR00000637,ADDICT STELLAR HALO SHINE 620
DIOR,ADD STELLAR HALO SHINE 630 INT20,3348901504232,C013400630,,,,,,,,,,, DIOR00000638,ADDICT STELLAR HALO SHINE 630
DIOR,ADD STELLAR HALO SHINE 645 INT20,3348901504065,C013400645,,,,,,,,,,, DIOR00000639,ADDICT STELLAR HALO SHINE 645
DIOR,ADD STELLAR HALO SHINE 667 INT20,3348901504034,C013400667,,,,,,,,,,, DIOR00000640,ADDICT STELLAR HALO SHINE 667
DIOR,ADD STELLAR HALO SHINE 669 INT20,3348901504225,C013400669,,,,,,,,,,, DIOR00000641,ADDICT STELLAR HALO SHINE 669
DIOR,ADD STELLAR HALO SHINE 765 INT20,3348901504188,C013400765,,,,,,,,,,, DIOR00000642,ADDICT STELLAR HALO SHINE 765
DIOR,ADD STELLAR HALO SHINE 847 INT20,3348901513494,C013400847,,,,,,,,,,, DIOR00000643,ADDICT STELLAR HALO SHINE 847
DIOR,ADD STELLAR HALO SHINE 892 INT20,3348901504096,C013400892,,,,,,,,,,, DIOR00000644,ADDICT STELLAR HALO SHINE 892
DIOR,ADD STELLAR HALO SHINE 894 INT20,3348901504218,C013400894,,,,,,,,,,, DIOR00000645,ADDICT STELLAR HALO SHINE 894
DIOR,ADD STELLAR HALO SHINE 976 INT20,3348901503990,C013400976,,,,,,,,,,, DIOR00000646,ADDICT STELLAR HALO SHINE 976
DIOR,ADD STELLAR GLOSS 354 INT20,3348901500449,C013300354,,,,,,,,,,, DIOR00000647,ADDICT STELLAR GLOSS 354
DIOR,ADD STELLAR GLOSS 553 INT20,3348901500319,C013300553,,,,,,,,,,, DIOR00000648,ADDICT STELLAR GLOSS 553
DIOR,ADD STELLAR GLOSS 629 INT20,3348901500500,C013300629,,,,,,,,,,, DIOR00000649,ADDICT STELLAR GLOSS 629
DIOR,ADD STELLAR GLOSS 630 INT20,3348901500494,C013300630,,,,,,,,,,, DIOR00000650,ADDICT STELLAR GLOSS 630
DIOR,ADD STELLAR GLOSS 640 INT20,3348901500456,C013300640,,,,,,,,,,, DIOR00000651,ADDICT STELLAR GLOSS 640
DIOR,ADD STELLAR GLOSS 785 INT20,3348901504522,C013300785,,,,,,,,,,, DIOR00000652,ADDICT STELLAR GLOSS 785
DIOR,ADD STELLAR GLOSS 864 INT20,3348901500524,C013300864,,,,,,,,,,, DIOR00000653,ADDICT STELLAR GLOSS 864
DIOR,ADD STELLAR GLOSS 874 INT20,3348901500357,C013300874,,,,,,,,,,, DIOR00000654,ADDICT STELLAR GLOSS 874
DIOR,ADD STELLAR GLOSS 976 INT20,3348901500395,C013300976,,,,,,,,,,, DIOR00000655,ADDICT STELLAR GLOSS 976
DIOR,ADD STELLAR GLOSS 754 INT20,3348901500364,C013300754,,,,,,,,,,, DIOR00000656,ADDICT STELLAR GLOSS 754
DIOR,ADD LIPSTICK 744 INT20,3348901510790,C004800744,,,,,,,,,,, DIOR00000657,ADDICT LIPSTICK 744
DIOR,ADD LIPSTICK 847 INT20,3348901510806,C004800847,,,,,,,,,,, DIOR00000658,ADDICT LIPSTICK 847
DIOR,ADD STELLAR HALO SHINE 723 INT20,3348901504089,C013400723,,,,,,,,,,, DIOR00000659,ADDICT STELLAR HALO SHINE 723
DIOR,ADD STELLAR GLOSS 686 INT20,3348901500340,C013300686,,,,,,,,,,, DIOR00000660,ADDICT STELLAR GLOSS 686
DIOR,ADD STELLAR GLOSS 326 INT20,3348901500487,C013300326,,,,,,,,,,, DIOR00000661,ADDICT STELLAR GLOSS 326
DIOR,ROUGE DIOR ULTRA CARE LIQ 446 ,3348901472944,C010400446,,,,,,,,,,, DIOR00000670,ROUGE DIOR ULTRA CARE LIQ 446 
DIOR,ROUGE DIOR ULTRA CARE LIQ 459 ,3348901472913,C010400459,,,,,,,,,,, DIOR00000671,ROUGE DIOR ULTRA CARE LIQ 459 
DIOR,ROUGE DIOR ULTRA CARE LIQ 559 ,3348901473040,C010400559,,,,,,,,,,, DIOR00000672,ROUGE DIOR ULTRA CARE LIQ 559 
DIOR,ROUGE DIOR ULTRA CARE LIQ 639 ,3348901472975,C010400639,,,,,,,,,,, DIOR00000673,ROUGE DIOR ULTRA CARE LIQ 639 
DIOR,ROUGE DIOR ULTRA CARE LIQ 655 ,3348901472920,C010400655,,,,,,,,,,, DIOR00000674,ROUGE DIOR ULTRA CARE LIQ 655 
DIOR,ROUGE DIOR ULTRA CARE LIQ 675 ,3348901473064,C010400675,,,,,,,,,,, DIOR00000675,ROUGE DIOR ULTRA CARE LIQ 675 
DIOR,ROUGE DIOR ULTRA CARE LIQ 707 ,3348901479578,C010400707,,,,,,,,,,, DIOR00000676,ROUGE DIOR ULTRA CARE LIQ 707 
DIOR,ROUGE DIOR ULTRA CARE LIQ 760 ,3348901473026,C010400760,,,,,,,,,,, DIOR00000677,ROUGE DIOR ULTRA CARE LIQ 760 
DIOR,ROUGE DIOR ULTRA CARE LIQ 786 ,3348901473071,C010400786,,,,,,,,,,, DIOR00000678,ROUGE DIOR ULTRA CARE LIQ 786 
DIOR,ROUGE DIOR ULTRA CARE LIQ 808 ,3348901481045,C010400808,,,,,,,,,,, DIOR00000679,ROUGE DIOR ULTRA CARE LIQ 808 
DIOR,ROUGE DIOR ULTRA CARE LIQ 846 ,3348901472845,C010400846,,,,,,,,,,, DIOR00000680,ROUGE DIOR ULTRA CARE LIQ 846 
DIOR,ROUGE DIOR ULTRA CARE LIQ 855 ,3348901472869,C010400855,,,,,,,,,,, DIOR00000681,ROUGE DIOR ULTRA CARE LIQ 855 
DIOR,ROUGE DIOR ULTRA CARE LIQ 966 ,3348901472890,C010400966,,,,,,,,,,, DIOR00000682,ROUGE DIOR ULTRA CARE LIQ 966 
DIOR,ROUGE DIOR ULTRA CARE LIQ 989 ,3348901473033,C010400989,,,,,,,,,,, DIOR00000683,ROUGE DIOR ULTRA CARE LIQ 989 
DIOR,ROUGE DIOR ULTRA CARE LIQ 999 ,3348901472821,C010400999,,,,,,,,,,, DIOR00000684,ROUGE DIOR ULTRA CARE LIQ 999 
DIOR,ROUGE DIOR ULTRA CARE 328 ,3348901476485,C011300328,,,,,,,,,,, DIOR00000685,ROUGE DIOR ULTRA CARE 328 
DIOR,ROUGE DIOR ULTRA CARE 480 ,3348901476584,C011300480,,,,,,,,,,, DIOR00000686,ROUGE DIOR ULTRA CARE 480 
DIOR,ROUGE DIOR ULTRA CARE 580 ,3348901476553,C011300580,,,,,,,,,,, DIOR00000687,ROUGE DIOR ULTRA CARE 580 
DIOR,ROUGE DIOR ULTRA CARE 635 ,3348901476430,C011300635,,,,,,,,,,, DIOR00000688,ROUGE DIOR ULTRA CARE 635 
DIOR,ROUGE DIOR ULTRA CARE 655 ,3348901481069,C011300655,,,,,,,,,,, DIOR00000689,ROUGE DIOR ULTRA CARE 655 
DIOR,ROUGE DIOR ULTRA CARE 707 ,3348901476362,C011300707,,,,,,,,,,, DIOR00000690,ROUGE DIOR ULTRA CARE 707 
DIOR,ROUGE DIOR ULTRA CARE 749 ,3348901481083,C011300749,,,,,,,,,,, DIOR00000691,ROUGE DIOR ULTRA CARE 749 
DIOR,ROUGE DIOR ULTRA CARE 808 ,3348901476607,C011300808,,,,,,,,,,, DIOR00000692,ROUGE DIOR ULTRA CARE 808 
DIOR,ROUGE DIOR ULTRA CARE 848 ,3348901476546,C011300848,,,,,,,,,,, DIOR00000693,ROUGE DIOR ULTRA CARE 848 
DIOR,ROUGE DIOR ULTRA CARE 860 ,3348901476409,C011300860,,,,,,,,,,, DIOR00000694,ROUGE DIOR ULTRA CARE 860 
DIOR,ROUGE DIOR ULTRA CARE 866 ,3348901481106,C011300866,,,,,,,,,,, DIOR00000695,ROUGE DIOR ULTRA CARE 866 
DIOR,ROUGE DIOR ULTRA CARE 880 ,3348901476379,C011300880,,,,,,,,,,, DIOR00000696,ROUGE DIOR ULTRA CARE 880 
DIOR,ROUGE DIOR ULTRA CARE 975 ,3348901481151,C011300975,,,,,,,,,,, DIOR00000697,ROUGE DIOR ULTRA CARE 975 
DIOR,ROUGE DIOR ULTRA CARE 989 ,3348901481120,C011300989,,,,,,,,,,, DIOR00000698,ROUGE DIOR ULTRA CARE 989 
DIOR,ROUGE DIOR ULTRA CARE 999 ,3348901476355,C011300999,,,,,,,,,,, DIOR00000699,ROUGE DIOR ULTRA CARE 999 
DIOR,ADD LIPSTICK 260 INT19,3348901452397,C004800260,,,,,,,,,,, DIOR00000700,ADDICT LIPSTICK 260
DIOR,ADD LIPSTICK 267 INT19,3348901454339,C004800267,,,,,,,,,,, DIOR00000701,ADDICT LIPSTICK 267
DIOR,ADD LIPSTICK 352 INT19,3348901454315,C004800352,,,,,,,,,,, DIOR00000702,ADDICT LIPSTICK 352
DIOR,ADD LIPSTICK 535 INT19,3348901452366,C004800535,,,,,,,,,,, DIOR00000703,ADDICT LIPSTICK 535
DIOR,ADD LIPSTICK 536 INT19 - IT SHADE,3348901452571,C004800536,,,,,,,,,,, DIOR00000704,ADDICT LIPSTICK 536 - IT SHADE
DIOR,ADD LIPSTICK 553 INT19,3348901452403,C004800553,,,,,,,,,,, DIOR00000705,ADDICT LIPSTICK 553
DIOR,ADD LIPSTICK 578 INT19,3348901452496,C004800578,,,,,,,,,,, DIOR00000706,ADDICT LIPSTICK 578
DIOR,ADD LIPSTICK 579 INT19,3348901456852,C004800579,,,,,,,,,,, DIOR00000707,ADDICT LIPSTICK 579
DIOR,ADD LIPSTICK 612 INT19,3348901452359,C004800612,,,,,,,,,,, DIOR00000708,ADDICT LIPSTICK 612
DIOR,ADD LIPSTICK 623 INT19,3348901459334,C004800623,,,,,,,,,,, DIOR00000709,ADDICT LIPSTICK 623
DIOR,ADD LIPSTICK 649 INT19,3348901456845,C004800649,,,,,,,,,,, DIOR00000710,ADDICT LIPSTICK 649
DIOR,ADD LIPSTICK 667 INT19,3348901456821,C004800667,,,,,,,,,,, DIOR00000711,ADDICT LIPSTICK 667
DIOR,ADD LIPSTICK 673 INT19 - IT SHADE,3348901459341,C004800673,,,,,,,,,,, DIOR00000712,ADDICT LIPSTICK 673 - IT SHADE
DIOR,ADD LIPSTICK 859 INT19,3348901452427,C004800859,,,,,,,,,,, DIOR00000713,ADDICT LIPSTICK 859
DIOR,ADD LIPSTICK 863 INT19,3348901456869,C004800863,,,,,,,,,,, DIOR00000714,ADDICT LIPSTICK 863
DIOR,ADD LIPSTICK 881 INT19,3348901452335,C004800881,,,,,,,,,,, DIOR00000715,ADDICT LIPSTICK 881
DIOR,ADD LIPSTICK 891 INT19 - IT SHADE,3348901452540,C004800891,,,,,,,,,,, DIOR00000716,ADDICT LIPSTICK 891 - IT SHADE
DIOR,ADD LIPSTICK 976 INT19 - IT SHADE,3348901452489,C004800976,,,,,,,,,,, DIOR00000717,ADDICT LIPSTICK 976 - IT SHADE
DIOR,DIOR ADDICT LACQUER STICK 524,3348901340632,F002880524,,,,,,,,,,, DIOR00000718,DIOR ADDICTICT LACQUER STICK 524
DIOR,ROUGE DIOR ULTRA ROUGE 436,3348901408677,C003800436,,,,,,,,,,, DIOR00000719,ROUGE DIOR ULTRA ROUGE 436
DIOR,ROUGE DIOR ULTRA ROUGE 325,3348901408714,C003800325,,,,,,,,,,, DIOR00000720,ROUGE DIOR ULTRA ROUGE 325
DIOR,ROUGE DIOR ULTRA ROUGE 450,3348901408745,C003800450,,,,,,,,,,, DIOR00000721,ROUGE DIOR ULTRA ROUGE 450
DIOR,ROUGE DIOR ULTRA ROUGE 485,3348901408721,C003800485,,,,,,,,,,, DIOR00000722,ROUGE DIOR ULTRA ROUGE 485
DIOR,ROUGE DIOR ULTRA ROUGE 587,3348901408738,C003800587,,,,,,,,,,, DIOR00000723,ROUGE DIOR ULTRA ROUGE 587
DIOR,ROUGE DIOR ULTRA ROUGE 600,3348901408707,C003800600,,,,,,,,,,, DIOR00000724,ROUGE DIOR ULTRA ROUGE 600
DIOR,ROUGE DIOR ULTRA ROUGE 641,3348901408684,C003800641,,,,,,,,,,, DIOR00000725,ROUGE DIOR ULTRA ROUGE 641
DIOR,ROUGE DIOR ULTRA ROUGE 755,3348901408905,C003800755,,,,,,,,,,, DIOR00000726,ROUGE DIOR ULTRA ROUGE 755
DIOR,ROUGE DIOR ULTRA ROUGE 763,3348901414210,C003800763,,,,,,,,,,, DIOR00000727,ROUGE DIOR ULTRA ROUGE 763
DIOR,ROUGE DIOR ULTRA ROUGE 770,3348901408899,C003800770,,,,,,,,,,, DIOR00000728,ROUGE DIOR ULTRA ROUGE 770
DIOR,ROUGE DIOR ULTRA ROUGE 777,3348901408820,C003800777,,,,,,,,,,, DIOR00000729,ROUGE DIOR ULTRA ROUGE 777
DIOR,ROUGE DIOR ULTRA ROUGE 843,3348901408691,C003800843,,,,,,,,,,, DIOR00000730,ROUGE DIOR ULTRA ROUGE 843
DIOR,ROUGE DIOR ULTRA ROUGE 851,3348901414227,C003800851,,,,,,,,,,, DIOR00000731,ROUGE DIOR ULTRA ROUGE 851
DIOR,ROUGE DIOR ULTRA ROUGE 870,3348901408813,C003800870,,,,,,,,,,, DIOR00000732,ROUGE DIOR ULTRA ROUGE 870
DIOR,ROUGE DIOR ULTRA ROUGE 999,3348901408882,C003800999,,,,,,,,,,, DIOR00000733,ROUGE DIOR ULTRA ROUGE 999
DIOR,ROUGE DIOR LIPLINER 789 INT18,3348901410472,C003900789,,,,,,,,,,, DIOR00000734,ROUGE DIOR LIPLINER 789
DIOR,ROUGE DIOR LIPLINER 851 INT18,3348901418942,C003900851,,,,,,,,,,, DIOR00000735,ROUGE DIOR LIPLINER 851
DIOR,ROUGE DIOR MAT 999 INT16,3348901306386,F002784999,,,,,,,,,,, DIOR00000736,ROUGE DIOR MAT 999
DIOR,ROUGE DIOR MAT 772 INT16,3348901306317,F002784772,,,,,,,,,,, DIOR00000737,ROUGE DIOR MAT 772
DIOR,ROUGE DIOR 434 INT16,3348901304283,F002783434,,,,,,,,,,, DIOR00000738,ROUGE DIOR 434
DIOR,ROUGE DIOR 683 INT16,3348901304290,F002783683,,,,,,,,,,, DIOR00000739,ROUGE DIOR 683
DIOR,ROUGE DIOR 999 INT16,3348901304665,F002783999,,,,,,,,,,, DIOR00000740,ROUGE DIOR 999
DIOR,ROUGE DIOR 481 Hypnotic Matte ,3348901367813,F002784481,,,,,,,,,,, DIOR00000741,ROUGE DIOR 481 HYPNOTIC MATTE
DIOR,DIOR ADDICT LACQUER STICK 420 UNDERGROUND,3348901340861,F002880420,,,,,,,,,,, DIOR00000742,ADDICT LACQUER STICK 420 UNDERGROUND
DIOR,DIOR ADDICT LACQUER STICK 457 PALM BEACH,3348901340748,F002880457,,,,,,,,,,, DIOR00000743,ADDICT LACQUER STICK 457 PALM BEACH
DIOR,DIOR ADDICT LACQUER STICK 550 TEASE,3348901340786,F002880550,,,,,,,,,,, DIOR00000744,ADDICT LACQUER STICK 550 TEASE
DIOR,DIOR ADDICT LACQUER STICK 570 LA PINK,3348901340854,F002880570,,,,,,,,,,, DIOR00000745,ADDICT LACQUER STICK 570 LA PINK
DIOR,DIOR ADDICT LACQUER STICK 577 LAZY,3348901340762,F002880577,,,,,,,,,,, DIOR00000746,ADDICT LACQUER STICK 577 LAZY
DIOR,DIOR ADDICT LACQUER STICK 620 Poisonous,3348901340847,F002880620,,,,,,,,,,, DIOR00000747,ADDICT LACQUER STICK 620 POISONOUS
DIOR,DIOR ADDICT LACQUER STICK 677 Indie Rose,3348901340731,F002880677,,,,,,,,,,, DIOR00000748,ADDICT LACQUER STICK 677 INDIE ROSE
DIOR,DIOR ADDICT LACQUER STICK 684 DIABOLO,3348901340595,F002880684,,,,,,,,,,, DIOR00000749,ADDICT LACQUER STICK 684 DIABOLO
DIOR,DIOR ADDICT LACQUER STICK 744 PARTY RED,3348901340625,F002880744,,,,,,,,,,, DIOR00000750,ADDICT LACQUER STICK 744 PARTY RED
DIOR,DIOR ADDICT LACQUER STICK 794 Gamer,3348901340809,F002880794,,,,,,,,,,, DIOR00000751,ADDICT LACQUER STICK 794 GAMER
DIOR,DIOR ADDICT LACQUER STICK 857 HOLLYWOOD RED,3348901340663,F002880857,,,,,,,,,,, DIOR00000752,ADDICT LACQUER STICK 857 HOLLYWOOD RED
DIOR,DIOR ADDICT LACQUER STICK 877 TURN ME DIOR,3348901340717,F002880877,,,,,,,,,,, DIOR00000753,ADDICT LACQUER STICK 877 TURN ME DIOR
DIOR,DIOR ADDICT LACQUER STICK 924 SAUVAGE,3348901340687,F002880924,,,,,,,,,,, DIOR00000754,ADDICT LACQUER STICK 924 SAUVAGE
DIOR,DIOR ADDICT LACQUER STICK 984 DARK FLOWER,3348901340656,F002880984,,,,,,,,,,, DIOR00000755,ADDICT LACQUER STICK 984 DARK FLOWER
DIOR,ADD LIP MAX 001 ,3348901431040,C006500001,,,,,,,,,,, DIOR00000756,ADDICT LIP MAX 001 
DIOR,ADD LIP MAX 006 ,3348901431095,C006500006,,,,,,,,,,, DIOR00000757,ADDICT LIP MAX 006 
DIOR,ADD LIP MAX 007 ,3348901431101,C006500007,,,,,,,,,,, DIOR00000758,ADDICT LIP MAX 007 
DIOR,ADD LIP MAX 010 ,3348901443159,C006500010,,,,,,,,,,, DIOR00000759,ADDICT LIP MAX 010 
DIOR,ADD LIP MAX 012 ,3348901443166,C006500012,,,,,,,,,,, DIOR00000760,ADDICT LIP MAX 012 
DIOR,ADD LIP MAX 009 ,3348901443142,C006500009,,,,,,,,,,, DIOR00000761,ADDICT LIP MAX 009 
DIOR,ADD LIP MAX 004  ,3348901431071,C006500004,,,,,,,,,,, DIOR00000762,ADDICT LIP MAX 004  
DIOR,ADD LIP GLOW 201  ,3348901443081,C006600201,,,,,,,,,,, DIOR00000763,ADDICT LIP GLOW 201  
DIOR,ADD LIP GLOW 204  ,3348901443098,C006600204,,,,,,,,,,, DIOR00000764,ADDICT LIP GLOW 204  
DIOR,ADD LIP GLOW 206   ,3348901443104,C006600206,,,,,,,,,,, DIOR00000765,ADDICT LIP GLOW 206   
DIOR,ADD LIP GLOW 207   ,3348901443111,C006600207,,,,,,,,,,, DIOR00000766,ADDICT LIP GLOW 207   
DIOR,ADD LIP GLOW 209  ,3348901446129,C006600209,,,,,,,,,,, DIOR00000767,ADDICT LIP GLOW 209  
DIOR,ADD LIP GLOW 212  ,3348901443135,C006600212,,,,,,,,,,, DIOR00000768,ADDICT LIP GLOW 212  
DIOR,DIOR ADDICT LIP GLOW 001,3348900898844,F002701001,,,,,,,,,,, DIOR00000769,ADDICT LIP GLOW 001
DIOR,DIOR ADDICT LIP GLOW 004 CORAL,3348901199520,F002703004,,,,,,,,,,, DIOR00000770,ADDICT LIP GLOW 004 CORAL
DIOR,ADD LIP GLOW 006 SPR INT17,3348901337281,F002703006,,,,,,,,,,, DIOR00000771,ADDICT LIP GLOW 006
DIOR,ADD LIP GLOW 010 INT18,3348901394673,F002703010,,,,,,,,,,, DIOR00000772,ADDICT LIP GLOW 010
DIOR,ADD LIP GLOW 007 INT18,3348901379885,F002703007,,,,,,,,,,, DIOR00000773,ADDICT LIP GLOW 007
DIOR,ADD LIP GLOW MAT 102 INT18,3348901394635,F002714102,,,,,,,,,,, DIOR00000774,ADDICT LIP GLOW MAT 102
DIOR,DIOR ADDICT LIP GLOW 005 LILAC,3348901293549,F002703005,,,,,,,,,,, DIOR00000669,ADD LIP GLOW 005 SPR
DIOR,DIOR ADDICT LIP TATTOO 351,3348901366793,F002896351,,,,,,,,,,, DIOR00000775,ADDICT LIP TATTOO 351
DIOR,DIOR ADDICT LIP TATTOO 491,3348901366830,F002896491,,,,,,,,,,, DIOR00000776,ADDICT LIP TATTOO 491
DIOR,DIOR ADDICT LIP TATTOO 761,3348901366809,F002896761,,,,,,,,,,, DIOR00000777,ADDICT LIP TATTOO 761
DIOR,DIOR ADDICT LIP TATTOO 771,3348901367509,F002896771,,,,,,,,,,, DIOR00000778,ADDICT LIP TATTOO 771
DIOR,DIOR ADDICT LIP TATTOO 421 ,3348901366823,F002896421,,,,,,,,,,, DIOR00000779,ADDICT LIP TATTOO 421 
DIOR,DIOR ADDICT LIP TATTOO 251,3348901416412,F002896251,,,,,,,,,,, DIOR00000780,ADDICT LIP TATTOO 251
DIOR,ADD LIP TATTOO 621 SUM INT20,3348901505970,F002896621,,,,,,,,,,, DIOR00000781,ADDICT LIP TATTOO 621 SUM
DIOR,RGE DIOR CONTOUR PEN 169 INT13,3348901177832,F077135169,,,,,,,,,,, DIOR00000783,ROUGE DIOR CONTOUR PEN 169
DIOR,RGE DIOR CONTOUR PEN 463 INT13,3348901177825,F077135463,,,,,,,,,,, DIOR00000784,ROUGE DIOR CONTOUR PEN 463
DIOR,RGE DIOR CONTOUR PEN 532 INT13 - US,3348901177788,F077135532,,,,,,,,,,, DIOR00000785,ROUGE DIOR CONTOUR PEN 532 - US
DIOR,RGE DIOR CONTOUR PEN 573 INT13,3348901177948,F077135573,,,,,,,,,,, DIOR00000786,ROUGE DIOR CONTOUR PEN 573
DIOR,RGE DIOR CONTOUR PEN 775 INT13,3348901177795,F077135775,,,,,,,,,,, DIOR00000787,ROUGE DIOR CONTOUR PEN 775
DIOR,RGE DIOR CONTOUR PEN 943 INT13,3348901177931,F077135943,,,,,,,,,,, DIOR00000788,ROUGE DIOR CONTOUR PEN 943
DIOR,ROUGE DIORIFIC 01 VIOLET TATOO,3348900264908,F002760001,,,,,,,,,,, DIOR00000789,ROUGE DIORIFIC 01 VIOLET TATOO
DIOR,ROUGE DIORIFIC 08 VIOLET TACTIC,3348900264977,F002760008,,,,,,,,,,, DIOR00000790,ROUGE DIORIFIC 08 VIOLET TACTIC
DIOR,ROUGE DIORIFIC 013 ROUGE BINGO,3348900265028,F002760013,,,,,,,,,,, DIOR00000791,ROUGE DIORIFIC 013 ROUGE BINGO
DIOR,ROUGE DIORIFIC 014 ROUGE DOLCE VITA,3348900265035,F002760014,,,,,,,,,,, DIOR00000792,ROUGE DIORIFIC 014 ROUGE DOLCE VITA
DIOR,ROUGE DIORIFIC 021 ORANGE CANCAN,3348900410299,F002760021,,,,,,,,,,, DIOR00000793,ROUGE DIORIFIC 021 ORANGE CANCAN
DIOR,ROUGE DIORIFIC 023 ROSE DIABOLO,3348900410312,F002760023,,,,,,,,,,, DIOR00000794,ROUGE DIORIFIC 023 ROSE DIABOLO
DIOR,ROUGE DIORIFIC 025 ROSE MAMBO,3348900448339,F002760025,,,,,,,,,,, DIOR00000795,ROUGE DIORIFIC 025 ROSE MAMBO
DIOR,BCKST PROS FLASH LUMINIZER 002 INT16,3348901311243,F088075002,,,,,,,,,,, DIOR00000796,BCKST PROS FLASH LUMINIZER 002
DIOR,BCKST PROS FLASH LUMINIZER 025 INT16,3348901311250,F088075025,,,,,,,,,,, DIOR00000797,BCKST PROS FLASH LUMINIZER 025
DIOR,BCKST PROS FLASH LUMINIZER 003 INT16,3348901311267,F088075003,,,,,,,,,,, DIOR00000798,BCKST PROS FLASH LUMINIZER 003
DIOR,BCKST PROS FLASH LUMINIZER 005 INT16,3348901311281,F088075005,,,,,,,,,,, DIOR00000803,BCKST PROS FLASH LUMINIZER 005
DIOR,DSHOW MAXIMIZER INT16,3348901293037,F069797001,,,,,,,,,,, DIOR00000804,DSHOW MAXIMIZER
DIOR,ROUGE DIOR VERNIS 155 INT14,3348901208079,F000355155,,,,,,,,,,, DIOR00000810,ROUGE DIOR VERNIS 155
DIOR,ROUGE DIOR VERNIS 306 INT14,3348901208109,F000355306,,,,,,,,,,, DIOR00000811,ROUGE DIOR VERNIS 306
DIOR,ROUGE DIOR VERNIS 338 INT14,3348901212632,F000355338,,,,,,,,,,, DIOR00000812,ROUGE DIOR VERNIS 338
DIOR,ROUGE DIOR VERNIS 403 INT14,3348901208116,F000355403,,,,,,,,,,, DIOR00000813,ROUGE DIOR VERNIS 403
DIOR,ROUGE DIOR VERNIS 413 INT14,3348901208154,F000355413,,,,,,,,,,, DIOR00000814,ROUGE DIOR VERNIS 413
DIOR,ROUGE DIOR VERNIS 494 INT14,3348901212601,F000355494,,,,,,,,,,, DIOR00000815,ROUGE DIOR VERNIS 494
DIOR,ROUGE DIOR VERNIS 551 INT14,3348901212595,F000355551,,,,,,,,,,, DIOR00000816,ROUGE DIOR VERNIS 551
DIOR,ROUGE DIOR VERNIS 575 INT14,3348901208062,F000355575,,,,,,,,,,, DIOR00000817,ROUGE DIOR VERNIS 575
DIOR,ROUGE DIOR VERNIS 661 INT14,3348901212618,F000355661,,,,,,,,,,, DIOR00000819,ROUGE DIOR VERNIS 661
DIOR,ROUGE DIOR VERNIS 754 INT14,3348901212571,F000355754,,,,,,,,,,, DIOR00000820,ROUGE DIOR VERNIS 754
DIOR,ROUGE DIOR VERNIS 769 INT14,3348901208048,F000355769,,,,,,,,,,, DIOR00000821,ROUGE DIOR VERNIS 769
DIOR,RGE DIOR VERNIS 785 FALL INT15,3348901263795,F000355785,,,,,,,,,,, DIOR00000822,ROUGE DIOR VERNIS 785 FALL
DIOR,RGE DIOR VERNIS 800 SPR INT17  ,3348901325738,F000355800,,,,,,,,,,, DIOR00000823,ROUGE DIOR VERNIS 800 SPR
DIOR,DIOR VERNIS 445 CORAL CRUSH,3348901346078,F000355445,,,,,,,,,,, DIOR00000824,ROUGE DIOR VERNIS 445 CORAL CRUSH
DIOR,DSK FORV NAT BRONZE L/ED 04 SUM INT22,3348901625173,C027900004,,,,,,,,,,, DIOR00002652,DSK FORV NAT BRONZE L/ED 04 SUM INT22
DIOR,DSK FORV NAT BRONZE L/ED 05 SUM INT22,3348901625180,C027900005,,,,,,,,,,, DIOR00002653,DSK FORV NAT BRONZE L/ED 05 SUM INT22
DIOR,R.DIOR VERNIS 440 SUM INT22,3348901602396,F000355440,,,,,,,,,,, DIOR00002654,R.DIOR VERNIS 440 SUM INT22
DIOR,R.DIOR VERNIS 720 SUM INT22,3348901602419,F000355720,,,,,,,,,,, DIOR00002655,R.DIOR VERNIS 720 SUM INT22
DIOR,COUL  5C COUTURE L/ED 479 SUM INT22,3348901602297,C027600479,,,,,,,,,,, DIOR00002656,COUL  5C COUTURE L/ED 479 SUM INT22
DIOR,COUL  5C COUTURE L/ED 779 SUM INT22,3348901602303,C027600779,,,,,,,,,,, DIOR00002657,COUL  5C COUTURE L/ED 779 SUM INT22
DIOR,XMAS JAD EDP JEWEL BOX 100 ML INT21,3348901587969,C400100112,,,,,,,,,,, DIOR00002658,XMAS JAD EDP JEWEL BOX 100 ML INT21
DIOR,XMAS MU MASC PUMP N VOLUME OFFER INT2H21,3348901588041,C400100061,,,,,,,,,,, DIOR00002659,XMAS MU MASC PUMP N VOLUME OFFER INT2H21
DIOR,XMAS MU BCKS HOLIDAY GLOW OFFER INT2H21,3348901588065,C400100063,,,,,,,,,,, DIOR00002660,XMAS MU BCKS HOLIDAY GLOW OFFER INT2H21
DIOR,XMAS MU MASC DSHOW IO OFFER INT2H21,3348901588058,C400100062,,,,,,,,,,, DIOR00002661,XMAS MU MASC DSHOW IO OFFER INT2H21
DIOR,XMAS ROUGE DIOR COFFRET,3348901577274,C099600785,,,,,,,,,,, DIOR00002662,XMAS ROUGE DIOR COFFRET
DIOR,HOL MU NATURAL GLOW SET,3348901680912,C400100617,,,,,,,,,,,,
DIOR,ROUGE DIOR PREMIUM VELVET SET,3348901594707,C099600954,,,,,,,,,,, DIOR00002663,ROUGE DIOR PREMIUM VELVET SET
DIOR,XMAS EYE MAKEUP PALETTE 2021,3348901584630,C400100055,,,,,,,,,,, DIOR00002664,XMAS EYE MAKEUP PALETTE 2021
DIOR,XMAS CAPTURE TOTALE CREME RITUAL OFFER,3348901590563,C400100136,,,,,,,,,,, DIOR00002665,XMAS CAPTURE TOTALE CREME RITUAL OFFER
DIOR,XMAS PRESTIGE PERFECTING RITUAL OFFER,3348901590594,C400100139,,,,,,,,,,, DIOR00002666,XMAS PRESTIGE PERFECTING RITUAL OFFER
DIOR,DSHOW 24H STYLO 786 XMAS INT21,3348901576604,C014300786,,,,,,,,,,, DIOR00000832,DSHOW 24H STYLO 786 XMAS LOOK-21
DIOR,DSHOW 24H STYLO 986 XMAS INT21,3348901576628,C014300986,,,,,,,,,,, DIOR00000833,DSHOW 24H STYLO 986 XMAS LOOK-21
DIOR,COUL E/SHAD 5C L/ED 469 XMAS INT21,3348901576956,C024400469,,,,,,,,,,, DIOR00000834,COUL E/SHAD 5C L/ED 469 XMAS LOOK-21
DIOR,COUL E/SHAD 5C L/ED 739 XMAS INT21,3348901576963,C024400739,,,,,,,,,,, DIOR00000835,COUL E/SHAD 5C L/ED 739 XMAS LOOK-21
DIOR,DRIFIC RAL L/ED 074 XMAS INT21,3348901576994,C024500074,,,,,,,,,,, DIOR00000836,DRIFIC RAL L/ED 074 XMAS LOOK-21
DIOR,DRIFIC RAL L/ED 075 XMAS INT21,3348901577007,C024500075,,,,,,,,,,, DIOR00000837,DRIFIC RAL L/ED 075 XMAS LOOK-21
DIOR,DRIFIC RAL L/ED 076 XMAS INT21,3348901577014,C024500076,,,,,,,,,,, DIOR00000838,DRIFIC RAL L/ED 076 XMAS LOOK-21
DIOR,DRIFIC RAL L/ED 077 XMAS INT21,3348901577021,C024500077,,,,,,,,,,, DIOR00000839,DRIFIC RAL L/ED 077 XMAS LOOK-21
DIOR,RGE DIOR EXT MAT L/ED 862 XMAS INT21,3348901576871,C024200862,,,,,,,,,,, DIOR00000840,ROUGE DIOR EXT MAT L/ED 862 XMAS LOOK-21
DIOR,RGE DIOR EXT MAT L/ED 999 XMAS INT21,3348901584791,C024200999,,,,,,,,,,, DIOR00000841,ROUGE DIOR EXT MAT L/ED 999 XMAS LOOK-21
DIOR,RGE DIOR EXT SAT L/ED 873 XMAS INT21,3348901576789,C024100873,,,,,,,,,,, DIOR00000842,ROUGE DIOR EXT SAT L/ED 873 XMAS LOOK-21
DIOR,RGE DIOR MAT L/ED 858 XMAS INT21,3348901576918,C024300858,,,,,,,,,,, DIOR00000843,ROUGE DIOR MAT L/ED 858 XMAS LOOK-21
DIOR,RGE DIOR SATIN L/ED 466 XMAS INT21,3348901576673,C024000466,,,,,,,,,,, DIOR00000844,ROUGE DIOR SATIN L/ED 466 XMAS LOOK-21
DIOR,DRIFIC VERNIS 862 XMAS INT21,3348901577076,F000298862,,,,,,,,,,, DIOR00000845,DRIFIC VERNIS 862 XMAS LOOK-21
DIOR,DRIFIC TOP COAT L/ED 001 XMAS INT21,3348901577229,C024600001,,,,,,,,,,, DIOR00000846,DRIFIC TOP COAT L/ED 001 XMAS LOOK-21
DIOR,RGE DIOR VERNIS 402 INT21,3348901589529,F000355402,,,,,,,,,,, DIOR00000847,ROUGE DIOR VERNIS 402 XMAS LOOK-21
DIOR,DSK RGE BLUSH L/ED 601 XMAS INT21,3348901599382,C027200601,,,,,,,,,,, DIOR00000848,DSK RGE BLUSH L/ED 601 XMAS LOOK-21
DIOR,COUL 5C E/SHAD L/ED 699 SUM INT21,3348901553971,C021800699,,,,,,,,,,, DIOR00000849,COUL 5C E/SHAD L/ED 699 SUM LOOK-21
DIOR,DSHOW COLOR GRAPHIST 001 SUM INT21,3348901553773,C021900001,,,,,,,,,,, DIOR00000850,DIORSHOW COLOR GRAPHIST 001 SUM LOOK-21
DIOR,DSHOW COLOR GRAPHIST 002 SUM INT21,3348901553780,C021900002,,,,,,,,,,, DIOR00000851,DIORSHOW COLOR GRAPHIST 002 SUM LOOK-21
DIOR,RGE DIOR VERNIS 748 SUM INT21,3348901231305,F000355748,,,,,,,,,,, DIOR00000854,ROUGE DIOR VERNIS 748 SUM LOOK-21
DIOR,RGE DIOR VERNIS 996 SUM INT22,3348901553940,F000355996,,,,,,,,,,, DIOR00000855,ROUGE DIOR VERNIS 996 SUM LOOK-21
DIOR,RDIOR MAT LED 481 XMAS INT20,3348901565004,C019400481,,,,,,,,,,, DIOR00000856,ROUGE DIOR MAT LED 481 XMAS LOOK-20
DIOR,RDIOR MAT LED 999 XMAS INT20,3348901565325,C019400999,,,,,,,,,,, DIOR00000857,ROUGE DIOR MAT LED 999 XMAS LOOK-20
DIOR,RGE DIOR LED 458 XMAS INT20,3348901564984,C018400458,,,,,,,,,,, DIOR00000858,ROUGE DIOR LED 458 XMAS LOOK-20
DIOR,RGE DIOR LED 999 XMAS INT20,3348901533454,C018400999,,,,,,,,,,, DIOR00000859,ROUGE DIOR LED 999 XMAS LOOK-20
DIOR,DRIFIC RAL LED 071 XMAS INT20,3348901534109,C018500071,,,,,,,,,,, DIOR00000860,DRIFIC RAL LED 071 XMAS LOOK-20
DIOR,DRIFIC RAL LED 072 XMAS INT20,3348901534123,C018500072,,,,,,,,,,, DIOR00000861,DRIFIC RAL LED 072 XMAS LOOK-20
DIOR,DRIFIC RAL LED 073 XMAS INT20,3348901534116,C018500073,,,,,,,,,,, DIOR00000862,DRIFIC RAL LED 073 XMAS LOOK-20
DIOR,COUL ESHAD 5C LED 549 XMAS INT20,3348901534208,C018800549,,,,,,,,,,, DIOR00000863,COUL ESHAD 5C LED 549 XMAS LOOK-20
DIOR,DSHOW 24H STYLO 040 XMAS INT20,3348901537186,C014300040,,,,,,,,,,, DIOR00000864,DIORSHOW 24H STYLO 040 XMAS LOOK-20
DIOR,DSHOW 24H STYLO 640 XMAS INT20,3348901537193,C014300640,,,,,,,,,,, DIOR00000865,DIORSHOW 24H STYLO 640 XMAS LOOK-20
DIOR,XMAS MU MASC PUMP N VOLUME OFFER ,3348901536691,C400000791,,,,,,,,,,, DIOR00002998,XMAS MU MASC PUMP N VOLUME OFFER 
DIOR,XMAS JAD EDP JEWEL BOX 100 ML INT19,3348901474368,C400000508,,,,,,,,,,, DIOR00001084,XMAS JAD EDP JEWEL BOX 100 ML INT19
DIOR,JOY DEO SPRAY 100 ML,3348901473651,C099600405,,,,,,,,,,, DIOR00000005,JOY DEO SPRAY 100 ML
DIOR,JOY DIOR BODY MILK 200 ML,3348901421751,C099600164,,,,,,,,,,, DIOR00000006,JOY DIOR BODY MILK 200 ML
DIOR,JOY FOAMING SHOWER GEL ,3348901469029,C099600385,,,,,,,,,,, DIOR00000007,JOY FOAMING SHOWER GEL 
DIOR,MISS DIOR ROSE N'ROSES 100 ML,3348901507653,C099600514,,,,,,,,,,, DIOR00000010,MISS DIOR ROSE N'ROSES 100 ML
DIOR,MISS DIOR ROSE N'ROSES 50 ML,3348901507714,C099600515,,,,,,,,,,, DIOR00000011,MISS DIOR ROSE N'ROSES 50 ML
DIOR,MISS DIOR EDP 100 ML 2017,3348901362832,F008224709,,,,,,,,,,, DIOR00000017,MISS DIOR EDP 100 ML
DIOR,MISS DIOR EDP 50 ML 2017,3348901362856,F008222719,,,,,,,,,,, DIOR00000018,MISS DIOR EDP 50 ML
DIOR,MISS DIOR BB EDT VAPO 100 ML ,3348900871991,F032624889,,,,,,,,,,, DIOR00000021,MISS DIOR BLOOMING BOUQUET EDT VAPO 100 ML 
DIOR,MISS DIOR BB EDT VAPO 50 ML,3348900871984,F032622889,,,,,,,,,,, DIOR00000022,MISS DIOR BLOOMING BOUQUET EDT VAPO 50 ML
DIOR,J'ADOREORE BODY CREAM JAR 150 ML,3348901357425,F001102000,,,,,,,,,,, DIOR00000040,J'ADORE BODY CREAM JAR 150 ML
DIOR,J'ADORE SPARKLING BODY GEL JAR 150 ML INT19 OS,3348901483094,C099600426,,,,,,,,,,, DIOR00000037,J'ADORE SPARKLING BODY GEL JAR 150 ML
DIOR,J'ADORE L'ABSOLU 75 ML ,3348901396387,C099600084,,,,,,,,,,, DIOR00000042,J'ADORE L'ABSOLU 75 ML 
DIOR,J'ADORE L'ABSOLU 50 ML ,3348901396370,C099600083,,,,,,,,,,, DIOR00000043,J'ADORE L'ABSOLU 50 ML 
DIOR,J'ADORE IN JOY EDT 100 ML,3348901346115,F071324009,,,,,,,,,,, DIOR00002134,JADORE IN JOY 100 ML -WITH EVENT SLEEVE
DIOR,J'ADORE IN JOY EDT 50 ML,3348901346139,F071322009,,,,,,,,,,, DIOR00000046,J'ADORE IN JOY EDT 50 ML
DIOR,POISON GIRL UNEXPECTED EDT SPR 100 ML INT18,3348901393119,C099600071,,,,,,,,,,, DIOR00000052,POISON GIRL UNEXPECTED EDT 100 ML
DIOR,POSION GIRL UNEXPECTED EDT SPR 50 ML INT18,3348901392457,C099600070,,,,,,,,,,, DIOR00000053,POISON GIRL UNEXPECTED EDT 50 ML
DIOR,POISON GIRL UNEXPECTED ROLLER PEARL,3348901393126,C099600078,,,,,,,,,,, DIOR00000073,POISON GIRL UNEXPECTED R-PEARL
DIOR,POISON GIRL EAU DE TOILETTE ROLLER PEARL,3348901393133,C099600079,,,,,,,,,,, DIOR00000074,POISON GIRL EDT R-PEARL
DIOR,MISS DIOR ABSOLUTELY BLOOMING ROLLER PEARL,3348901395373,C099600081,,,,,,,,,,, DIOR00000075,MISS DIOR ABSOLUTELY BLOOMING R-PEARL
DIOR,SAUVAGE VERY COOL SPRAY EDT 100 ML,3348901352314,F098524009,,,,,,,,,,, DIOR00000101,SAUVAGE VERY COOL SPRAY EDT 100 ML
DIOR,DIOR SAUVAGE AFTER SHAVE BALM 100 ML,3348901292269,F000502000,,,,,,,,,,, DIOR00000104,SAUVAGE AFTER SHAVE BALM 100 ML
DIOR,DIOR SAUVAGE SHOWER GEL 200 ML,3348901292252,F000950000,,,,,,,,,,, DIOR00000105,SAUVAGE SHOWER GEL 200 ML
DIOR,SAUVAGE SOAP 200 GR INT20,3348901501194,C099600489,,,,,,,,,,, DIOR00000107,SAUVAGE SOAP 200 GR
DIOR,SAUVAGE MOIST CR TB 150 ML INT19,3348901473323,C099600402,,,,,,,,,,, DIOR00000108,SAUVAGE MOIST CR TB 150 ML
DIOR,DIOR HOMME SPORT EDT 125 ML ,3348901333061,F068955709,,,,,,,,,,, DIOR00000119,DIOR HOMME SPORT EDT 125 ML 
DIOR,DIOR HOMME SPORT EDT 75 ML ,3348901333054,F068923709,,,,,,,,,,, DIOR00000120,DIOR HOMME SPORT EDT 75 ML 
DIOR,DIOR HOMME SPORT EDT 50 ML ,3348901333047,F068922709,,,,,,,,,,, DIOR00000121,DIOR HOMME SPORT EDT 50 ML 
DIOR,DIOR HOMME SPORT VERY COOL SPRAY,3348901385725,C099600057,,,,,,,,,,, DIOR00000122,DIOR HOMME SPORT VERY COOL SPRAY 100 ML
DIOR,DIOR HOMME EDT DEO STICK 75 GR,3348901250290,F001800000,,,,,,,,,,, DIOR00000125,DIOR HOMME EDT DEO STICK 75 GR
DIOR,DIOR HOMME EDT DEO SPRAY 150 ML,3348901250306,F001736009,,,,,,,,,,, DIOR00000126,DIOR HOMME EDT DEO SPR 150 ML
DIOR,DIOR HOMME EDT SHOWER GEL BTL 200 ML,3348901250313,F000947000,,,,,,,,,,, DIOR00000127,DIOR HOMME EDT SHOWER GEL BTL 200 ML
DIOR,DIOR HOMME EDT AFTER SHAVE BALM P/BTL 100 ML,3348901250283,F000500000,,,,,,,,,,, DIOR00000128,DIOR HOMME EDT AFTER SHAVE BALM P/BTL 100 ML
DIOR,DIOR HOMME AFTER SHAVE 100 ML,3348900662674,F036914000,,,,,,,,,,, DIOR00000129,DIOR HOMME AFTER SHAVE 100 ML
DIOR,DSK ROUGE BLUSH 365,3348901484725,C000000365,,,,,,,,,,, DIOR00000431,DIORSKIN ROUGE BLUSH 365
DIOR,DSK ROUGE BLUSH 028 ,3348901405379,C000000028,,,,,,,,,,, DIOR00000432,DIORSKIN ROUGE BLUSH 028 
DIOR,DSK ROUGE BLUSH 047,3348901405348,C000000047,,,,,,,,,,, DIOR00000433,DIORSKIN ROUGE BLUSH 047
DIOR,DSK ROUGE BLUSH 060,3348901401722,C000000060,,,,,,,,,,, DIOR00000434,DIORSKIN ROUGE BLUSH 060
DIOR,DSK ROUGE BLUSH 250 ,3348901405331,C000000250,,,,,,,,,,, DIOR00000435,DIORSKIN ROUGE BLUSH 250 
DIOR,DSK ROUGE BLUSH 330,3348901401753,C000000330,,,,,,,,,,, DIOR00000436,DIORSKIN ROUGE BLUSH 330
DIOR,DSK ROUGE BLUSH 459 ,3348901372787,C000000459,,,,,,,,,,, DIOR00000437,DIORSKIN ROUGE BLUSH 459 
DIOR,DSK ROUGE BLUSH 475,3348901372893,C000000475,,,,,,,,,,, DIOR00000438,DIORSKIN ROUGE BLUSH 475
DIOR,DSK ROUGE BLUSH 601,3348901405409,C000000601,,,,,,,,,,, DIOR00000439,DIORSKIN ROUGE BLUSH 601
DIOR,DSK ROUGE BLUSH 678,3348901401487,C000000678,,,,,,,,,,, DIOR00000440,DIORSKIN ROUGE BLUSH 678 
DIOR,DSK ROUGE BLUSH 962,3348901405072,C000000962,,,,,,,,,,, DIOR00000441,DIORSKIN ROUGE BLUSH 962 
DIOR,DSK ROUGE BLUSH 999,3348901401593,C000000999,,,,,,,,,,, DIOR00000442,DIORSKIN ROUGE BLUSH 999
DIOR,FOREVER NUDE & MIST,,,,,,,,,,,,,,
DIOR,DSK FORV NATURAL NUDE FDT FL 30ML 0N INT21,3348901525992,C018000100,,,,,,,,,,, DIOR00000285,DIORSKIN FOREVER NATURAL NUDE FDT FL 30 ML 0N
DIOR,"DSK FORV NATURAL NUDE FDT FL 30ML 1,5N INT21",3348901525770,C018000015,,,,,,,,,,, DIOR00000286,"DIORSKIN FOREVER NATURAL NUDE FDT FL 30 ML 1,5N"
DIOR,DSK FORV NATURAL NUDE FDT FL 30ML 1N INT21,3348901525749,C018000010,,,,,,,,,,, DIOR00000287,DIORSKIN FOREVER NATURAL NUDE FDT FL 30 ML 1N
DIOR,"DSK FORV NATURAL NUDE FDT FL 30ML 2,5N INT21",3348901525824,C018000025,,,,,,,,,,, DIOR00000288,"DIORSKIN FOREVER NATURAL NUDE FDT FL 30 ML 2,5N"
DIOR,DSK FORV NATURAL NUDE FDT FL 30ML 2CR INT21,3348901525800,C018000022,,,,,,,,,,, DIOR00000289,DIORSKIN FOREVER NATURAL NUDE FDT FL 30 ML 2CR
DIOR,DSK FORV NATURAL NUDE FDT FL 30ML 2N INT21,3348901525787,C018000020,,,,,,,,,,, DIOR00000290,DIORSKIN FOREVER NATURAL NUDE FDT FL 30 ML 2N
DIOR,DSK FORV NATURAL NUDE FDT FL 30ML 2W INT21,3348901525794,C018000021,,,,,,,,,,, DIOR00000291,DIORSKIN FOREVER NATURAL NUDE FDT FL 30 ML 2W
DIOR,DSK FORV NATURAL NUDE FDT FL 2WO INT23,3348901526005,C018000221,,,,,,,,,,, DIOR00002531,DSK FORV NATURAL NUDE FDT FL 2WO INT23
DIOR,"DSK FORV NATURAL NUDE FDT FL 30ML 3,5N INT21",3348901525886,C018000035,,,,,,,,,,, DIOR00000292,"DIORSKIN FOREVER NATURAL NUDE FDT FL 30 ML 3,5N"
DIOR,DSK FORV NATURAL NUDE FDT FL 30ML 3CR INT21,3348901525855,C018000032,,,,,,,,,,, DIOR00000293,DIORSKIN FOREVER NATURAL NUDE FDT FL 30 ML 3CR
DIOR,DSK FORV NATURAL NUDE FDT FL 30ML 3N INT21,3348901525831,C018000030,,,,,,,,,,, DIOR00000294,DIORSKIN FOREVER NATURAL NUDE FDT FL 30 ML 3N
DIOR,DSK FORV NATURAL NUDE FDT FL 30ML 3W INT21,3348901525848,C018000031,,,,,,,,,,, DIOR00000295,DIORSKIN FOREVER NATURAL NUDE FDT FL 30 ML 3W
DIOR,"DSK FORV NATURAL NUDE FDT FL 30ML 4,5N INT21",3348901525930,C018000045,,,,,,,,,,, DIOR00000296,"DIORSKIN FOREVER NATURAL NUDE FDT FL 30 ML 4,5N"
DIOR,DSK FORV NATURAL NUDE FDT FL 30ML 4N INT21,3348901525893,C018000040,,,,,,,,,,, DIOR00000297,DIORSKIN FOREVER NATURAL NUDE FDT FL 30 ML 4N
DIOR,DSK FORV NATURAL NUDE FDT FL 4W INT23,3348901525909,C018000041,,,,,,,,,,, DIOR00002532,DSK FORV NATURAL NUDE FDT FL 4W INT23
DIOR,DSK FORV NATURAL NUDE FDT FL 30ML 5N INT21,3348901525947,C018000050,,,,,,,,,,, DIOR00000298,DIORSKIN FOREVER NATURAL NUDE FDT FL 30 ML 5N
DIOR,J'ADORE EDP 150 ML,3348901237116,F071586009,,,,,,,,,,, DIOR00000032,J'ADORE EDP 150 ML 
DIOR,J'ADORE EDP 100 ML,3348900417878,F071524009,,,,,,,,,,, DIOR00000033,J'ADORE EDP 100 ML
DIOR,J'ADORE EDP 50 ML,3348900417885,F071522009,,,,,,,,,,, DIOR00000034,J'ADORE EDP 50 ML
DOLCE & GABBANA,DOLCE & GABBANA PARFÜM,,,,,,,,,,,,,,
DOLCE & GABBANA,THE ONE EDP,,,,,,,,,,,,,,
DOLCE & GABBANA,THE ONE EDP 75 ML,8057971180493,DGI30210050000,3423473021001,DGB30210050000,737052020792,DGB82455425,,,,,,,DGB000000001,DG THE ONE EDP 75 ML
DOLCE & GABBANA,THE ONE EDP 50 ML,8057971180486,DGI30209950000,3423473020998,DGB30209950000,737052020808,DGB82448534,,,,,,,DGB000000002,DG THE ONE EDP 50 ML
DOLCE & GABBANA,THE ONE EDP INTENSE,,,,,,,,,,,,,,
DOLCE & GABBANA,THE ONE EDP INTENSE 75 ML,8056669925941,DGIP1TO1S01,,,,,,,,,,,,
DOLCE & GABBANA,THE ONE EDP INTENSE 50 ML,8056669925934,DGIP1TO1L04,,,,,,,,,,,,
DOLCE & GABBANA,THE ONLY ONE EDP,,,,,,,,,,,,,,
DOLCE & GABBANA,THE ONLY ONE EDP 100 ML,8057971184910,DGI84526500000,3423478452657,DGB84526500000,,,,,,,,,DGB000000238,DG TO THE ONLY ONE EDP 100 ML
DOLCE & GABBANA,THE ONLY ONE EDP 50 ML,8057971184903,DGI84525500000,3423478452558,DGB84525500000,,,,,,,,,DGB000000239,DG TO THE ONLY ONE EDP 50 ML
DOLCE & GABBANA,THE ONLY ONE EDP INTENSE,,,,,,,,,,,,,,
DOLCE & GABBANA,THE ONLY ONE 3 INTENSE EDP 100 ML,8057971185689,DGI89663500999,3423478966352,DGB89663500000,8057971186655,DGI89663500000,,,,,,,DGB000000243,THE ONLY ONE 3 INTENSE EDP 100 ML
DOLCE & GABBANA,THE ONLY ONE 3 INTENSE EDP 50 ML,8057971185702,DGI89664500999,3423478966451,DGB89664500000,8057971186679,DGI89664500000,,,,,,,DGB000000244,THE ONLY ONE 3 INTENSE EDP 50 ML
DOLCE & GABBANA,THE ONE GOLD EDP,,,,,,,,,,,,,,
DOLCE & GABBANA,THE ONE GOLD EDP INTENSE 75 ML,8057971188680,DGIP1TO1S00,3423222015763,DGB30700684101,,,,,,,,,DGB000000220,THE ONE GOLD EDP 75 ML
DOLCE & GABBANA,THE ONE GOLD EDP INTENSE 50 ML ,8057971188673,DGIP1TO1L00,3423222015787,DGB30700686101,,,,,,,,,DGB000000221,THE ONE GOLD EDP 50 ML 
DOLCE & GABBANA,THE ONE FOR MEN EDT,,,,,,,,,,,,,,
DOLCE & GABBANA,THE ONE FOR MEN EDT 150 ML,8057971180516,DGI30212150000,,,,,,,,,,,DGB000001020,DG THE ONE FOR MEN EDT 150 ML
DOLCE & GABBANA,THE ONE FOR MEN EDT 100 ML,8057971180509,DGI30212050000,737052036649,DGB82448576,3423473021209,DGB30212050000,,,,,,,DGB000000003,DG THE ONE FOR MEN EDT 100 ML
DOLCE & GABBANA,THE ONE FOR MEN EDT 50 ML,8057971180530,DGI30212350000,737052036632,DGB82448575,3423473021230,DGB30212350000,,,,,,,DGB000000004,DG THE ONE FOR MEN EDT 50 ML
DOLCE & GABBANA,THE ONE FOR MEN EDP,,,,,,,,,,,,,,
DOLCE & GABBANA,THE ONE FOR MEN EDP 100 ML NEW,8056669925859,DGIP1TO1C00,,,,,,,,,,,,
DOLCE & GABBANA,THE ONE FOR MEN EDP 50 ML NEW,8056669925873,DGIP1TO1L02,,,,,,,,,,,,
DOLCE & GABBANA,THE ONE FOR MEN EDP 100 ML,8057971180547,DGI30213650000,3423473021360,DGB30213650000,737052945736,DGB82452015,,,,,,,DGB000000005,DG THE ONE FOR MEN EDP 100 ML
DOLCE & GABBANA,THE ONE FOR MEN EDP 50 ML,8057971180561,DGI30213850000,3423473021384,DGB30213850000,737052945699,DGB82452014,,,,,,,DGB000000006,DG THE ONE FOR MEN EDP 50 ML
DOLCE & GABBANA,THE ONE FOR MEN EDP INTENSE,,,,,,,,,,,,,,
DOLCE & GABBANA,THE ONE FOR MEN EDP INTENSE 100 ML,8056669925897,DGIP1TO1C02,,,,,,,,,,,,
DOLCE & GABBANA,THE ONE FOR MEN EDP INTENSE 50 ML,8056669925903,DGIP1TO1L03,,,,,,,,,,,,
DOLCE & GABBANA,THE ONE FOR MEN GOLD EDP,,,,,,,,,,,,,,
DOLCE & GABBANA,THE ONE FOR MEN GOLD EDP 100 ML,8057971188727,DGIP1TO1C01,3423222026004,DGB30701120101,,,,,,,,,DGB000000222,THE ONE FOR MEN GOLD EDP 100 ML
DOLCE & GABBANA,THE ONE FOR MEN GOLD EDP 50 ML,8057971188710,DGIP1TO1L01,3423222026028,DGB30701122101,,,,,,,,,DGB000000223,THE ONE FOR MEN GOLD EDP 50 ML
DOLCE & GABBANA,LIGHT BLUE EDT,,,,,,,,,,,,,,
DOLCE & GABBANA,LIGHT BLUE EDT 100 ML,8057971188192,DGIP1LB1C02,8057971180318,DGI30202350000,3423473020233,DGB30202350000,,DGB30202350102,737052074320,DGB82431423,,,DGB000000008,DG LIGHT BLUE EDT 100 ML
DOLCE & GABBANA,LIGHT BLUE EDT 50 ML,8057971188185,DGIP1LB1L01,8057971180349,DGI30202650000,737052074313,DGB82431422,3423473020264,DGB30202650000,,DGB30202650102,,DGI30202650102,DGB000000009,DG LIGHT BLUE EDT 50 ML
DOLCE & GABBANA,LIGHT BLUE EDT NEW FORMAT 30 ML,8058806852028,DGIP1LB1T02,,,,,,,,,,,,
DOLCE & GABBANA,LIGHT BLUE EDP,,,,,,,,,,,,,,
DOLCE & GABBANA,LIGHT BLUE EDP 100 ML,8056669925781,DGIP1LB1C07,,,,,,,,,,,,
DOLCE & GABBANA,LIGHT BLUE EDP 50 ML,8056669925774,DGIP1LB1L08,,,,,,,,,,,,
DOLCE & GABBANA,LIGHT BLUE CAPRI,,,,,,,,,,,,,,
DOLCE & GABBANA,LIGHT BLUE CAPRI IN LOVE FEMALE EDP 100 ML,8054754407235,DGIP1LB1C05,,,,,,,,,,,DGB000001033,LIGHT BLUE CAPRI IN LOVE FEMALE EDP 100 ML
DOLCE & GABBANA,LIGHT BLUE CAPRI IN LOVE FEMALE EDP 50 ML,8054754407242,DGIP1LB1L05,,,,,,,,,,,DGB000001034,LIGHT BLUE CAPRI IN LOVE FEMALE EDP 50 ML
DOLCE & GABBANA,LIGHT BLUE POUR HOMME EDT,,,,,,,,,,,,,,
DOLCE & GABBANA,LIGHT BLUE POUR HOMME EDT 125 ML,8057971180370,DGI30205150000,737052079080,DGB82446862,3423473020516,DGB30205150000,,DGB30205150103,,DGI30205050103,,,DGB000000013,DG LIGHT BLUE POUR HOMME EDT 125 ML
DOLCE & GABBANA,LIGHT BLUE POUR HOMME EDT 75 ML,8057971180363,DGI30205050000,737052079097,DGB82446863,3423473020509,DGB30205050000,,DGB30205050103,,,,,DGB000000014,DG LIGHT BLUE POUR HOMME EDT 75 ML
DOLCE & GABBANA,LIGHT BLUE POUR HOMME EDT,,,,,,,,,,,,,,
DOLCE & GABBANA,LIGHT BLUE POUR HOMME EDT 100 ML,8057971188116,DGIP1LB1C01,,,,,,,,,,,,
DOLCE & GABBANA,LIGHT BLUE POUR HOMME EDT 50 ML,8057971188109,DGIP1LB1L00,,,,,,,,,,,,
DOLCE & GABBANA,NEW LIGHT BLUE POUR HOMME EDP,,,,,,,,,,,,,,
DOLCE & GABBANA,LIGHT BLUE POUR HOMME EDP 100 ML,8056669925705,DGIP1LB1C06,,,,,,,,,,,,
DOLCE & GABBANA,LIGHT BLUE POUR HOMME EDP 50 ML,8056669925699,DGIP1LB1L07,,,,,,,,,,,,
DOLCE & GABBANA,LIGHT BLUE POUR HOMME CAPRI,,,,,,,,,,,,,,
DOLCE & GABBANA,LIGHT BLUE POUR HOMME CAPRI IN LOVE MALE EDP 100 ML,8054754407280,DGIP1LB1C04,,,,,,,,,,,DGB000001035,LBPH CAPRI IN LOVE MALE EDP 100 ML
DOLCE & GABBANA,LIGHT BLUE POUR HOMME CAPRI IN LOVE MALE EDP 50 ML,8054754407297,DGIP1LB1L04,,,,,,,,,,,DGB000001036,LBPH CAPRI IN LOVE MALE EDP 50 ML
DOLCE & GABBANA,DOLCE EDP,,,,,,,,,,,,,,
DOLCE & GABBANA,DOLCE EDP 75 ML,8057971180295,DGI30200450000,3423473020042,DGB30200450000,737052884172,DGB82448401,737052746937,DGB82440678,,,,,DGB000000018,DG DOLCE EDP 75 ML
DOLCE & GABBANA,DOLCE EDP 50 ML,8057971186921,DGI40300210000,737052746890,DGB82440677,3423473020035,DGB30200350000,,,,,,,DGB000000019,DG DOLCE EDP 50 ML
DOLCE & GABBANA,DOLCE VIOLET EDT 75 ML,8057971183807,DGI40310310000,,,,,,,,,,,DGB000001027,DOLCE VIOLET EDT 75 ML
DOLCE & GABBANA,DOLCE VIOLET EDT 50 ML,8057971183791,DGI40310210000,,,,,,,,,,,DGB000001028,DOLCE VIOLET EDT 50 ML
DOLCE & GABBANA,DOLCE BLUE JASMINE EDP 75 ML,8057971188000,DGIP1DO1S00,,,,,,,,,,,DGB000001029,DOLCE BLUE JASMINE EDP 75 ML
DOLCE & GABBANA,DOLCE BLUE JASMINE EDP 50 ML,8057971187997,DGIP1DO1L00,,,,,,,,,,,DGB000001030,DOLCE BLUE JASMINE EDP 50 ML
DOLCE & GABBANA,DOLCE MAGNOLIA EDP 75 ML,8056669927396,DGIP1DO1S01,,,,,,,,,,,,
DOLCE & GABBANA,DOLCE MAGNOLIA EDP 50 ML,8056669927389,DGIP1DO1L01,,,,,,,,,,,,
DOLCE & GABBANA,POUR FEMME EDP,,,,,,,,,,,,,,
DOLCE & GABBANA,POUR FEMME EDP 100 ML,8057971180400,DGI30206350000,3423473020639,DGB30206350102,737052598079,DGB82455761,,DGB30206350000,,,,,DGB000000020,DG POUR FEMME EDP 100 ML
DOLCE & GABBANA,POUR FEMME ORIGINAL,,,,,,,,,,,,,,
DOLCE & GABBANA,PARFUM ORIGINAL EDT 100ML,8057971180394,DGI30206250000,,,,,,,,,,,,
DOLCE & GABBANA,POUR HOMME EDT,,,,,,,,,,,,,,
DOLCE & GABBANA,POUR HOMME EDT 125 ML,8057971180424,DGI30207750000,3423473020776,DGB30207750102,737052074450,DGB82446878,,DGB30207750000,,,,,DGB000000024,DG POUR HOMME EDT 125 ML
DOLCE & GABBANA,POUR HOMME EDT 75 ML,8057971180431,DGI30207850000,3423473020783,DGI30207850102,DGB30207850102,,,DGB82455842,737052074443,DGB30207850000,,,DGB000000025,DG POUR HOMME EDT 75 ML
DOLCE & GABBANA,DOLCE POUR HOMME INTENSO EDP,,,,,,,,,,,,,,
DOLCE & GABBANA,POUR HOMME INTENSO EDP 125 ML,8057971180448,DGI30208250000,3423473020820,DGB30208250000,737052783451,DGB82455812,,DGB30208250102,,,,,DGB000000027,DG POUR HOMME INTENSO EDP 125 ML
DOLCE & GABBANA,POUR HOMME INTENSO EDP 75 ML,8057971180455,DGI30208450000,737052783574,DGB82455815,3423473020844,DGB30208450102,,DGB30208450000,,,,,DGB000000028,DG POUR HOMME INTENSO EDP 75 ML
DOLCE & GABBANA,K BY DOLCE&GABBANA EDT,,,,,,,,,,,,,,
DOLCE & GABBANA,K BY DOLCE&GABBANA EDT 200 ML,8057971183913,DGI40500420000,,,,,,,,,,,DGB000000973,K BY DOLCE&GABBANA EDT 200 ML
DOLCE & GABBANA,K BY DOLCE&GABBANA EDT 100 ML,8057971181544,DGI30494500000,,,3423473049456,DGB30494500000,,,,,,,DGB000000246,K BY DOLCE&GABBANA EDT 100 ML
DOLCE & GABBANA,K BY DOLCE&GABBANA EDT 50 ML,8057971181483,DGI30428500000,,,3423473042853,DGB30428500000,,,,,,,DGB000000247,K BY DOLCE&GABBANA EDT 50 ML
DOLCE & GABBANA,K BY DOLCE&GABBANA AFTER SHAVE LOTION 100 ML,8057971181520,DGI30471500000,3423473047155,DGB30471500000,,,,,,,,,DGB000000250,K BY DOLCE&GABBANA AFTER SHAVE LOTION 100 ML
DOLCE & GABBANA,K BY DOLCE&GABBANA EDP,,,,,,,,,,,,,,
DOLCE & GABBANA,K BY DOLCE&GABBANA EDP 200 ML,8057971183937,DGI40510410000,,,,,,,,,,,DGB000000975,K BY DOLCE&GABBANA EDP 200 ML
DOLCE & GABBANA,K BY DOLCE&GABBANA EDP 100 ML,8054754403282,DGIP1KQ1C02,8057971183128,DGI31012500000,3423473101253,DGB31012500000,,,,,,,DGB000000253,K BY DOLCE&GABBANA EDP 100 ML
DOLCE & GABBANA,K BY DOLCE&GABBANA EDP 50 ML,8054754403305,DGIP1KQ1L02,8057971183111,DGI31011500000,3423473101154,DGB31011500000,,,,,,,DGB000000254,K BY DOLCE&GABBANA EDP 50 ML
DOLCE & GABBANA,K BY DOLCE&GABBANA EDP INTENSE,,,,,,,,,,,,,,
DOLCE & GABBANA,K BY DOLCE&GABBANA EDP INTENSE 100 ML,8057971187911,DGIP1KQ1C01,,,,,,,,,,,DGB000001021,K BY DOLCE&GABBANA EDP INTENSE 100 ML
DOLCE & GABBANA,K BY DOLCE&GABBANA EDP INTENSE 50 ML,8057971187904,DGIP1KQ1L01,,,,,,,,,,,DGB000001022,K BY DOLCE&GABBANA EDP INTENSE 50 ML
DOLCE & GABBANA,K BY PARFUM,,,,,,,,,,,,,,
DOLCE & GABBANA,K BY PARFUM 100 ML,8054754405095,DGIP1KQ1C05,,,,,,,,,,,DGB000001038,K BY PARFUM 100 ML
DOLCE & GABBANA,K BY PARFUM 50 ML,8054754405088,DGIP1KQ1L06,,,,,,,,,,,DGB000001039,K BY PARFUM 50 ML
DOLCE & GABBANA,K ELIXIR,,,,,,,,,,,,,,
DOLCE & GABBANA,K ELIXIR 50 ML,8056669925378,DGIP1KQ1L09,,,,,,,,,,,,
DOLCE & GABBANA,Q BY DOLCE&GABBANA EDP,,,,,,,,,,,,,,
DOLCE & GABBANA,Q BY DOLCE&GABBANA EDP 100 ML,8057971183661,DGI40100310000,,,,,,,,,,,DGB000000931,Q BY DOLCE&GABBANA EDP 100 ML
DOLCE & GABBANA,Q BY DOLCE&GABBANA EDP 50 ML,8057971183654,DGI40100210000,,,,,,,,,,,DGB000000932,Q BY DOLCE&GABBANA EDP 50 ML
DOLCE & GABBANA,Q BY DOLCE&GABBANA EDP INTENSE,,,,,,,,,,,,,,
DOLCE & GABBANA,Q BY DOLCE&GABBANA EDP INTENSE 100 ML,8057971187829,DGIP1KQ1C00,,,,,,,,,,,DGB000001023,Q BY DOLCE&GABBANA EDP INTENSE 100 ML
DOLCE & GABBANA,Q BY DOLCE&GABBANA EDP INTENSE 50 ML,8057971187843,DGIP1KQ1L00,,,,,,,,,,,DGB000001024,Q BY DOLCE&GABBANA EDP INTENSE 50 ML
DOLCE & GABBANA,Q BY PARFUM,,,,,,,,,,,,,,
DOLCE & GABBANA,Q BY DOLCE&GABBANA PARFUM 100 ML ,8054754405057,DGIP1KQ1C04,,,,,,,,,,,DGB000001040,Q BY DOLCE&GABBANA PARFUM 100 ML 
DOLCE & GABBANA,Q BY DOLCE&GABBANA PARFUM 50 ML ,8054754405040,DGIP1KQ1L05,,,,,,,,,,,DGB000001041,Q BY DOLCE&GABBANA PARFUM 50 ML 
DOLCE & GABBANA,Q ELIXIR,,,,,,,,,,,,,,
DOLCE & GABBANA,Q ELIXIR 50 ML,8056669925408,DGIP1KQ1L10,,,,,,,,,,,,
DOLCE & GABBANA,DEVOTION,,,,,,,,,,,,,,
DOLCE & GABBANA,DEVOTION EDP 100 ML,8057971183739,DGI40200310000,,,,,,,,,,,DGB000000976,DEVOTION EDP 100 ML
DOLCE & GABBANA,DEVOTION EDP 50 ML,8057971183722,DGI40200210000,,,,,,,,,,,DGB000000977,DEVOTION EDP 50 ML
DOLCE & GABBANA,DEVOTION EDP 20 ML,8057971188345,DGIP1DV1K00,,,,,,,,,,,DGB000001042,DEVOTION EDP 20 ML
DOLCE & GABBANA,DEVOTION BODY CREAM 180 ML,8054754404333,DGIP1DV1000,,,,,,,,,,,DGB000001043,BODY CREAM DEVOTION 180 ML
DOLCE & GABBANA,DEVOTION INTENSE,,,,,,,,,,,,,,
DOLCE & GABBANA,DEVOTION EDP INTENSE 100 ML,8057971188291,DGIP1DV1C00,,,,,,,,,,,DGB000001031,DEVOTION EDPI INTENSE 100 ML
DOLCE & GABBANA,DEVOTION EDP INTENSE 50 ML,8057971188284,DGIP1DV1L00,,,,,,,,,,,DGB000001032,DEVOTION EDPI INTENSE 50 ML
DOLCE & GABBANA,DEVOTION MALE,,,,,,,,,,,,,,
DOLCE & GABBANA,DEVOTION MALE EDP 100 ML,8054754401059,DGIP1DV1C02,,,,,,,,,,,DGB000001044,DEVOTION MALE EDP 100 ML
DOLCE & GABBANA,DEVOTION MALE EDP 50 ML,8054754404739,DGIP1DV1L01,,,,,,,,,,,DGB000001045,DEVOTION MALE EDP 50 ML
DOLCE & GABBANA,DEVOTION MALE PARFUM,,,,,,,,,,,,,,
DOLCE & GABBANA,DEVOTION MALE PARFUM 200 ML,8056669927105,DGIP1DV1F01,,,,,,,,,,,,
DOLCE & GABBANA,DEVOTION MALE PARFUM 100 ML,8054754403138,DGIP1DV1C03,,,,,,,,,,,DGB000001046,DEVOTION MALE EDP INTENSE 100 ML
DOLCE & GABBANA,DEVOTION MALE PARFUM 50 ML,8054754403145,DGIP1DV1L04,,,,,,,,,,,DGB000001047,DEVOTION MALE EDP INTENSE 50 ML
DOLCE & GABBANA,YOUR DEVOTION,,,,,,,,,,,,,,
DOLCE & GABBANA,YOUR DEVOTION EDPI 100 ML,8058806850628,DGIP1DV1C04,,,,,,,,,,,,
DOLCE & GABBANA,YOUR DEVOTION EDPI 50 ML,8058806850635,DGIP1DV1L05,,,,,,,,,,,,
DOLCE & GABBANA,YOUR DEVOTION EDPI 30 ML,8058806852011,DGIP1DV1T02,,,,,,,,,,,,
DOLCE & GABBANA,MY DEVOTION,,,,,,,,,,,,,,
DOLCE & GABBANA,MY DEVOTION EDPI 100 ML,8056669927136,DGIP1DV1C01,,,,,,,,,,,,
DOLCE & GABBANA,MY DEVOTION EDPI 50 ML,8056669927129,DGIP1DV1L02,,,,,,,,,,,,
DOLCE & GABBANA,MY DEVOTION EDPI 20 ML,8058806851755,DGIP1DV1K03,,,,,,,,,,,,
DOLCE & GABBANA,KOFRE - ONE SHOT,,,,,,,,,,,,,,
DOLCE & GABBANA,SPRING26 DEVOTION EDP100ML+SG50ML+BL50ML,8056669924029,DGIP1DV2C19,,,,,,,,,,,,
DOLCE & GABBANA,SPRING26 DEVOTION EDPI 100ML+EDPI 10ML,8056669924043,DGIP1DV2C21,,,,,,,,,,,,
DOLCE & GABBANA,SPRING26 Q EDPI 100ML+Q EDPI 10ML,8056669924074,DGIP1KQ2C32,,,,,,,,,,,,
DOLCE & GABBANA,SPRING26 NEWLB EDT 100ML+BL50ML+EDT 10ML,8056669923992,DGIP1LB2C14,,,,,,,,,,,,
DOLCE & GABBANA,SPRING26 NEW TO EDPI 75ML +NEW  EDP 10ML,8056669924241,DGIP1TO2S12,,,,,,,,,,,,
DOLCE & GABBANA,SPRING26 NEW TO EDPI 75ML +NEW  EDPI 10ML,8056669924142,DGIP1TO2S11,,,,,,,,,,,,
DOLCE & GABBANA,SPRING26 DEVMALE EDPI 100ML+TS EDPI 10ML,8056669925095,DGIP1DV2C24,,,,,,,,,,,,
DOLCE & GABBANA,SPRING26 K EDP 100ML+SG 50ML+DEO 75ML,8056669924050,DGIP1KQ2C30,,,,,,,,,,,,
DOLCE & GABBANA,SPRING26 K EDPI 100ML+K EDPI 10ML,8056669924067,DGIP1KQ2C31,,,,,,,,,,,,
DOLCE & GABBANA,SPRING26 NEWTOPH EDP100ML+SG50ML+EDP10ML,8056669924012,DGIP1TO2C16,,,,,,,,,,,,
DOLCE & GABBANA,SPRING26 NEWTOPH EDPI 100ML+TOPH EDP10ML,8056669924258,DGIP1TO2C17,,,,,,,,,,,,
DOLCE & GABBANA,MAKYAJ,,,,,,,,,,,,,,
DOLCE & GABBANA,YÜZ MAKYAJI,,,,,,,,,,,,,,
DOLCE & GABBANA,MASCARA,,,,,,,,,,,,,,
DOLCE & GABBANA,DEVOTION EVERFUL XL MASCARA,8057971184415,DGI41909900000,8054754401158,DGIP2DV1004,,,,,,,,,DGB000000997,DEVOTION MASCARA ULTRA NERO 01
DOLCE & GABBANA,LASH RESTYLER MASCARA,8058806850161,DGIP2DN1027,,,,,,,,,,,,
DOLCE & GABBANA,EVERKISS LIQUIDLIP,,,,,,,,,,,,,,
DOLCE & GABBANA,DEVOTION EVERKISS HOPE 100,8054754401165,DGIP4DV1000,8057971184439,DGI41919900001,,,,,,,,,DGB000000998,DEVOTION LIP LAC SPERANZA 100
DOLCE & GABBANA,DEVOTION EVERKISS RESPECT 105,8054754401172,DGIP4DV1001,8057971184446,DGI41919900002,,,,,,,,,DGB000000999,DEVOTION LIP LAC RISPETTO 105
DOLCE & GABBANA,DEVOTION EVERKISS GRATITUDE 200,8054754401196,DGIP4DV1003,8057971184460,DGI41919900004,,,,,,,,,DGB000001001,DEVOTION LIP LAC GRATITUDINE 200
DOLCE & GABBANA,DEVOTION EVERKISS AFFECTION 205,8054754401202,DGIP4DV1004,8057971184477,DGI41919900005,,,,,,,,,DGB000001002,DEVOTION LIP LAC AFFETTO 205
DOLCE & GABBANA,DEVOTION EVERKISS DEVOTION 405,8054754401233,DGIP4DV1007,8057971186785,DGI41919900008,,,,,,,,,DGB000001004,DEVOTION LIP LAC DEVOZIONE 405
DOLCE & GABBANA,DEVOTION EVERKISS AUDACITY 410,8054754401240,DGIP4DV1008,8057971186792,DGI41919900009,,,,,,,,,DGB000001005,DEVOTION LIP LAC AUDACIA 410
DOLCE & GABBANA,EVERKISS LIQUIDLIP 90 DESIRE,8056669926481,DGIP4DV1010,,,,,,,,,,,,
DOLCE & GABBANA,EVERKISS LIQUIDLIP 150 COURAGE,8056669926498,DGIP4DV1011,,,,,,,,,,,,
DOLCE & GABBANA,EVERKISS LIQUIDLIP 215 PASSION,8056669926504,DGIP4DV1012,,,,,,,,,,,,
DOLCE & GABBANA,DEVOTION MARKER,8057971182152,DGIP2DV1001,,,,,,,,,,,DGB000001048,DEVOTION MARKER
DOLCE & GABBANA,DEVOTION MASCARA DEFINE,8057971182176,DGIP2DV1002,,,,,,,,,,,DGB000001049,DEVOTION MASCARA DEFINE
DOLCE & GABBANA,MAKE IT DOUBLE,,,,,,,,,,,,,,
DOLCE & GABBANA,BOLD AW26 MAKE IT DOUBLE 06 GRAPE,8056669923619,DGIP4SF1014,,,,,,,,,,,,
DOLCE & GABBANA,BOLD AW26 MAKE IT DOUBLE 05 CHERRY,8056669923602,DGIP4SF1013,,,,,,,,,,,,
DOLCE & GABBANA,BOLD AW26 MAKE IT DOUBLE 04 CARAMEL,8056669923596,DGIP4SF1012,,,,,,,,,,,,
DOLCE & GABBANA,BOLD AW26 MAKE IT DOUBLE 03 SOUR,8056669923589,DGIP4SF1011,,,,,,,,,,,,
DOLCE & GABBANA,BOLD AW26 MAKE IT DOUBLE 02 STRAW,8056669923572,DGIP4SF1010,,,,,,,,,,,,
DOLCE & GABBANA,BOLD AW26 MAKE IT DOUBLE 01 ORANGE,8056669923565,DGIP4SF1009,,,,,,,,,,,,
DOLCE & GABBANA,ROSE DEW LIP BITE,,,,,,,,,,,,,,
DOLCE & GABBANA,ROSE DEW LIP BITE 06 QUIRCKY MOCHA,8054754407761,DGIP4LB1006,,,,,,,,,,,,
DOLCE & GABBANA,ROSE DEW LIP BITE 05 DREAMY ROSEWOOD,8054754407754,DGIP4LB1005,,,,,,,,,,,,
DOLCE & GABBANA,ROSE DEW LIP BITE 04 FLIRTY RED,8054754407747,DGIP4LB1004,,,,,,,,,,,,
DOLCE & GABBANA,ROSE DEW LIP BITE 03 FIZZY CORAL,8054754407730,DGIP4LB1003,,,,,,,,,,,,
DOLCE & GABBANA,ROSE DEW LIP BITE 02 DAINTY MAUVE,8054754407723,DGIP4LB1002,,,,,,,,,,,,
DOLCE & GABBANA,ROSE DEW LIP BITE 01 BUBBLY PINK,8054754407716,DGIP4LB1001,,,,,,,,,,,,
DOLCE & GABBANA,,,,,,,,,,,,,,,
DOLCE & GABBANA,EVERLIFT LUMINIZER REFILL ,8057971188598,DGIP3DV1000,,,,,,,,,,,,
DOLCE & GABBANA,DEVOTION UNIVERSAL LUMINIZER,8057971184576,DGI41929900000,8054754401134,DGIP3DV1074,,,,,,,,,,
DOLCE & GABBANA,MY COMFY MATTE,,,,,,,,,,,,,,
DOLCE & GABBANA,MY COMFY MATTE 03.12,8057971182824,DGIP4DN1005,,,,,,,,,,,DGB000001050,MY COMFY MATTE 03.12
DOLCE & GABBANA,MY COMFY MATTE 08.08,8057971182879,DGIP4DN1010,,,,,,,,,,,DGB000001051,MY COMFY MATTE 08.08
DOLCE & GABBANA,MY COMFY MATTE 27.01,8057971182916,DGIP4DN1014,,,,,,,,,,,DGB000001052,MY COMFY MATTE 27.01
DOLCE & GABBANA,MY COMFY MATTE 25.01,8057971182923,DGIP4DN1015,,,,,,,,,,,DGB000001053,MY COMFY MATTE 25.01
DOLCE & GABBANA,MY COMFY MATTE 25.05,8057971182947,DGIP4DN1017,,,,,,,,,,,DGB000001054,MY COMFY MATTE 25.05
DOLCE & GABBANA,MY COMFY MATTE 21.05,8057971183012,DGIP4DN1024,,,,,,,,,,,DGB000001055,MY COMFY MATTE 21.05
DOLCE & GABBANA,MY SCULPT SATIN 31.10,8057971184668,DGIP4DN1033,,,,,,,,,,,DGB000001056,MY SCULPT SATIN 31.10
DOLCE & GABBANA,CHEEKS&EYES MATCH,,,,,,,,,,,,,,
DOLCE & GABBANA,CHEEKSeEYES MATCH BLISSFUL MAUVE,8057971189281,DGIP3DN1000,,,,,,,,,,,DGB000001066,CHEEKSeEYES MATCH BLISSFUL MAUVE
DOLCE & GABBANA,CHEEKSeEYES MATCH HOPEFUL ROSE,8057971189298,DGIP3DN1001,,,,,,,,,,,DGB000001067,CHEEKSeEYES MATCH HOPEFUL ROSE
DOLCE & GABBANA,CHEEKSeEYES MATCH CHEERFUL PINK,8057971189304,DGIP3DN1002,,,,,,,,,,,DGB000001068,CHEEKSeEYES MATCH CHEERFUL PINK
DOLCE & GABBANA,CHEEKSeEYES MATCH JOYFUL PEACH,8057971189311,DGIP3DN1003,,,,,,,,,,,DGB000001069,CHEEKSeEYES MATCH JOYFUL PEACH
DOLCE & GABBANA,CHEEKSeEYES MATCH WONDERFUL STRAWBERRY,8057971189328,DGIP3DN1004,,,,,,,,,,,DGB000001070,CHEEKSeEYES MATCH WONDERFUL STRAWBERRY
DOLCE & GABBANA,CHEEKSeEYES MATCH PLAYFUL ROSEWOOD,8057971189335,DGIP3DN1005,,,,,,,,,,,DGB000001071,CHEEKSeEYES MATCH PLAYFUL ROSEWOOD
DOLCE & GABBANA,GLAZELIGHTER,,,,,,,,,,,,,,
DOLCE & GABBANA,BOLD SS26 GLAZELIGHTER,8057971182213,DGIP3SF1100,,,,,,,,,,,,
DOLCE & GABBANA,CHERRY GLAZE,,,,,,,,,,,,,,
DOLCE & GABBANA,CHERRY GLAZE BAR 01 DEMURE ROSE,8056669928577,DGIP3LB1102,,,,,,,,,,,,
DOLCE & GABBANA,CHERRY GLAZE BAR 02 SMITTEN PINK,8056669928584,DGIP3LB1103,,,,,,,,,,,,
DOLCE & GABBANA,CHERRY GLAZE BAR 03 CHEEKY CORAL,8056669928591,DGIP3LB1104,,,,,,,,,,,,
DOLCE & GABBANA,CHERRY GLAZE BAR 04 SUNNY RED,8056669928607,DGIP3LB1105,,,,,,,,,,,,
DOLCE & GABBANA,CHERRY GLAZE BAR 05 WHIMSICAL BERRY,8056669928614,DGIP3LB1106,,,,,,,,,,,,
DOLCE & GABBANA,FACE&EYES MATCH,,,,,,,,,,,,,,
DOLCE & GABBANA,FACEeEYES MATCH LIGHT,8057971189342,DGIP3DN1006,,,,,,,,,,,DGB000001072,FACEeEYES MATCH LIGHT
DOLCE & GABBANA,FACEeEYES MATCH LIGHT MEDIUM,8057971189359,DGIP3DN1007,,,,,,,,,,,DGB000001073,FACEeEYES MATCH LIGHT MEDIUM
DOLCE & GABBANA,FACEeEYES MATCH MEDIUM,8057971189366,DGIP3DN1008,,,,,,,,,,,DGB000001074,FACEeEYES MATCH MEDIUM
DOLCE & GABBANA,FACEeEYES MATCH MEDIUM DEEP,8057971189373,DGIP3DN1009,,,,,,,,,,,DGB000001075,FACEeEYES MATCH MEDIUM DEEP
DOLCE & GABBANA,FACEeEYES MATCH DEEP,8057971189380,DGIP3DN1010,,,,,,,,,,,DGB000001076,FACEeEYES MATCH DEEP
DOLCE & GABBANA,EVERLAST FOUNDATION,,,,,,,,,,,,,,
DOLCE & GABBANA,EVERLAST FDT 40C DEEP 27 ML,8057971181193,DGIP3DV1040,,,,,,,,,,,,
DOLCE & GABBANA,EVERLAST FDT 39N DEEP 27 ML,8057971181186,DGIP3DV1039,,,,,,,,,,,,
DOLCE & GABBANA,EVERLAST FDT 38C DEEP 27 ML,8057971181179,DGIP3DV1038,,,,,,,,,,,,
DOLCE & GABBANA,EVERLAST FDT 37W DEEP 27 ML,8057971181162,DGIP3DV1037,,,,,,,,,,,,
DOLCE & GABBANA,EVERLAST FDT 36N DEEP 27 ML,8057971181155,DGIP3DV1036,,,,,,,,,,,,
DOLCE & GABBANA,EVERLAST FDT 35W DEEP 27 ML,8057971181148,DGIP3DV1035,,,,,,,,,,,,
DOLCE & GABBANA,EVERLAST FDT 34W DEEP 27 ML,8057971181131,DGIP3DV1034,,,,,,,,,,,,
DOLCE & GABBANA,EVERLAST FDT 33N DEEP 27 ML,8057971181124,DGIP3DV1033,,,,,,,,,,,,
DOLCE & GABBANA,EVERLAST FDT 32W MEDIUM DEEP 27 ML,8057971181117,DGIP3DV1032,,,,,,,,,,,,
DOLCE & GABBANA,EVERLAST FDT 31N MEDIUM DEEP 27 ML,8057971181100,DGIP3DV1031,,,,,,,,,,,,
DOLCE & GABBANA,EVERLAST FDT 30N MEDIUM DEEP 27 ML,8057971181094,DGIP3DV1030,,,,,,,,,,,,
DOLCE & GABBANA,EVERLAST FDT 29W MEDIUM DEEP 27 ML,8057971181087,DGIP3DV1029,,,,,,,,,,,,
DOLCE & GABBANA,EVERLAST FDT 28W MEDIUM DEEP 27 ML,8057971181070,DGIP3DV1028,,,,,,,,,,,,
DOLCE & GABBANA,EVERLAST FDT 27N MEDIUM DEEP 27 ML,8057971181063,DGIP3DV1027,,,,,,,,,,,,
DOLCE & GABBANA,EVERLAST FDT 26C MEDIUM DEEP 27 ML,8057971181056,DGIP3DV1026,,,,,,,,,,,,
DOLCE & GABBANA,EVERLAST FDT 25W MEDIUM DEEP 27 ML,8057971181049,DGIP3DV1025,,,,,,,,,,,,
DOLCE & GABBANA,EVERLAST FDT 1N LIGHT,8057971189564,DGIP3DV1001,,,,,,,,,,,DGB000001077,EVERLAST FDT 1N LIGHT
DOLCE & GABBANA,EVERLAST FDT 2C LIGHT,8057971180264,DGIP3DV1002,,,,,,,,,,,DGB000001078,EVERLAST FDT 2C LIGHT
DOLCE & GABBANA,EVERLAST FDT 3W LIGHT,8057971180271,DGIP3DV1003,,,,,,,,,,,DGB000001079,EVERLAST FDT 3W LIGHT
DOLCE & GABBANA,EVERLAST FDT 4C LIGHT,8057971180288,DGIP3DV1004,,,,,,,,,,,DGB000001080,EVERLAST FDT 4C LIGHT
DOLCE & GABBANA,EVERLAST FDT 5N LIGHT,8057971180578,DGIP3DV1005,,,,,,,,,,,DGB000001081,EVERLAST FDT 5N LIGHT
DOLCE & GABBANA,EVERLAST FDT 6W LIGHT,8057971180585,DGIP3DV1006,,,,,,,,,,,DGB000001082,EVERLAST FDT 6W LIGHT
DOLCE & GABBANA,EVERLAST FDT 7N LIGHT,8057971180592,DGIP3DV1007,,,,,,,,,,,DGB000001083,EVERLAST FDT 7N LIGHT
DOLCE & GABBANA,EVERLAST FDT 8W LIGHT,8057971180608,DGIP3DV1008,,,,,,,,,,,DGB000001084,EVERLAST FDT 8W LIGHT
DOLCE & GABBANA,EVERLAST FDT 9C LIGHT MEDIUM,8057971180615,DGIP3DV1009,,,,,,,,,,,DGB000001085,EVERLAST FDT 9C LIGHT MEDIUM
DOLCE & GABBANA,EVERLAST FDT 10N LIGHT MEDIUM,8057971180622,DGIP3DV1010,,,,,,,,,,,DGB000001086,EVERLAST FDT 10N LIGHT MEDIUM
DOLCE & GABBANA,EVERLAST FDT 11W LIGHT MEDIUM,8057971180639,DGIP3DV1011,,,,,,,,,,,DGB000001087,EVERLAST FDT 11W LIGHT MEDIUM
DOLCE & GABBANA,EVERLAST FDT 12N LIGHT MEDIUM,8057971180646,DGIP3DV1012,,,,,,,,,,,DGB000001088,EVERLAST FDT 12N LIGHT MEDIUM
DOLCE & GABBANA,EVERLAST FDT 13C LIGHT MEDIUM,8057971180653,DGIP3DV1013,,,,,,,,,,,DGB000001089,EVERLAST FDT 13C LIGHT MEDIUM
DOLCE & GABBANA,EVERLAST FDT 14W LIGHT MEDIUM,8057971180660,DGIP3DV1014,,,,,,,,,,,DGB000001090,EVERLAST FDT 14W LIGHT MEDIUM
DOLCE & GABBANA,EVERLAST FDT 15N LIGHT MEDIUM,8057971180677,DGIP3DV1015,,,,,,,,,,,DGB000001091,EVERLAST FDT 15N LIGHT MEDIUM
DOLCE & GABBANA,EVERLAST FDT 16N LIGHT MEDIUM,8057971180684,DGIP3DV1016,,,,,,,,,,,DGB000001092,EVERLAST FDT 16N LIGHT MEDIUM
DOLCE & GABBANA,EVERLAST FDT 17W MEDIUM,8057971180691,DGIP3DV1017,,,,,,,,,,,DGB000001093,EVERLAST FDT 17W MEDIUM
DOLCE & GABBANA,EVERLAST FDT 18N MEDIUM,8057971180707,DGIP3DV1018,,,,,,,,,,,DGB000001094,EVERLAST FDT 18N MEDIUM
DOLCE & GABBANA,EVERLAST FDT 19W MEDIUM,8057971180714,DGIP3DV1019,,,,,,,,,,,DGB000001095,EVERLAST FDT 19W MEDIUM
DOLCE & GABBANA,EVERLAST FDT 20C MEDIUM,8057971180721,DGIP3DV1020,,,,,,,,,,,DGB000001096,EVERLAST FDT 20C MEDIUM
DOLCE & GABBANA,EVERLAST FDT 21W MEDIUM,8057971180738,DGIP3DV1021,,,,,,,,,,,DGB000001097,EVERLAST FDT 21W MEDIUM
DOLCE & GABBANA,EVERLAST FDT 22N MEDIUM,8057971180745,DGIP3DV1022,,,,,,,,,,,DGB000001098,EVERLAST FDT 22N MEDIUM
DOLCE & GABBANA,EVERLAST FDT 23W MEDIUM,8057971180752,DGIP3DV1023,,,,,,,,,,,DGB000001099,EVERLAST FDT 23W MEDIUM
DOLCE & GABBANA,EVERLAST FDT 24N MEDIUM,8057971181032,DGIP3DV1024,,,,,,,,,,,DGB000001100,EVERLAST FDT 24N MEDIUM
DOLCE & GABBANA,PRIMER,,,,,,,,,,,,,,
DOLCE & GABBANA,EVERLAST PRIMER,8057971185931,DGIP3DV1073,,,,,,,,,,,DGB000001101,EVERLAST PRIMER
DOLCE & GABBANA,BERGAMOT GLOW PRIMER,8057971189502,DGIP3LB1000,,,,,,,,,,,DGB000001102,BERGAMOT GLOW PRIMER
DOLCE & GABBANA,PALETTE EYE,,,,,,,,,,,,,,
DOLCE & GABBANA,BOLDSS26 EYE DARE YOU BEYOND PALETTE,8054754403947,DGIP2SF1013,,,,,,,,,,,,
DOLCE & GABBANA,BLUEBERRY NUTRI TINT,,,,,,,,,,,,,,
DOLCE & GABBANA,BLUEBERRY NUTRI TINT 1N,8057971189588,DGIP3LB1001,8054754408010,DGIP3LB1062,,,,,,,,,DGB000001103,BLUEBERRY NUTRI TINT 1N
DOLCE & GABBANA,BLUEBERRY NUTRI TINT 2C,8057971189595,DGIP3LB1002,8054754408027,DGIP3LB1063,,,,,,,,,DGB000001104,BLUEBERRY NUTRI TINT 2C
DOLCE & GABBANA,BLUEBERRY NUTRI TINT 6W,8057971189625,DGIP3LB1005,8054754408058,DGIP3LB1066,,,,,,,,,DGB000001107,BLUEBERRY NUTRI TINT 6W
DOLCE & GABBANA,BLUEBERRY NUTRI TINT 11W,8057971189663,DGIP3LB1009,8054754408096,DGIP3LB1070,,,,,,,,,DGB000001111,BLUEBERRY NUTRI TINT 11W
DOLCE & GABBANA,BLUEBERRY NUTRI TINT 16N,8057971189694,DGIP3LB1012,8054754408126,DGIP3LB1073,,,,,,,,,DGB000001114,BLUEBERRY NUTRI TINT 16N
DOLCE & GABBANA,BLUEBERRY NUTRI TINT 17W,8057971189700,DGIP3LB1013,8054754408133,DGIP3LB1074,,,,,,,,,DGB000001115,BLUEBERRY NUTRI TINT 17W
DOLCE & GABBANA,BLUEBERRY NUTRI TINT 18N,8057971189717,DGIP3LB1014,8054754408140,DGIP3LB1075,,,,,,,,,DGB000001116,BLUEBERRY NUTRI TINT 18N
DOLCE & GABBANA,BLUEBERRY NUTRI TINT 19W,8057971189724,DGIP3LB1015,8054754408157,DGIP3LB1076,,,,,,,,,DGB000001117,BLUEBERRY NUTRI TINT 19W
DOLCE & GABBANA,BLUEBERRY NUTRI TINT 21W,8057971189731,DGIP3LB1016,8054754408164,DGIP3LB1077,,,,,,,,,DGB000001118,BLUEBERRY NUTRI TINT 21W
DOLCE & GABBANA,BLUEBERRY NUTRI TINT 22N,8057971189748,DGIP3LB1017,8054754408171,DGIP3LB1078,,,,,,,,,DGB000001119,BLUEBERRY NUTRI TINT 22N
DOLCE & GABBANA,BLUEBERRY NUTRI TINT 25W,8057971189762,DGIP3LB1019,8054754408195,DGIP3LB1080,,,,,,,,,DGB000001121,BLUEBERRY NUTRI TINT 25W
DOLCE & GABBANA,BLUEBERRY NUTRI TINT 3W,8057971189601,DGIP3LB1003,,,,,,,,,,,DGB000001105,BLUEBERRY NUTRI TINT 3W
DOLCE & GABBANA,BLUEBERRY NUTRI TINT 5N,8057971189618,DGIP3LB1004,,,,,,,,,,,DGB000001106,BLUEBERRY NUTRI TINT 5N
DOLCE & GABBANA,BLUEBERRY NUTRI TINT 9C,8057971189649,DGIP3LB1007,,,,,,,,,,,DGB000001109,BLUEBERRY NUTRI TINT 9C
DOLCE & GABBANA,BLUEBERRY NUTRI TINT 3W SPF,8054754408034,DGIP3LB1064,,,,,,,,,,,DGB000001105,BLUEBERRY NUTRI TINT 3W
DOLCE & GABBANA,BLUEBERRY NUTRI TINT 5N SPF,8054754408041,DGIP3LB1065,,,,,,,,,,,DGB000001106,BLUEBERRY NUTRI TINT 5N
DOLCE & GABBANA,BLUEBERRY NUTRI TINT 9C SPF,8054754408072,DGIP3LB1068,,,,,,,,,,,DGB000001109,BLUEBERRY NUTRI TINT 9C
DOLCE & GABBANA,BLUEBERRY NUTRI TINT 7N,8057971189632,DGIP3LB1006,8054754408065,DGIP3LB1067,,,,,,,,,DGB000001108,BLUEBERRY NUTRI TINT 7N
DOLCE & GABBANA,BLUEBERRY NUTRI TINT 10N,8057971189656,DGIP3LB1008,8054754408089,DGIP3LB1069,,,,,,,,,DGB000001110,BLUEBERRY NUTRI TINT 10N
DOLCE & GABBANA,BLUEBERRY NUTRI TINT 12N,8057971189670,DGIP3LB1010,8054754408102,DGIP3LB1071,,,,,,,,,DGB000001112,BLUEBERRY NUTRI TINT 12N
DOLCE & GABBANA,BLUEBERRY NUTRI TINT 15N,8057971189687,DGIP3LB1011,8054754408119,DGIP3LB1072,,,,,,,,,DGB000001113,BLUEBERRY NUTRI TINT 15N
DOLCE & GABBANA,BLUEBERRY NUTRI TINT 24N,8057971189755,DGIP3LB1018,8054754408188,DGIP3LB1079,,,,,,,,,DGB000001120,BLUEBERRY NUTRI TINT 24N
DOLCE & GABBANA,BLUEBERRY NUTRI TINT 26C,8057971189779,DGIP3LB1020,8054754408201,DGIP3LB1081,,,,,,,,,DGB000001122,BLUEBERRY NUTRI TINT 26C
DOLCE & GABBANA,FIG SKIN PERFECTOR,,,,,,,,,,,,,,
DOLCE & GABBANA,FIG SKIN PERFECTOR,8057971180240,DGIP3LB1029,,,,,,,,,,,DGB000001123,FIG SKIN PERFECTOR
DOLCE & GABBANA,MY COMFY MATTE,,,,,,,,,,,,,,
DOLCE & GABBANA,MY COMFY MATTE 20.03,8057971182831,DGIP4DN1006,,,,,,,,,,,DGB000001130,MY COMFY MATTE 20.03
DOLCE & GABBANA,MY COMFY MATTE 1984,8057971182848,DGIP4DN1007,,,,,,,,,,,DGB000001131,MY COMFY MATTE 1984
DOLCE & GABBANA,MY COMFY MATTE 26.09,8057971182855,DGIP4DN1008,,,,,,,,,,,DGB000001132,MY COMFY MATTE 26.09
DOLCE & GABBANA,MY COMFY MATTE 19.01,8057971182862,DGIP4DN1009,,,,,,,,,,,DGB000001133,MY COMFY MATTE 19.01
DOLCE & GABBANA,MY COMFY MATTE 1981,8057971182886,DGIP4DN1011,,,,,,,,,,,DGB000001134,MY COMFY MATTE 1981
DOLCE & GABBANA,MY COMFY MATTE 31.05,8057971182893,DGIP4DN1012,,,,,,,,,,,DGB000001135,MY COMFY MATTE 31.05
DOLCE & GABBANA,MY COMFY MATTE 01.10,8057971182909,DGIP4DN1013,,,,,,,,,,,DGB000001136,MY COMFY MATTE 01.10
DOLCE & GABBANA,MY COMFY MATTE 11.11,8057971182930,DGIP4DN1016,,,,,,,,,,,DGB000001137,MY COMFY MATTE 11.11
DOLCE & GABBANA,MY COMFY MATTE 14.02,8057971182954,DGIP4DN1018,,,,,,,,,,,DGB000001138,MY COMFY MATTE 14.02
DOLCE & GABBANA,MY COMFY MATTE 2018,8057971182961,DGIP4DN1019,,,,,,,,,,,DGB000001139,MY COMFY MATTE 2018
DOLCE & GABBANA,MY COMFY MATTE 14.03,8057971182978,DGIP4DN1020,,,,,,,,,,,DGB000001140,MY COMFY MATTE 14.03
DOLCE & GABBANA,MY COMFY MATTE 520,8057971182985,DGIP4DN1021,,,,,,,,,,,DGB000001141,MY COMFY MATTE 520
DOLCE & GABBANA,MY COMFY MATTE 24.11,8057971182992,DGIP4DN1022,,,,,,,,,,,DGB000001142,MY COMFY MATTE 24.11
DOLCE & GABBANA,MY COMFY MATTE 1004,8057971183005,DGIP4DN1023,,,,,,,,,,,DGB000001143,MY COMFY MATTE 1004
DOLCE & GABBANA,MY COMFY MATTE 777,8057971183067,DGIP4DN1025,,,,,,,,,,,DGB000001144,MY COMFY MATTE 777
DOLCE & GABBANA,MY COMFY MATTE 13.01,8057971183074,DGIP4DN1026,,,,,,,,,,,DGB000001145,MY COMFY MATTE 13.01
DOLCE & GABBANA,MY COMFY MATTE 01.03,8057971183081,DGIP4DN1027,,,,,,,,,,,DGB000001146,MY COMFY MATTE 01.03
DOLCE & GABBANA,MY COMFY MATTE 08.03,8057971183098,DGIP4DN1028,,,,,,,,,,,DGB000001147,MY COMFY MATTE 08.03
DOLCE & GABBANA,MY SCULPT SATIN,,,,,,,,,,,,,,
DOLCE & GABBANA,MY SCULPT SATIN 30.07,8057971184620,DGIP4DN1029,,,,,,,,,,,DGB000001148,MY SCULPT SATIN 30.07
DOLCE & GABBANA,MY SCULPT SATIN 21.10,8057971184637,DGIP4DN1030,,,,,,,,,,,DGB000001149,MY SCULPT SATIN 21.10
DOLCE & GABBANA,MY SCULPT SATIN 01.01,8057971184644,DGIP4DN1031,,,,,,,,,,,DGB000001150,MY SCULPT SATIN 01.01
DOLCE & GABBANA,MY SCULPT SATIN 1984,8057971184651,DGIP4DN1032,,,,,,,,,,,DGB000001151,MY SCULPT SATIN 1984
DOLCE & GABBANA,MY SCULPT SATIN 03.03,8057971184675,DGIP4DN1034,,,,,,,,,,,DGB000001152,MY SCULPT SATIN 03.03
DOLCE & GABBANA,MY SCULPT SATIN 1981,8057971184682,DGIP4DN1035,,,,,,,,,,,DGB000001153,MY SCULPT SATIN 1981
DOLCE & GABBANA,MY SCULPT SATIN 23.04,8057971184699,DGIP4DN1036,,,,,,,,,,,DGB000001154,MY SCULPT SATIN 23.04
DOLCE & GABBANA,MY SCULPT SATIN 26.07,8057971184705,DGIP4DN1037,,,,,,,,,,,DGB000001155,MY SCULPT SATIN 26.07
DOLCE & GABBANA,MY SCULPT SATIN 12.06,8057971184712,DGIP4DN1038,,,,,,,,,,,DGB000001156,MY SCULPT SATIN 12.06
DOLCE & GABBANA,MY SCULPT SATIN 31.12,8057971184729,DGIP4DN1039,,,,,,,,,,,DGB000001157,MY SCULPT SATIN 31.12
DOLCE & GABBANA,MY SCULPT SATIN 2018,8057971184736,DGIP4DN1040,,,,,,,,,,,DGB000001158,MY SCULPT SATIN 2018
DOLCE & GABBANA,MY SCULPT SATIN 1314,8057971184743,DGIP4DN1041,,,,,,,,,,,DGB000001159,MY SCULPT SATIN 1314
DOLCE & GABBANA,MY SCULPT SATIN 03.07,8057971184750,DGIP4DN1042,,,,,,,,,,,DGB000001160,MY SCULPT SATIN 03.07
DOLCE & GABBANA,MY SCULPT SATIN 25.12,8057971184767,DGIP4DN1043,,,,,,,,,,,DGB000001161,MY SCULPT SATIN 25.12
DOLCE & GABBANA,MY SCULPT SATIN 888,8057971184774,DGIP4DN1044,,,,,,,,,,,DGB000001162,MY SCULPT SATIN 888
DOLCE & GABBANA,MY SCULPT SATIN 06.07,8057971184781,DGIP4DN1045,,,,,,,,,,,DGB000001163,MY SCULPT SATIN 06.07
DOLCE & GABBANA,MY SCULPT SATIN 08.06,8057971184798,DGIP4DN1046,,,,,,,,,,,DGB000001164,MY SCULPT SATIN 08.06
DOLCE & GABBANA,MY JUICY SHEER,,,,,,,,,,,,,,
DOLCE & GABBANA,MY JUICY SHEER 17.02,8057971185023,DGIP4DN1047,,,,,,,,,,,DGB000001165,MY JUICY SHEER 17.02
DOLCE & GABBANA,MY JUICY SHEER 1984,8057971185030,DGIP4DN1048,,,,,,,,,,,DGB000001166,MY JUICY SHEER 1984
DOLCE & GABBANA,MY JUICY SHEER 1981,8057971185047,DGIP4DN1049,,,,,,,,,,,DGB000001167,MY JUICY SHEER 1981
DOLCE & GABBANA,MY JUICY SHEER 22.04,8057971185054,DGIP4DN1050,,,,,,,,,,,DGB000001168,MY JUICY SHEER 22.04
DOLCE & GABBANA,MY JUICY SHEER 01.08,8057971185061,DGIP4DN1051,,,,,,,,,,,DGB000001169,MY JUICY SHEER 01.08
DOLCE & GABBANA,MY JUICY SHEER 19.03,8057971185078,DGIP4DN1052,,,,,,,,,,,DGB000001170,MY JUICY SHEER 19.03
DOLCE & GABBANA,MY JUICY SHEER 2018,8057971185085,DGIP4DN1053,,,,,,,,,,,DGB000001171,MY JUICY SHEER 2018
DOLCE & GABBANA,MY JUICY SHEER 20184,8057971185092,DGIP4DN1054,,,,,,,,,,,DGB000001172,MY JUICY SHEER 20184
DOLCE & GABBANA,MY JUICY SHEER 15.08,8057971185108,DGIP4DN1055,,,,,,,,,,,DGB000001173,MY JUICY SHEER 15.08
DOLCE & GABBANA,MY JUICY SHEER 13.09,8057971185115,DGIP4DN1056,,,,,,,,,,,DGB000001174,MY JUICY SHEER 13.09
DOLCE & GABBANA,MY JUICY SHEER 13.03,8057971185122,DGIP4DN1057,,,,,,,,,,,DGB000001175,MY JUICY SHEER 13.03
DOLCE & GABBANA,MY JUICY SHEER 333,8057971185139,DGIP4DN1058,,,,,,,,,,,DGB000001176,MY JUICY SHEER 333
DOLCE & GABBANA,MINT OIL LIP PLUMPER,,,,,,,,,,,,,,
DOLCE & GABBANA,MINT OIL LIP PLUMPER,8057971189540,DGIP4LB1000,,,,,,,,,,,DGB000001177,MINT OIL LIP PLUMPER
DOLCE & GABBANA,LIP MINT OIL ICED ESPRESSO,8056669926306,DGIP4LB1009,,,,,,,,,,,,
DOLCE & GABBANA,LIP MINT OIL WATERMELON GRANITA,8056669926290,DGIP4LB1008,,,,,,,,,,,,
DOLCE & GABBANA,LIP MINT OIL TANGELO SPRITZ,8056669926283,DGIP4LB1007,,,,,,,,,,,,
DOLCE & GABBANA,BROW PENCIL,,,,,,,,,,,,,,
DOLCE & GABBANA,BROW PENCIL 01 HONEY BLONDE,8054754409239,DGIP2DN1004,,,,,,,,,,,DGB000001191,BROW PENCIL 01 HONEY BLONDE
DOLCE & GABBANA,BROW PENCIL 02 DARK BLONDE,8054754409246,DGIP2DN1005,,,,,,,,,,,DGB000001192,BROW PENCIL 02 DARK BLONDE
DOLCE & GABBANA,BROW PENCIL 03 MEDIUM BROWN,8054754409253,DGIP2DN1006,,,,,,,,,,,DGB000001193,BROW PENCIL 03 MEDIUM BROWN
DOLCE & GABBANA,BROW PENCIL 04 DARK BROWN,8054754409260,DGIP2DN1007,,,,,,,,,,,DGB000001194,BROW PENCIL 04 DARK BROWN
DOLCE & GABBANA,BROW PENCIL 05 SOFT BROWN BLACK,8054754409277,DGIP2DN1008,,,,,,,,,,,DGB000001195,BROW PENCIL 05 SOFT BROWN BLACK
DOLCE & GABBANA,BROW PENCIL 06 NATURALLY BLACK,8054754409284,DGIP2DN1009,,,,,,,,,,,DGB000001196,BROW PENCIL 06 NATURALLY BLACK
DOLCE & GABBANA,EYE PENCIL,,,,,,,,,,,,,,
DOLCE & GABBANA,EYE PENCIL 01 TOTAL BLACK,8054754409352,DGIP2DN1010,,,,,,,,,,,DGB000001197,EYE PENCIL 01 TOTAL BLACK
DOLCE & GABBANA,EYE PENCIL 02 ESPRESSO BROWN,8054754409369,DGIP2DN1011,,,,,,,,,,,DGB000001198,EYE PENCIL 02 ESPRESSO BROWN
DOLCE & GABBANA,EYE PENCIL 03 ROARING BURGUNDY,8054754409376,DGIP2DN1012,,,,,,,,,,,DGB000001199,EYE PENCIL 03 ROARING BURGUNDY
DOLCE & GABBANA,EYE PENCIL 07 JADE GREEN,8054754409383,DGIP2DN1013,,,,,,,,,,,DGB000001200,EYE PENCIL 07 JADE GREEN
DOLCE & GABBANA,EYE PENCIL 06 METALLIC STEEL,8054754409390,DGIP2DN1014,,,,,,,,,,,DGB000001201,EYE PENCIL 06 METALLIC STEEL
DOLCE & GABBANA,EYE PENCIL 04 METALLIC COPPER,8054754409406,DGIP2DN1015,,,,,,,,,,,DGB000001202,EYE PENCIL 04 METALLIC COPPER
DOLCE & GABBANA,EYE PENCIL 05 VIBRANT PLUM,8054754409413,DGIP2DN1016,,,,,,,,,,,DGB000001203,EYE PENCIL 05 VIBRANT PLUM
DOLCE & GABBANA,EYE PENCIL 08 BLUSHING NUDE,8054754409420,DGIP2DN1017,,,,,,,,,,,DGB000001204,EYE PENCIL 08 BLUSHING NUDE
DOLCE & GABBANA,LIP PENCIL,,,,,,,,,,,,,,
DOLCE & GABBANA,LIP PENCIL 01 MY HONEY NUDE,8054754409512,DGIP4DN1059,,,,,,,,,,,DGB000001205,LIP PENCIL 01 MY HONEY NUDE
DOLCE & GABBANA,LIP PENCIL 02 MY BROWNIE NUDE,8054754409529,DGIP4DN1060,,,,,,,,,,,DGB000001206,LIP PENCIL 02 MY BROWNIE NUDE
DOLCE & GABBANA,LIP PENCIL 03 MY ROSY NUDE,8054754409536,DGIP4DN1061,,,,,,,,,,,DGB000001207,LIP PENCIL 03 MY ROSY NUDE
DOLCE & GABBANA,LIP PENCIL 04 MY CARAMEL BROWN,8054754409543,DGIP4DN1062,,,,,,,,,,,DGB000001208,LIP PENCIL 04 MY CARAMEL BROWN
DOLCE & GABBANA,LIP PENCIL 05 MY CHOCOLATE BROWN,8054754409550,DGIP4DN1063,,,,,,,,,,,DGB000001209,LIP PENCIL 05 MY CHOCOLATE BROWN
DOLCE & GABBANA,LIP PENCIL 06 MY RICH PLUM,8054754409567,DGIP4DN1064,,,,,,,,,,,DGB000001210,LIP PENCIL 06 MY RICH PLUM
DOLCE & GABBANA,LIP PENCIL 07 MY CRIMSON RED,8054754409574,DGIP4DN1065,,,,,,,,,,,DGB000001211,LIP PENCIL 07 MY CRIMSON RED
DOLCE & GABBANA,LIP PENCIL 08 MY DEVOTION RED,8054754409581,DGIP4DN1066,,,,,,,,,,,DGB000001212,LIP PENCIL 08 MY DEVOTION RED
DOLCE & GABBANA,LIP PENCIL 09 MY BRIGHT RED,8054754409598,DGIP4DN1067,,,,,,,,,,,DGB000001213,LIP PENCIL 09 MY BRIGHT RED
DOLCE & GABBANA,LIP PENCIL 10 MY PINKY CORAL,8054754409604,DGIP4DN1068,,,,,,,,,,,DGB000001214,LIP PENCIL 10 MY PINKY CORAL
DOLCE & GABBANA,LIP PENCIL 11 MY TERRACOTTA PEACH,8054754409611,DGIP4DN1069,,,,,,,,,,,DGB000001215,LIP PENCIL 11 MY TERRACOTTA PEACH
DOLCE & GABBANA,LIP PENCIL 12 MY PASTEL PINK,8054754409628,DGIP4DN1070,,,,,,,,,,,DGB000001216,LIP PENCIL 12 MY PASTEL PINK
DOLCE & GABBANA,LIP PENCIL 13 MY CANDY PINK,8056669920908,DGIP4DN1074,,,,,,,,,,,DGB000001217,LIP PENCIL 13 MY CANDY PINK
DOLCE & GABBANA,LIP PENCIL 14 MY ROSEWOOD PINK,8056669920915,DGIP4DN1075,,,,,,,,,,,DGB000001218,LIP PENCIL 14 MY ROSEWOOD PINK
DOLCE & GABBANA,ROSE GLOW CUSHION,,,,,,,,,,,,,,
DOLCE & GABBANA,ROSE GLOW CUSHION 1C,8054754401684,DGIP3LB1030,,,,,,,,,,,DGB000001219,ROSE GLOW CUSHION 1C
DOLCE & GABBANA,ROSE GLOW CUSHION 2N,8054754401691,DGIP3LB1031,,,,,,,,,,,DGB000001220,ROSE GLOW CUSHION 2N
DOLCE & GABBANA,ROSE GLOW CUSHION 3C,8054754401707,DGIP3LB1032,,,,,,,,,,,DGB000001221,ROSE GLOW CUSHION 3C
DOLCE & GABBANA,ROSE GLOW CUSHION 4N,8054754401714,DGIP3LB1033,,,,,,,,,,,DGB000001222,ROSE GLOW CUSHION 4N
DOLCE & GABBANA,ROSE GLOW CUSHION 5W,8054754401721,DGIP3LB1034,,,,,,,,,,,DGB000001223,ROSE GLOW CUSHION 5W
DOLCE & GABBANA,ROSE GLOW CUSHION 6C,8054754401738,DGIP3LB1035,,,,,,,,,,,DGB000001224,ROSE GLOW CUSHION 6C
DOLCE & GABBANA,BLUSHES,,,,,,,,,,,,,,
DOLCE & GABBANA,VIOLET SERUM FLUSH,8054754407983,DGIP3LB1061,,,,,,,,,,,DGB000001225,VIOLET SERUM FLUSH
DOLCE & GABBANA,BOLD SS25 LIP KIT 2 MAUVE GLOSS,8057971182428,DGIP4SF1000,,,,,,,,,,,DGB000001226,BOLD SS25 LIP KIT 2 MAUVE GLOSS
DOLCE & GABBANA,BOLD SS25 LIP KIT 6 PURPLE GLOSS,8057971182435,DGIP4SF1001,,,,,,,,,,,DGB000001227,BOLD SS25 LIP KIT 6 PURPLE GLOSS
DOLCE & GABBANA,BOLD SS25 LIP KIT 5 RED GLOSS,8057971182442,DGIP4SF1002,,,,,,,,,,,DGB000001228,BOLD SS25 LIP KIT 5 RED GLOSS
DOLCE & GABBANA,BOLD SS25 LIP KIT 1 PINK GLOSS,8057971182466,DGIP4SF1004,,,,,,,,,,,DGB000001229,BOLD SS25 LIP KIT 1 PINK GLOSS
DOLCE & GABBANA,BOLD SS25 LIP KIT 3 CHOCOLATE GLOSS,8057971182480,DGIP4SF1006,,,,,,,,,,,DGB000001230,BOLD SS25 LIP KIT 3 CHOCOLATE GLOSS
DOLCE & GABBANA,BOLD SS25 LIP KIT 4 TRANSPARENT GLOSS,8057971182497,DGIP4SF1007,,,,,,,,,,,DGB000001231,BOLD SS25 LIP KIT 4 TRANSPARENT GLOSS
DOLCE & GABBANA,SKINCARE,,,,,,,,,,,,,,
DOLCE & GABBANA,HYDRA DOSE HA ESSENCE,8054754407891,DGIP9LB1000,,,,,,,,,,,DGB000001232,HYDRA DOSE HA ESSENCE
DOLCE & GABBANA,RE BIRTH NIACINAMIDE SERUM 30ML,8054754407914,DGIP9LB1001,,,,,,,,,,,DGB000001233,RE BIRTH NIACINAMIDE SERUM 30ML
DOLCE & GABBANA,NO PUFF CAFFEINE EYE PATCHES,8054754407938,DGIP9LB1002,,,,,,,,,,,DGB000001234,NO PUFF CAFFEINE EYE PATCHES
DOLCE & GABBANA,NOURI LIP BERRY SCRUB 9ML,8054754407945,DGIP9LB1003,,,,,,,,,,,DGB000001235,NOURI LIP BERRY SCRUB 9ML
DOLCE & GABBANA,GLOW BOUNCE CERAMIDE CREAM,8054754407969,DGIP9LB1004,,,,,,,,,,,DGB000001236,GLOW BOUNCE CERAMIDE CREAM
DOLCE & GABBANA,GLOW-REFRESH BASIL CLEANSER,8056669928690,DGIP9SK1001,,,,,,,,,,,,
DOLCE & GABBANA,FRESH SKIN LIP PATCHES,8058806851748,DGIP9SK1009,,,,,,,,,,,,
DOLCE & GABBANA,LEMON BOOSTER BALM,8056669928676,DGIP3LB1107,,,,,,,,,,,,
DOLCE & GABBANA,EVER-YOUTH SKIN FACE MASK,8058806850369,DGIP9SK1007,,,,,,,,,,,,
DOLCE & GABBANA,EVER-YOUTH SKIN EYE SERUM,8058806850345,DGIP9SK1006,,,,,,,,,,,,
DOLCE & GABBANA,EVER-YOUTH SKIN FACE SERUM,8058806850314,DGIP9SK1005,,,,,,,,,,,,
DOLCE & GABBANA,EVER-YOUTH SKIN FACE CREAM,8058806850260,DGIP9SK1003,,,,,,,,,,,,
DOLCE & GABBANA,EVERICON EYE PALETTE,,,,,,,,,,,,,,
DOLCE & GABBANA,EVER ICON EYE PALETTE Amber Venus,8056669923435,DGIP3DV1079,,,,,,,,,,,,
DOLCE & GABBANA,EVER ICON EYE PALETTE Rose Goddess,8056669923442,DGIP3DV1080,,,,,,,,,,,,
DOLCE & GABBANA,EVER ICON EYE PALETTE Chrome Star,8056669923459,DGIP3DV1081,,,,,,,,,,,,
DOLCE & GABBANA,EVERLAST CONCEALER ,,,,,,,,,,,,,,
DOLCE & GABBANA,EVERLAST CONCEALER 01 - LIGHT,8057971185979,DGIP3DV1042,,,,,,,,,,,,
DOLCE & GABBANA,EVERLAST CONCEALER 03 - LIGHT,8057971185986,DGIP3DV1043,,,,,,,,,,,,
DOLCE & GABBANA,EVERLAST CONCEALER 04 - LIGHT,8057971185993,DGIP3DV1044,,,,,,,,,,,,
DOLCE & GABBANA,EVERLAST CONCEALER 06 - LIGHT,8057971186006,DGIP3DV1045,,,,,,,,,,,,
DOLCE & GABBANA,EVERLAST CONCEALER 07 - LIGHT,8057971186013,DGIP3DV1046,,,,,,,,,,,,
DOLCE & GABBANA,EVERLAST CONCEALER 08 - LIGHT,8057971186037,DGIP3DV1047,,,,,,,,,,,,
DOLCE & GABBANA,EVERLAST CONCEALER 09 - LIGHT MEDIUM,8057971186044,DGIP3DV1048,,,,,,,,,,,,
DOLCE & GABBANA,EVERLAST CONCEALER 10 - LIGHT MEDIUM,8057971186051,DGIP3DV1049,,,,,,,,,,,,
DOLCE & GABBANA,EVERLAST CONCEALER 11 LIGHT MEDIUM,8057971186068,DGIP3DV1050,,,,,,,,,,,,
DOLCE & GABBANA,EVERLAST CONCEALER 13 - LIGHT MEDIUM,8057971186075,DGIP3DV1051,,,,,,,,,,,,
DOLCE & GABBANA,EVERLAST CONCEALER 14 - LIGHT MEDIUM,8057971186082,DGIP3DV1052,,,,,,,,,,,,
DOLCE & GABBANA,EVERLAST CONCEALER 15 - LIGHT MEDIUM,8057971186099,DGIP3DV1053,,,,,,,,,,,,
DOLCE & GABBANA,EVERLAST CONCEALER 17 - MEDIUM,8057971186105,DGIP3DV1054,,,,,,,,,,,,
DOLCE & GABBANA,EVERLAST CONCEALER 18 - MEDIUM,8057971186112,DGIP3DV1055,,,,,,,,,,,,
DOLCE & GABBANA,EVERLAST CONCEALER 19 - MEDIUM,8057971186129,DGIP3DV1056,,,,,,,,,,,,
DOLCE & GABBANA,EVERLAST CONCEALER 20 - MEDIUM,8057971186136,DGIP3DV1057,,,,,,,,,,,,
DOLCE & GABBANA,EVERLAST CONCEALER 21 - MEDIUM,8057971186143,DGIP3DV1058,,,,,,,,,,,,
DOLCE & GABBANA,EVERLAST CONCEALER 23 - MEDIUM,8057971186150,DGIP3DV1059,,,,,,,,,,,,
DOLCE & GABBANA,EVERLAST CONCEALER 25 - MEDIUM DEEP,8057971186167,DGIP3DV1060,,,,,,,,,,,,
DOLCE & GABBANA,IT'S LIT!,,,,,,,,,,,,,,
DOLCE & GABBANA,BOLD AW25 ITS LIT 01 NORTH STAR,8056669924555,DGIP3SF1006,,,,,,,,,,,,
DOLCE & GABBANA,BOLD AW25 ITS LIT 02 GALACT GLIMMER,8056669924531,DGIP3SF1004,,,,,,,,,,,,
DOLCE & GABBANA,BOLD AW25 ITS LIT 03 GOLDEN HOUR,8056669924548,DGIP3SF1005,,,,,,,,,,,,
DOLCE & GABBANA,NAILS,,,,,,,,,,,,,,
DOLCE & GABBANA,AW25 MY NAIL GLOSS 00 UNIVERSAL,8056669926467,DGIP5SF1016,,,,,,,,,,,,
DOLCE & GABBANA,AW25 MY NAIL MATCH 5 MY PLUM MOCHA,8056669926405,DGIP5SF1015,,,,,,,,,,,,
DOLCE & GABBANA,AW25 MY NAIL MATCH 4 MY LUSH ROSEW,8056669926399,DGIP5SF1014,,,,,,,,,,,,
DOLCE & GABBANA,AW25 MY NAIL MATCH 3 MY BLUSH MAUVE,8056669926382,DGIP5SF1013,,,,,,,,,,,,
DOLCE & GABBANA,AW25 MY NAIL MATCH 2 MY DUSTY ROSE,8056669926375,DGIP5SF1012,,,,,,,,,,,,
DOLCE & GABBANA,AW25 MY NAIL MATCH 1 MY MISTY PINK,8056669926368,DGIP5SF1011,,,,,,,,,,,,
DOLCE & GABBANA,BOLD AW25 NAILED IT 08 RED ICON,8056669926825,DGIP5DN1000,,,,,,,,,,,,
DOLCE & GABBANA,BRUSHES,,,,,,,,,,,,,,
DOLCE & GABBANA,MUP24 FOUNDATION BRUSH,8054754407129,DGIP3OT1M00,,,,,,,,,,,,
DOLCE & GABBANA,MUP24 CONCEALER BRUSH,8054754407136,DGIP3OT1M01,,,,,,,,,,,,
DOLCE & GABBANA,MUP24 POWDER E HIGHLIGHTER BRUSH,8054754407143,DGIP3OT1M02,,,,,,,,,,,,
DOLCE & GABBANA,MUP24 BRONZER BRUSH,8054754407150,DGIP3OT1M03,,,,,,,,,,,,
DOLCE & GABBANA,MUP24 BLUSHER BRUSH,8054754407167,DGIP3OT1M04,,,,,,,,,,,,
DOLCE & GABBANA,MUP24 EYESHADOW BLENDER BRUSH,8054754407174,DGIP3OT1M05,,,,,,,,,,,,
DOLCE & GABBANA,MUP24 EYESHADOW SHADER BRUSH,8054754407181,DGIP3OT1M06,,,,,,,,,,,,
DOLCE & GABBANA,MUP24 LIP BRUSH,8054754407198,DGIP3OT1M07,,,,,,,,,,,,
DOLCE & GABBANA,MUP24 BROW E LINER BRUSH,8054754407204,DGIP3OT1M08,,,,,,,,,,,,
DOLCE & GABBANA,MUP24 KABUKI,8054754407211,DGIP3OT1M09,,,,,,,,,,,,
DOLCE & GABBANA,KOFRE,,,,,,,,,,,,,,
DOLCE & GABBANA,SPRING26 DEVEDP20ML+LIPDEV+MINIMASCVOL,8056669924159,DGIP1DV2T01,,,,,,,,,,,,
DOLCE & GABBANA,SPRING26 XLVOLUME MASCARA + EYEMARKER,8056669925101,DGIP2DV2003,,,,,,,,,,,,
DOLCE & GABBANA,VELVET COLLECTION,,,,,,,,,,,,,,
DOLCE & GABBANA,VELVET COLLECTION SICILY,,,,,,,,,,,,,,
DOLCE & GABBANA,COLLECTION SNUFFER,8054754403039,DGIP1CO1000,,,,,,,,,,,DGB000001185,COLLECTION SNUFFER
DOLCE & GABBANA,VELVET INFUSION EDP 100ML,8054754400144,DGIP1CO1C14,,,,,,,,,,,DGB000001186,VELVET INFUSION EDP 100ML
DOLCE & GABBANA,VELVET AMBER SKIN EDP 100 ML,8054754400014,DGIP1CO1C01,,,,,,,,,,,DGB000001008,VELVET AMBER SKIN EDP 100 ML
DOLCE & GABBANA,VELVET AMBER SUN EDP 100 ML,8054754400021,DGIP1CO1C02,,,,,,,,,,,DGB000001009,VELVET AMBER SUN EDP 100 ML
DOLCE & GABBANA,VELVET DESERT OUD EDP 100 ML,8054754400038,DGIP1CO1C03,,,,,,,,,,,DGB000001010,VELVET DESERT OUD EDP 100 ML
DOLCE & GABBANA,VELVET DESIRE EDP 100 ML,8054754400045,DGIP1CO1C04,,,,,,,,,,,DGB000001011,VELVET DESIRE EDP 100 ML
DOLCE & GABBANA,VELVET EXOTIC LEATHER EDP 100 ML,8054754400069,DGIP1CO1C06,,,,,,,,,,,DGB000001013,VELVET EXOTIC LEATHER EDP 100 ML
DOLCE & GABBANA,VELVET MUGHETTO EDP 100 ML,8054754400076,DGIP1CO1C07,,,,,,,,,,,DGB000001014,VELVET MUGHETTO EDP 100 ML
DOLCE & GABBANA,VELVET BLUE MUSK EDP 100 ML,8054754400083,DGIP1CO1C08,,,,,,,,,,,DGB000001015,VELVET BLUE MUSK EDP 100 ML
DOLCE & GABBANA,VELVET TENDER OUD EDP 100 ML,8054754400113,DGIP1CO1C11,,,,,,,,,,,DGB000001018,VELVET TENDER OUD EDP 100 ML
DOLCE & GABBANA,VELVET ZAFFERANO EDP 100ML,8054754400137,DGIP1CO1C13,,,,,,,,,,,DGB000001190,VELVET ZAFFERANO EDP 100ML
DOLCE & GABBANA,VELVET REEDITION MASCULINE EDP 100 ML,8056669920410,DGIP1CO1C19,,,,,,,,,,,,
DOLCE & GABBANA,REEDITION SICILY EDP 100ML,8056669920441,DGIP1CO1C20,,,,,,,,,,,,
DOLCE & GABBANA,VELVET PASSION OUD 100ML,8056669921158,DGIP1CO1C21,,,,,,,,,,,,
DOLCE & GABBANA,VELVET HONEY SANTAL 100ML,8056669921196,DGIP1CO1C22,,,,,,,,,,,,
DOLCE & GABBANA,VELVET CRYSTAL SMOKE EDP 100ML,8056669926030,DGIP1CO1C23,,,,,,,,,,,,
DOLCE & GABBANA,VELVET CANDLE WICK TRIMMER,8056669924524,DGIP1CO9012,,,,,,,,,,,,
DOLCE & GABBANA,VELVET MUGHETTO NEW EDP 100ML,8056669928720,DGIP1CO1C27,,,,,,,,,,,,
DOLCE & GABBANA,VELVET DESERT OUD HAIRMIST 30ML,8056669926061,DGIP1CO1T00,,,,,,,,,,,,
DOLCE & GABBANA,VELVET BLUE MUSK HAIRMIST 30ML,8056669926085,DGIP1CO1T01,,,,,,,,,,,,
DOLCE & GABBANA,VELVET PASSION OUD HAIRMIST 30ML,8056669926108,DGIP1CO1T02,,,,,,,,,,,,
DOLCE & GABBANA,REEDITION BY WOMAN EDP 100ML,8056669927501,DGIP1CO1C26,,,,,,,,,,,,
DOLCE & GABBANA,REEDITION BY MAN EDP 100ML,8056669927471,DGIP1CO1C25,,,,,,,,,,,,
DOLCE & GABBANA,VELVET AMBER SAGE EDP 100ML,8056669927433,DGIP1CO1C24,,,,,,,,,,,,
DOLCE & GABBANA,VELVET AMBER SAGE CANDLE 200g,8056669927662,DGIP1CO1Z04,,,,,,,,,,,,
DOLCE & GABBANA,VELVET CRYSTAL SMOKE CANDLE 200g,8056669927679,DGIP1CO1Z05,,,,,,,,,,,,
DOLCE & GABBANA,VELVET DESERT OUD CANDLE 200g,8056669927686,DGIP1CO1Z06,,,,,,,,,,,,
DOLCE & GABBANA,VELVET ZAFFERANO CANDLE 200g,8056669927693,DGIP1CO1Z07,,,,,,,,,,,,
DOLCE & GABBANA,VELVET INFUSION CANDLE 200g,8056669927709,DGIP1CO1Z08,,,,,,,,,,,,
DOLCE & GABBANA,VELVET BLUE MUSK CANDLE 200g,8056669927716,DGIP1CO1Z09,,,,,,,,,,,,
DOLCE & GABBANA,VELVET PASSION OUD CANDLE 200g,8056669927730,DGIP1CO1Z11,,,,,,,,,,,,
DOLCE & GABBANA,VELVET HONEY SANTAL CANDLE 200g,8056669927747,DGIP1CO1Z12,,,,,,,,,,,,
DOLCE & GABBANA,DELIST,,,,,,,,,,,,,,
DOLCE & GABBANA,XMAS25 LB EDT 100ML+EDT 10ML+EDT 10ML,,DGIP1LB2C09,,,,,,,,,,,,
DOLCE & GABBANA,XMAS25 LIP SCRUB+LIP OIL+POUCH,8056669922476,DGIP4LB2000,,,,,,,,,,,,
DOLCE & GABBANA,K BY DOLCE&GABBANA SHOWER GEL 200 ML,8057971181490,DGI30434500000,,,,,,,,,,,,
DOLCE & GABBANA,PWP LB BODY LOTION 25ML,8058806851984,DGIP1LB8V00,,,,,,,,,,,,
DOLCE & GABBANA,DEVOTION EVERKISS GENEROSITY 110,8057971184453,DGI41919900003,8054754401189,DGIP4DV1002,,,,,,,,,DGB000001000,DEVOTION LIP LAC GENEROSITA' 110
DOLCE & GABBANA,DEVOTION EVERKISS PRIDE 400,8057971184491,DGI41919900007,8054754401226,DGIP4DV1006,,,,,,,,,DGB000001003,DEVOTION LIP LAC ORGOGLIO 400
DOLCE & GABBANA,DG MAKE-UP OTH BRUSH-E DEFINER,,DGB31020500000,3423473102052,DGI31020500000,,,,,,,,,DGB000000961,DG MAKE-UP OTH BRUSH-E DEFINER
DOLCE & GABBANA,DG MAKE-UP OTH BRUSH-L LIPS,,DGB31026500000,3423473102656,DGI31026500000,,,,,,,,,DGB000000967,DG MAKE-UP OTH BRUSH-L LIPS
DOLCE & GABBANA,SF SS24 THATS MY LINE 05 GTG,8057971189021,DGIP2SF1005,,,,,,,,,,,DGB000001064,SF SS24 THATS MY LINE 05 GTG
DOLCE & GABBANA,GEMSTONE LIPSTICK 420 EMERALD SCARLETT,8057971188796,DGIP4DN1003,,,,,,,,,,,DGB000001127,GEMSTONE LIPSTICK 420 EMERALD SCARLETT
DOLCE & GABBANA,BOLD AW25 PAINTMEUP 02 CORAL SPLASH,8057971182626,DGIP2SF1008,,,,,,,,,,,,
DOLCE & GABBANA,BOLD AW25 PAINTMEUP 03 RED SKETCH,8057971182633,DGIP2SF1009,,,,,,,,,,,,
DOLCE & GABBANA,BOLD AW25 PAINTMEUP 04 MAUVE GRAFFITI,8057971182640,DGIP2SF1010,,,,,,,,,,,,
DOLCE & GABBANA,BOLD AW25 PAINTMEUP 05 PEARL DRIP,8057971182657,DGIP2SF1011,,,,,,,,,,,,
DOLCE & GABBANA,BOLD AW25 PAINTMEUP 06 CRYSTAL GLAZE,8057971182664,DGIP2SF1012,,,,,,,,,,,,
DOLCE & GABBANA,VELVET ZAFFERANO CANDLE 240g,8054754400151,DGIP1CO1Z00,,,,,,,,,,,DGB000001187,VELVET ZAFFERANO CANDLE 240g
DOLCE & GABBANA,VELVET INFUSION CANDLE 240g,8054754400168,DGIP1CO1Z01,,,,,,,,,,,DGB000001188,VELVET INFUSION CANDLE 240g
DOLCE & GABBANA,VELVET DESERT OUD CANDLE 240g,8054754401455,DGIP1CO1Z02,,,,,,,,,,,DGB000001189,VELVET DESERT OUD CANDLE 240g
DOLCE & GABBANA,VELVET BLACK PATCHOULI EDP 100 ML,8054754400007,DGIP1CO1C00,,,,,,,,,,,DGB000001007,VELVET BLACK PATCHOULI EDP 100 ML
DOLCE & GABBANA,VELVET ROSE EDP 100 ML,8054754400090,DGIP1CO1C09,,,,,,,,,,,DGB000001016,VELVET ROSE EDP 100 ML
DOLCE & GABBANA,VELVET VETIVER EDP 100 ML,8054754400120,DGIP1CO1C12,,,,,,,,,,,DGB000001019,VELVET VETIVER EDP 100 ML
DOLCE & GABBANA,XMAS25DELUXPRIMER+MINISER+FACECREAM+TOOL,8056669922490,DGIP9OT2000,,,,,,,,,,,,
DOLCE & GABBANA,DG MATTE LSTK 644 D. BLOOD,737052943893,DGB30200000583,,,,,,,,,,,,
DOLCE & GABBANA,BOLD SS25 WHAT A GEM ,8054754403985,DGIP2SF1014,,,,,,,,,,,,
SENSAI,SENSAI SILKY PURIFYING CLEANSING ,,,,,,,,,,,,,,
SENSAI,SENSAI SILKY PURIFYING CLEANSING OIL,4973167930281,KNB93028,,,,,,,,,,,KNB000000002,SENSAI SILKY PURIFYING CLEANSING OIL 150 ML
SENSAI,SENSAI SILKY PURIFYING CLEANSING GEL WATER,4973167015292,KNB1529,,,,,,,,,,,,
SENSAI,SENSAI SILKY PURIFYING CLEANSING CREAM,4973167930304,KNB93030,,,,,,,,,,,KNB000000004,SENSAI SILKY PURIFYING CLEANSING CREAM 150 ML
SENSAI,SENSAI SILKY PURIFYING CLEANSING MILK,4973167903698,KNB90369,,,,,,,,,,,KNB000000005,SENSAI SILKY PURIFYING CLEANSING MILK 150 ML
SENSAI,SENSAI SILKY PURIFYING CLEANSING BALM,4973167904640,KNB90464,,,,,,,,,,,KNB000000006,SENSAI SILKY PURIFYING CLEANSING BALM 125 ML
SENSAI,SENSAI SILKY PURIFYING GENTLE MAKE-UP REMOVER FOR EYE AND LIP,4973167903704,KNB90370,,,,,,,,,,,KNB000000007,SENSAI SILKY PURIFYING GENTLE MAKE-UP REMOVER FOR EYE&LIP 100 ML
SENSAI,SENSAI SILKY PURIFYING MUD SOAP (WASH & MASK),4973167903711,KNB90371,,,,,,,,,,,KNB000000008,SENSAI SILKY PURIFYING MUD SOAP (WASH & MASK) 125 ML
SENSAI,SENSAI SILKY PURIFYING CREAMY SOAP N,4973167015278,KNB1527,,,,,,,,,,,,
SENSAI,SENSAI SILKY PURIFYING MILKY SOAP,4973167903735,KNB90373,,,,,,,,,,,KNB000000010,SENSAI SILKY PURIFYING MILKY SOAP 150 ML
SENSAI,SENSAI SILKY PURIFYING SILK PEELING POWDER,4973167904596,KNB90459,,,,,,,,,,,KNB000000013,SENSAI SILKY PURIFYING SILK PEELING POWDER 40 GR
SENSAI,CELLULAR PERFORMANCE ,,,,,,,,,,,,,,
SENSAI,SENSAI CELLULAR PERFORMANCE LOTION I,4973167904619,KNB90461,,,,,,,,,,,KNB000000029,CELLULAR PERFORMANCE LOTION I 125 ML
SENSAI,SENSAI CELLULAR PERFORMANCE LOTION II ,4973167904626,KNB90462,,,,,,,,,,,KNB000000030,CELLULAR PERFORMANCE LOTION II  125 ML
SENSAI,SENSAI CELLULAR PERFORMANCE EMULSION I ,4973167905395,KNB90539,,,,,,,,,,,KNB000000032,CELLULAR PERFORMANCE EMULSION I  100 ML
SENSAI,SENSAI CELLULAR PERFORMANCE EMULSION II ,4973167905401,KNB90540,,,,,,,,,,,KNB000000033,CELLULAR PERFORMANCE EMULSION II  100 ML
SENSAI,SENSAI CELLULAR PERFORMANCE EMULSION III,4973167905418,KNB90541,,,,,,,,,,,KNB000000034,CELLULAR PERFORMANCE EMULSION III 100 ML
SENSAI,SENSAI CELLULAR PERFORMANCE ADVANCED DAY CREAM SPF30,4973167698419,KNB69841,,,,,,,,,,,KNB000000039,CELLULAR PERFORMANCE ADVANCED DAY CREAM SPF30 50 ML
SENSAI,SENSAI CELLULAR PERFORMANCE EYE CONTOUR CREAM,4973167954140,KNB95414,,,,,,,,,,,KNB000000042,CELLULAR PERFORMANCE EYE CONTOUR CREAM 15ML
SENSAI,SENSAI CELLULAR PERFORMANCE EYE CONTOUR BALM,4973167954157,KNB95415,,,,,,,,,,,KNB000000043,CELLULAR PERFORMANCE EYE CONTOUR BALM 15ML
SENSAI,SENSAI CELLULAR PERFORMANCE THROAT AND BUST LIFTING EFFECT ,4973167912867,KNB91286,,,,,,,,,,,KNB000000046,CELLULAR PERFORMANCE THROAT AND BUST LIFTING EFFECT  100 ML
SENSAI,SENSAI CELLULAR PERFORMANCE BODY FIRMING EMULSION ,4973167912850,KNB91285,,,,,,,,,,,KNB000000047,CELLULAR PERFORMANCE BODY FIRMING EMULSION 200 ML
SENSAI,SENSAI CELLULAR PERFORMANCE INTENSIVE HAND TREATMENT,4973167079713,KNB7971,,,,,,,,,,,KNB000000061,CELLULAR PERFORMANCE INTENSIVE HAND TREATMENT 100 ML
SENSAI,SENSAI CELLULAR PERFORMANCE TREATMENT GLOVES,4973167079737,KNB7973,,,,,,,,,,,KNB000000612,SENSAI CP TREATMENT GLOVES
SENSAI,SENSAI CELLULAR PERFORMANCE FRESH CREAM,4973167537350,KNB53735,,,,,,,,,,,KNB000000633,SENSAI CELLULAR PERFORMANCE FRESH CREAM
SENSAI,CELLULAR PERFORMANCE WRINKLE REPAIR ,,,,,,,,,,,,,,
SENSAI,SENSAI CELLULAR PERFORMANCE WRINKLE REPAIR CREAM ,4973167100691,KNB10069,,,,,,,,,,,KNB000000065,CELLULAR PERFORMANCE WRINKLE REPAIR CREAM  40 ML
SENSAI,SENSAI CELLULAR PERFORMANCE WRINKLE REPAIR EYE CREAM ,4973167100714,KNB10071,,,,,,,,,,,KNB000000066,CELLULAR PERFORMANCE WRINKLE REPAIR EYE CREAM  15 ML
SENSAI,SENSAI CELLULAR PERFORMANCE WRINKLE REPAIR ESSENCE,4973167257296,KNB25729,,,,,,,,,,,KNB000000067,CELLULAR PERFORMANCE WRINKLE REPAIR ESSENCE 40 ML
SENSAI,CELLULAR PERFORMANCE LIFTING ,,,,,,,,,,,,,,
SENSAI,SENSAI CELLULAR PERFORMANCE LIFTING CREAM,4973167186954,KNB18695,,,,,,,,,,,KNB000000076,CELLULAR PERFORMANCE LIFTING CREAM 40 ML
SENSAI,SENSAI CELLULAR PERFORMANCE LIFTING EYE CREAM,4973167186961,KNB18696,,,,,,,,,,,KNB000000077,CELLULAR PERFORMANCE LIFTING EYE CREAM 15 ML
SENSAI,SENSAI CELLULAR PERFORMANCE LIFT REMODELLING CREAM,4973167909218,KNB90921,,,,,,,,,,,KNB000000081,CELLULAR PERFORMANCE LIFT REMODELLING CREAM 40 ML
SENSAI,SENSAI CELLULAR PERFORMANCE LIFT REMODELLING EYE CREAM,4973167954393,KNB95439,,,,,,,,,,,KNB000000082,CELLULAR PERFORMANCE LIFT REMODELLING EYE CREAM 15 ML
SENSAI,SENSAI CELLULAR PERFORMANCE LIFTING RADIANCE CREAM,4973167187012,KNB18701,,,,,,,,,,,KNB000000079,CELLULAR PERFORMANCE LIFTING RADIANCE CREAM 40 ML
SENSAI,SENSAI CELLULAR PERFORMANCE LIFTING RADIANCE CONCENTRATE,4973167187029,KNB18702,,,,,,,,,,,KNB000000080,CELLULAR PERFORMANCE LIFTING RADIANCE CONCENTRATE 40 ML
SENSAI,CELLULAR PERFORMANCE EXTRA INTENSIVE ,,,,,,,,,,,,,,
SENSAI,SENSAI CELLULAR PERFORMANCE EXTRA INTENSIVE LOTION,4973167012949,KNB1294,,,,,,,,,,,,
SENSAI,SENSAI CELLULAR PERFORMANCE EXTRA INTENSIVE CREAM,4973167903148,KNB90314,,,,,,,,,,,KNB000000092,CELLULAR PERFORMANCE EXTRA INTENSIVE CREAM 40 ML
SENSAI,SENSAI CELLULAR PERFORMANCE EXTRA INTENSIVE ESSENCE,4973167903155,KNB90315,,,,,,,,,,,KNB000000093,CELLULAR PERFORMANCE EXTRA INTENSIVE ESSENCE 40 ML
SENSAI,SENSAI CELLULAR PERFORMANCE EXTRA INTENSIVE MASK ,4973167954133,KNB95413,,,,,,,,,,,KNB000000094,CELLULAR PERFORMANCE EXTRA INTENSIVE MASK 75ML
SENSAI,SENSAI CELLULAR PERFORMANCE EXTRA INTENSIVE EYE CREAM,4973167170465,KNB17046,,,,,,,,,,,KNB000000095,CELLULAR PERFORMANCE EXTRA INTENSIVE EYE CREAM 15 GR
SENSAI,SENSAI CELLULAR PERFORMANCE EXTRA INTENSIVE 10 MINUTE REVITALISING PADS,4973167292877,KNB29287,,,,,,,,,,,KNB000000096,CELLULAR PERFORMANCE EXTRA INTENSIVE  10 MINUTE REVITALISING PADS  6ML x 10
SENSAI,ABSOLUTE SILK SERİSİ,,,,,,,,,,,,,,
SENSAI,SENSAI ABSOLUTE SILK CLEANSING MILK,4973167074831,KNB7483,,,,,,,,,,,KNB000000614,SENSAI ABSOLUTE SILK CLEANSING MILK
SENSAI,SENSAI ABSOLUTE SILK MICRO MOUSSE WASH,4973167074848,KNB7484,,,,,,,,,,,KNB000000615,SENSAI ABSOLUTE SILK MICRO MOUSSE WASH
SENSAI,SENSAI ABSOLUTE SILK MICRO ESSENCE-IN-LOTION,4973167524015,KNB52401,,,,,,,,,,,KNB000000634,SENSAI ABSOLUTE SILK MICRO ESSENCE-IN-LOTION
SENSAI,SENSAI ABSOLUTE SILK FLUID,4973167383629,KNB38362,,,,,,,,,,,KNB000000103,ABSOLUTE SILK FLUID 80 ML
SENSAI,SENSAI ABSOLUTE SILK CREAM,4973167383643,KNB38364,,,,,,,,,,,KNB000000104,ABSOLUTE SILK CREAM 40 ML
SENSAI,SENSAI ABSOLUTE SILK ILLUMINATIVE CREAM,4973167020326,KNB2032,,,,,,,,,,,KNB000000470,SENSAI AS ILLUMINATIVE CREAM
SENSAI,ULTIMATE ,,,,,,,,,,,,,,
SENSAI,SENSAI ULTIMATE THE CLEANSING OIL,4973167836972,KNB83697,,,,,,,,,,,KNB000000112,SENSAI ULTIMATE THE CLEANSING OIL 150 ML
SENSAI,SENSAI ULTIMATE THE CREAMY SOAP,4973167837030,KNB83703,,,,,,,,,,,KNB000000113,SENSAI ULTIMATE THE CREAMY SOAP 125 ML
SENSAI,SENSAI ULTIMATE THE LOTION I_,4973167500996,KNB50099,,,,,,,,,,,KNB000000635,SENSAI ULTIMATE THE LOTION I_
SENSAI,SENSAI ULTIMATE THE LOTION II_,4973167501009,KNB50100,,,,,,,,,,,KNB000000636,SENSAI ULTIMATE THE LOTION II_
SENSAI,SENSAI ULTIMATE THE EMULSION N,4973167501016,KNB50101,,,,,,,,,,,KNB000000637,SENSAI ULTIMATE THE EMULSION N
SENSAI,SENSAI ULTIMATE THE CREAM N,4973167501023,KNB50102,,,,,,,,,,,KNB000000638,SENSAI ULTIMATE THE CREAM N
SENSAI,SENSAI ULTIMATE THE CREAM N (REFILL),4973167501030,KNB50103,,,,,,,,,,,KNB000000639,SENSAI ULTIMATE THE CREAM N (REFILL)
SENSAI,SENSAI ULTIMATE THE MASK,4973167525579,KNB52557,,,,,,,,,,,KNB000000640,SENSAI ULTIMATE THE MASK
SENSAI,SENSAI ULTIMATE THE EYE CREAM N_,4973167518762,KNB51876,,,,,,,,,,,KNB000000642,SENSAI ULTIMATE THE EYE CREAM N_
SENSAI,SENSAI ULTIMATE THE CONCENTRATE N,4973167593301,KNB59330,,,,,,,,,,,KNB000000643,SENSAI ULTIMATE THE CONCENTRATE N
SENSAI,SENSAI ULTIMATE THE CONCENTRATE N REFILL,4973167593417,KNB59341,,,,,,,,,,,KNB000000644,SENSAI ULTIMATE THE CONCENTRATE N REFILL
SENSAI,EXPERT ITEMS,,,,,,,,,,,,,,
SENSAI,SENSAI DUAL ESSENCE,4973167911150,KNB91115,,,,,,,,,,,KNB000000105,SENSAI DUAL ESSENCE 30 ML
SENSAI,SENSAI ADVANCED ESSENCE DAY VEIL,4973167710227,KNB71022,,,,,,,,,,,,
SENSAI,SENSAI TOTAL LIP TREATMENT STICK,4973167525043,KNB52504,,,,,,,,,,,KNB000000632,SENSAI TOTAL LIP TREATMENT STICK
SENSAI,SENSAI TOTAL LIP TREATMENT,4973167942420,KNB94242,,,,,,,,,,,KNB000000108,SENSAI TOTAL LIP TREATMENT 15 ML
SENSAI,SENSAI TOTAL EYE TREATMENT,4973167821817,KNB82181,,,,,,,,,,,KNB000000109,SENSAI TOTAL EYE TREATMENT 20 ML; 15 ML
SENSAI,SENSAI REFRESHING EYE ESSENCE  (REFILL),4973167821732,KNB82173,,,,,,,,,,,KNB000000110,SENSAI REFRESHING EYE ESSENCE  (REFILL) 20 ML
SENSAI,SENSAI MELTY RICH EYE CREAM (REFILL),4973167822333,KNB82233,,,,,,,,,,,KNB000000111,SENSAI MELTY RICH EYE CREAM (REFILL) 15 ML
SENSAI,SENSAI COMFORTING BARRIER MASK,4973167035382,KNB3538,,,,,,,,,,,KNB000000539,SENSAI COMFORTING BARRIER MASK
SENSAI,SENSAI CELLULAR PERFORMANCE LIFT FOCUS ESSENCE,4973167074572,KNB7457,,,,,,,,,,,KNB000000613,SENSAI LIFT FOCUS ESSENCE
SENSAI,SENSAI AWAKENING CREAMY EYE ESSENCE-,4973167529973,KNB52997,,,,,,,,,,,KNB000000631,SENSAI AWAKENING CREAMY EYE ESSENCE
SENSAI,SENSAI COMFORTING BARRIER ESSENCE,4973167537312,KNB53731,,,,,,,,,,,KNB000000645,SENSAI COMFORTING BARRIER ESSENCE
SENSAI,SENSAI TOTAL FORM EXPERT CREAM,4973167016435,KNB1643,,,,,,,,,,,KNB000000646,SENSAI TOTAL FORM EXPERT CREAM
SENSAI,SENSAI TOTAL FORM EXPERT CREAM (REFILL),4973167016442,KNB1644,,,,,,,,,,,KNB000000647,SENSAI TOTAL FORM EXPERT CREAM (REFILL)
SENSAI,CİLT BAKIM AKSESUARLARI,,,,,,,,,,,,,,
SENSAI,SENSAI SPONGE CHIEF,4973167323359,KNB32335,,,,,,,,,,,KNB000000001,SPONGE CHIEF
SENSAI,SILKY BRONZE ,,,,,,,,,,,,,,
SENSAI,SENSAI SILKY BRONZE PROTECTIVE SUNCARE CREAM FOR FACE SPF50+ ,4973167525470,KNB52547,,,,,,,,,,,KNB000000648,SENSAI SILKY BRONZE PROTECTIVE SUNCARE CREAM FOR FACE SPF50+ 
SENSAI,SENSAI SILKY BRONZE PROTECTIVE SUNCARE CREAM FOR FACE SPF30 ,4973167525531,KNB52553,,,,,,,,,,,KNB000000649,SENSAI SILKY BRONZE PROTECTIVE SUNCARE CREAM FOR FACE SPF30 
SENSAI,SENSAI SILKY BRONZE PROTECTIVE SUNCARE CREAM FOR BODY SPF50+,4973167525517,KNB52551,,,,,,,,,,,KNB000000650,SENSAI SILKY BRONZE PROTECTIVE SUNCARE CREAM FOR BODY SPF50+
SENSAI,SENSAI SILKY BRONZE PROTECTIVE SUNCARE CREAM FOR BODY SPF30 ,4973167525555,KNB52555,,,,,,,,,,,KNB000000651,SENSAI SILKY BRONZE PROTECTIVE SUNCARE CREAM FOR BODY SPF30 
SENSAI,SENSAI SILKY BRONZE COOLING PROTECTIVE SUNCARE SPRAY SPF50+ ,4973167529904,KNB52990,,,,,,,,,,,KNB000000652,SENSAI SILKY BRONZE COOLING PROTECTIVE SUNCARE SPRAY SPF50+ 
SENSAI,SENSAI SILKY BRONZE SELF TANNING FOR BODY,4973167523346,KNB52334,,,,,,,,,,,KNB000000653,SENSAI SILKY BRONZE SELF TANNING FOR BODY N -
SENSAI,SENSAI SILKY BRONZE AFTER SUN GLOWING CREAM,4973167699553,KNB69955,,,,,,,,,,,KNB000000160,SSB AFTER SUN GLOWING CREAM 150 ML
SENSAI,SENSAI SILKY BRONZE NATURAL VEIL COMPACT SC01,4973167943519,KNB94351,,,,,,,,,,,,
SENSAI,SENSAI SILKY BRONZE NATURAL VEIL COMPACT SC02,4973167943526,KNB94352,,,,,,,,,,,,
SENSAI,SENSAI SILKY BRONZE NATURAL VEIL COMPACT SC03,4973167943533,KNB94353,,,,,,,,,,,,
SENSAI,SENSAI SILKY BRONZE NATURAL VEIL COMPACT SC04,4973167943540,KNB94354,,,,,,,,,,,,
SENSAI,,,,,,,,,,,,,,,
SENSAI,CELLULAR PERFORMANCE FOUNDATION,,,,,,,,,,,,,,
SENSAI,SENSAI CELLULAR PERFORMANCE TOTAL FINISH FOUNDATION TF12 -Refill,4973167907566,KNB90756,,,,,,,,,,,KNB000000210,CELLULAR PERFORMANCE TF FOUNDATION  TF12 - Refill 11 GR
SENSAI,SENSAI CELLULAR PERFORMANCE TOTAL FINISH FOUNDATION TF13 -Refill,4973167907573,KNB90757,,,,,,,,,,,KNB000000211,CELLULAR PERFORMANCE TF FOUNDATION  TF13 - Refill 11 GR
SENSAI,SENSAI CELLULAR PERFORMANCE TOTAL FINISH FOUNDATION TF22 -Refill,4973167907580,KNB90758,,,,,,,,,,,KNB000000212,CELLULAR PERFORMANCE TF FOUNDATION  TF22 - Refill 11 GR
SENSAI,SENSAI CELLULAR PERFORMANCE TOTAL FINISH FOUNDATION TF23 -Refill,4973167907597,KNB90759,,,,,,,,,,,KNB000000213,CELLULAR PERFORMANCE TF FOUNDATION  TF23 - Refill 11 GR
SENSAI,SENSAI CELLULAR PERFORMANCE TOTAL FINISH FOUNDATION TF24 -Refill,4973167907603,KNB90760,,,,,,,,,,,KNB000000214,CELLULAR PERFORMANCE TF FOUNDATION  TF24 - Refill 11 GR
SENSAI,CELLULAR PERFORMANCE FOUNDATION,,,,,,,,,,,,,,
SENSAI,SENSAI CELLULAR PERFORMANCE CREAM FOUNDATION CF12,4973167907351,KNB90735,,,,,,,,,,,KNB000000227,CREAM FOUNDATION CF12 30 ML
SENSAI,SENSAI CELLULAR PERFORMANCE CREAM FOUNDATION CF13,4973167907368,KNB90736,,,,,,,,,,,KNB000000228,CREAM FOUNDATION CF13 30 ML
SENSAI,SENSAI CELLULAR PERFORMANCE CREAM FOUNDATION CF22,4973167907375,KNB90737,,,,,,,,,,,KNB000000229,CREAM FOUNDATION CF22 30 ML
SENSAI,SENSAI CELLULAR PERFORMANCE CREAM FOUNDATION CF23,4973167907382,KNB90738,,,,,,,,,,,KNB000000230,CREAM FOUNDATION CF23 30 ML
SENSAI,SENSAI CELLULAR PERFORMANCE CREAM FOUNDATION CF24,4973167907399,KNB90739,,,,,,,,,,,KNB000000231,CREAM FOUNDATION CF24 30 ML
SENSAI,SENSAI CELLULAR PERFORMANCE CREAM FOUNDATION CF25,4973167907405,KNB90740,,,,,,,,,,,KNB000000232,CREAM FOUNDATION CF25 30 ML
SENSAI,TOTAL FINISH POWDER FONDATION,,,,,,,,,,,,,,
SENSAI,SENSAI TOTAL FINISH (REFILL) TF102 SOFT IVORY,4973167525791,KNB52579,,,,,,,,,,,KNB000000654,SENSAI TOTAL FINISH (REFILL) TF102 SOFT IVORY
SENSAI,SENSAI TOTAL FINISH (REFILL) TF103 WARM BEIGE,4973167525845,KNB52584,,,,,,,,,,,KNB000000655,SENSAI TOTAL FINISH (REFILL) TF103 WARM BEIGE
SENSAI,SENSAI TOTAL FINISH (REFILL) TF202 SOFT BEIGE,4973167525852,KNB52585,,,,,,,,,,,KNB000000656,SENSAI TOTAL FINISH (REFILL) TF202 SOFT BEIGE
SENSAI,SENSAI TOTAL FINISH (REFILL) TF203 NATUREL BEIGE,4973167525869,KNB52586,,,,,,,,,,,KNB000000657,SENSAI TOTAL FINISH (REFILL) TF203 NATUREL BEIGE
SENSAI,SENSAI TOTAL FINISH (REFILL) TF204 ALMOND BEIGE,4973167525876,KNB52587,,,,,,,,,,,KNB000000658,SENSAI TOTAL FINISH (REFILL) TF204 ALMOND BEIGE
SENSAI,SENSAI TOTAL FINISH (REFILL) TF204.5 AMBER BEIGE,4973167525883,KNB52588,,,,,,,,,,,KNB000000659,SENSAI TOTAL FINISH (REFILL) TF204.5 AMBER BEIGE
SENSAI,SENSAI TOTAL FINISH (REFILL) TF205 TOPAZ BEIGE,4973167525890,KNB52589,,,,,,,,,,,KNB000000660,SENSAI TOTAL FINISH (REFILL) TF205 TOPAZ BEIGE
SENSAI,SENSAI TOTAL FINISH (REFILL) TF206 GOLDEN DUNE,4973167525906,KNB52590,,,,,,,,,,,KNB000000661,SENSAI TOTAL FINISH (REFILL) TF206 GOLDEN DUNE
SENSAI,SENSAI COMPACT CASE FOR TOTAL FINISH a,4973167525913,KNB52591,,,,,,,,,,,KNB000000662,SENSAI COMPACT CASE FOR TOTAL FINISH a
SENSAI,SENSAI FOUNDATION SPONGE ROUND SHAPE,4973167525920,KNB52592,,,,,,,,,,,KNB000000663,SENSAI FOUNDATION SPONGE ROUND SHAPE
SENSAI,FLAWLESS SATIN MOISTURE  FOUNDATION ,,,,,,,,,,,,,,
SENSAI,SENSAI FLAWLESS SATIN MOISTURE FOUNDATION FS102,4973167840818,KNB84081,,,,,,,,,,,KNB000000541,FLAWLESS SATIN MOISTURE FD FS102
SENSAI,SENSAI FLAWLESS SATIN MOISTURE FOUNDATION FS103,4973167840825,KNB84082,,,,,,,,,,,KNB000000542,FLAWLESS SATIN MOISTURE FD FS103
SENSAI,SENSAI FLAWLESS SATIN MOISTURE FOUNDATION FS202,4973167840849,KNB84084,,,,,,,,,,,KNB000000543,FLAWLESS SATIN MOISTURE FD FS202
SENSAI,SENSAI FLAWLESS SATIN MOISTURE FOUNDATION FS203,4973167840856,KNB84085,,,,,,,,,,,KNB000000544,FLAWLESS SATIN MOISTURE FD FS203
SENSAI,SENSAI FLAWLESS SATIN MOISTURE FOUNDATION FS204,4973167840863,KNB84086,,,,,,,,,,,KNB000000545,FLAWLESS SATIN MOISTURE FD FS204
SENSAI,SENSAI FLAWLESS SATIN MOISTURE FOUNDATION FS204.5,4973167840870,KNB84087,,,,,,,,,,,KNB000000546,FLAWLESS SATIN MOISTURE FDF S204.5
SENSAI,SENSAI RADIANT GLOW FOUNDATION,,,,,,,,,,,,,,
SENSAI,SENSAI RADIANT GLOW FOUNDATION RG103,4973167593516,KNB59351,,,,,,,,,,,KNB000000664,SENSAI RADIANT GLOW FOUNDATION RG103
SENSAI,SENSAI RADIANT GLOW FOUNDATION RG202,4973167593523,KNB59352,,,,,,,,,,,KNB000000665,SENSAI RADIANT GLOW FOUNDATION RG202
SENSAI,SENSAI RADIANT GLOW FOUNDATION RG203,4973167593530,KNB59353,,,,,,,,,,,KNB000000666,SENSAI RADIANT GLOW FOUNDATION RG203
SENSAI,SENSAI RADIANT GLOW FOUNDATION RG204,4973167593554,KNB59355,,,,,,,,,,,KNB000000667,SENSAI RADIANT GLOW FOUNDATION RG204
SENSAI,SENSAI RADIANT GLOW FOUNDATION RG204.5,4973167593561,KNB59356,,,,,,,,,,,KNB000000668,SENSAI RADIANT GLOW FOUNDATION RG204.5
SENSAI,SENSAI RADIANT GLOW FOUNDATION RG205,4973167593578,KNB59357,,,,,,,,,,,KNB000000669,SENSAI RADIANT GLOW FOUNDATION RG205
SENSAI,BRONZING GEL,,,,,,,,,,,,,,
SENSAI,SENSAI BRONZING GEL N BG61 SOFT BRONZE,4973167943694,KNB94369,,,,,,,,,,,KNB000000182,SENSAI BRONZING GEL N BG61 SOFT BRONZE 50 ML
SENSAI,SENSAI BRONZING GEL N BG62 AMBER BRONZE,4973167943700,KNB94370,,,,,,,,,,,KNB000000183,SENSAI BRONZING GEL N BG62 AMBER BRONZE 50 ML
SENSAI,SENSAI BRONZING GEL N BG63 COPPER BRONZE,4973167943717,KNB94371,,,,,,,,,,,KNB000000184,SENSAI BRONZING GEL N BG63 COPPER BRONZE 50 ML
SENSAI,HIGHLIGHTING CONCEALER,,,,,,,,,,,,,,
SENSAI,SENSAI HIGHLIGHTING CONCEALER HC00,4973167257500,KNB25750,,,,,,,,,,,KNB000000203,SENSAI HIGHLIGHTING CONCEALER HC00 3.5 ML
SENSAI,SENSAI HIGHLIGHTING CONCEALER HC01,4973167257432,KNB25743,,,,,,,,,,,KNB000000204,SENSAI HIGHLIGHTING CONCEALER HC01 3.5 ML
SENSAI,SENSAI HIGHLIGHTING CONCEALER HC02,4973167257463,KNB25746,,,,,,,,,,,KNB000000205,SENSAI HIGHLIGHTING CONCEALER HC02 3.5 ML
SENSAI,SENSAI HIGHLIGHTING CONCEALER HC03,4973167257494,KNB25749,,,,,,,,,,,KNB000000206,SENSAI HIGHLIGHTING CONCEALER HC03 3.5 ML
SENSAI,MAKE-UP BASE,,,,,,,,,,,,,,
SENSAI,SENSAI GLOWING BASE,4973167228692,KNB22869,4973167593455,KNB59345,,,,,,,,,KNB000000189,SENSAI GLOWING BASE 30 ML
SENSAI,MAKE-UP FIX ,,,,,,,,,,,,,,
SENSAI,SENSAI HYDRATING FIX MIST,4973167012925,KNB1292,,,,,,,,,,,KNB000000671,SENSAI HYDRATING FIX MIST
SENSAI,BLOOMING BLUSH,,,,,,,,,,,,,,
SENSAI,SENSAI BLOOMING BLUSH 01 BLOOMING MAUVE,4973167294208,KNB29420,,,,,,,,,,,KNB000000418,BLOOMING BLUSH 01 BLOOMING MAUVE 4 GR
SENSAI,SENSAI BLOOMING BLUSH 02 BLOOMING PEACH,4973167294222,KNB29422,,,,,,,,,,,KNB000000419,BLOOMING BLUSH 02 BLOOMING PEACH 4 GR
SENSAI,SENSAI BLOOMING BLUSH 03 BLOOMING CORAL,4973167294246,KNB29424,,,,,,,,,,,KNB000000420,BLOOMING BLUSH 03 BLOOMING CORAL 4 GR
SENSAI,SENSAI BLOOMING BLUSH 04 BLOOMING ORANGE,4973167294260,KNB29426,,,,,,,,,,,KNB000000421,BLOOMING BLUSH 04 BLOOMING ORANGE 4 GR
SENSAI,SENSAI BLOOMING BLUSH 05 BLOOMING BEIGE,4973167294284,KNB29428,,,,,,,,,,,KNB000000422,BLOOMING BLUSH 05 BLOOMING BEIGE 4 GR
SENSAI,MASCARA COLLECTION 38°C ,,,,,,,,,,,,,,
SENSAI,SENSAI LASH LENGTHENER 38C,4973167034163,KNB03416,,,,,,,,,,,KNB000000540,SENSAI LASH LENGTHENER 38°C
SENSAI,SENSAI LASH VOLUMISER 38°C,4973167294185,KNB29418,,,,,,,,,,,KNB000000201,SENSAI LASH VOLUMISER 38°C 10 ML
SENSAI,SENSAI LASH CONDITIONER 38°C,4973167810576,KNB81057,,,,,,,,,,,KNB000000202,LASH CONDITIONER 10 ML
SENSAI,SENSAI MOISTURE INTENSE LIPSTICK,,,,,,,,,,,,,,
SENSAI,SENSAI MOISTURE INTENSE LIPSTICK MI01,4973167012963,KNB1296,,,,,,,,,,,,
SENSAI,SENSAI MOISTURE INTENSE LIPSTICK MI02,4973167012970,KNB1297,,,,,,,,,,,,
SENSAI,SENSAI MOISTURE INTENSE LIPSTICK MI03,4973167012987,KNB1298,,,,,,,,,,,,
SENSAI,SENSAI MOISTURE INTENSE LIPSTICK MI04,4973167012994,KNB1299,,,,,,,,,,,,
SENSAI,SENSAI MOISTURE INTENSE LIPSTICK MI05,4973167013236,KNB1323,,,,,,,,,,,,
SENSAI,SENSAI MOISTURE INTENSE LIPSTICK MI06,4973167013267,KNB1326,,,,,,,,,,,,
SENSAI,SENSAI MOISTURE INTENSE LIPSTICK MI07,4973167013274,KNB1327,,,,,,,,,,,,
SENSAI,SENSAI MOISTURE INTENSE LIPSTICK MI08,4973167013281,KNB1328,,,,,,,,,,,,
SENSAI,SENSAI MOISTURE INTENSE LIPSTICK MI09,4973167013298,KNB1329,,,,,,,,,,,,
SENSAI,SENSAI MOISTURE INTENSE LIPSTICK MI10,4973167013304,KNB1330,,,,,,,,,,,,
SENSAI,SENSAI MOISTURE INTENSE LIPSTICK MI11,4973167013311,KNB1331,,,,,,,,,,,,
SENSAI,SENSAI MOISTURE INTENSE LIPSTICK MI12,4973167013328,KNB1332,,,,,,,,,,,,
SENSAI,SENSAI LIPSTICK HOLDER GOLD,4973167013335,KNB1333,,,,,,,,,,,,
SENSAI,LASTING PLUMP LIPSTICK ,,,,,,,,,,,,,,
SENSAI,SENSAI LASTING PLUMP LIPSTICK LP01 RUBY RED (REFILL),4973167501405,KNB50140,,,,,,,,,,,KNB000000616,SENSAI LASTING PLUMP LIPSTICK LP01 RUBY RED (REFILL)
SENSAI,SENSAI LASTING PLUMP LIPSTICK LP02 VIVID ORANGE (REFILL),4973167501412,KNB50141,,,,,,,,,,,KNB000000617,SENSAI LASTING PLUMP LIPSTICK LP02 VIVID ORANGE (REFILL)
SENSAI,SENSAI LASTING PLUMP LIPSTICK LP03 FUCHSIA PINK (REFILL),4973167501429,KNB50142,,,,,,,,,,,KNB000000618,SENSAI LASTING PLUMP LIPSTICK LP03 FUCHSIA PINK (REFILL)
SENSAI,SENSAI LASTING PLUMP LIPSTICK LP04 MAUVE ROSE (REFILL),4973167501436,KNB50143,,,,,,,,,,,KNB000000619,SENSAI LASTING PLUMP LIPSTICK LP04 MAUVE ROSE (REFILL)
SENSAI,SENSAI LASTING PLUMP LIPSTICK LP05 LIGHT CORAL (REFILL),4973167501443,KNB50144,,,,,,,,,,,KNB000000620,SENSAI LASTING PLUMP LIPSTICK LP05 LIGHT CORAL (REFILL)
SENSAI,SENSAI LASTING PLUMP LIPSTICK LP06  SHIMMER NUDE (REFILL),4973167501450,KNB50145,,,,,,,,,,,KNB000000621,SENSAI LASTING PLUMP LIPSTICK LP06  SHIMMER NUDE (REFILL)
SENSAI,SENSAI LASTING PLUMP LIPSTICK LP07 ROSY NUDE (REFILL),4973167501467,KNB50146,,,,,,,,,,,KNB000000622,SENSAI LASTING PLUMP LIPSTICK LP07 ROSY NUDE (REFILL)
SENSAI,SENSAI LASTING PLUMP LIPSTICK LP08 TERRACOTTA RED (REFILL),4973167501474,KNB50147,,,,,,,,,,,KNB000000623,SENSAI LASTING PLUMP LIPSTICK LP08 TERRACOTTA RED (REFILL)
SENSAI,SENSAI LASTING PLUMP LIPSTICK LP09  VERMILION RED (REFILL),4973167501481,KNB50148,,,,,,,,,,,KNB000000624,SENSAI LASTING PLUMP LIPSTICK LP09  VERMILION RED (REFILL)
SENSAI,SENSAI LASTING PLUMP LIPSTICK LP10 JUCY RED (REFILL),4973167501498,KNB50149,,,,,,,,,,,KNB000000625,SENSAI LASTING PLUMP LIPSTICK LP10 JUCY RED (REFILL)
SENSAI,SENSAI LASTING PLUMP LIPSTICK LP11  FEMININE ROSE (REFILL),4973167501504,KNB50150,,,,,,,,,,,KNB000000626,SENSAI LASTING PLUMP LIPSTICK LP11  FEMININE ROSE (REFILL)
SENSAI,SENSAI LASTING PLUMP LIPSTICK LP12 BROWNISH MAUVE (REFILL),4973167501511,KNB50151,,,,,,,,,,,KNB000000627,SENSAI LASTING PLUMP LIPSTICK LP12 BROWNISH MAUVE (REFILL)
SENSAI,SENSAI LASTING PLUMP LIPSTICK HOLDER,4973167501535,KNB50153,,,,,,,,,,,KNB000000628,SENSAI LASTING PLUMP LIPSTICK HOLDER
SENSAI,THE LIPSTICK,,,,,,,,,,,,,,
SENSAI,SENSAI THE LIPSTICK N 02 SAZANKA RED,4973167343524,KNB34352,,,,,,,,,,,KNB000000359,THE LIPSTICK N 02 SAZANKA RED 3.5 GR
SENSAI,SENSAI THE LIPSTICK N 03 SHAKUYAKU RED,4973167343531,KNB34353,,,,,,,,,,,KNB000000360,THE LIPSTICK N 03 SHAKUYAKU RED 3.5 GR
SENSAI,SENSAI THE LIPSTICK N 04 HINAGESHI ORANGE,4973167343548,KNB34354,,,,,,,,,,,KNB000000361,THE LIPSTICK N 04 HINAGESHI ORANGE 3.5 GR
SENSAI,SENSAI THE LIPSTICK N 06 KINMOKUSEI ORANGE,4973167343562,KNB34356,,,,,,,,,,,KNB000000362,THE LIPSTICK N 06 KINMOKUSEI ORANGE 3.5 GR
SENSAI,SENSAI THE LIPSTICK N 07 SHAKUNAGE PINK,4973167343579,KNB34357,,,,,,,,,,,KNB000000363,THE LIPSTICK N 07 SHAKUNAGE PINK 3.5 GR
SENSAI,SENSAI THE LIPSTICK N 09 NADESHIKO PINK,4973167343593,KNB34359,,,,,,,,,,,KNB000000364,THE LIPSTICK N 09 NADESHIKO PINK 3.5 GR
SENSAI,SENSAI THE LIPSTICK N 10 AYAME MAUVE,4973167343609,KNB34360,,,,,,,,,,,KNB000000365,THE LIPSTICK N 10 AYAME MAUVE 3.5 GR
SENSAI,SENSAI THE LIPSTICK N 11 SUMIRE MAUVE,4973167343616,KNB34361,,,,,,,,,,,KNB000000366,THE LIPSTICK N 11 SUMIRE MAUVE 3.5 GR
SENSAI,SENSAI THE LIPSTICK N 13 SHIRAYURI NUDE,4973167343630,KNB34363,,,,,,,,,,,KNB000000367,THE LIPSTICK N 13 SHIRAYURI NUDE 3.5 GR
SENSAI,SENSAI THE LIPSTICK N 14 SUZURAN NUDE,4973167343647,KNB34364,,,,,,,,,,,KNB000000368,THE LIPSTICK N 14 SUZURAN NUDE 3.5 GR
SENSAI,LIP PENCIL,,,,,,,,,,,,,,
SENSAI,SENSAI LIP PENCIL 01 ACTRESS RED,4973167343678,KNB34367,,,,,,,,,,,KNB000000369,LIP PENCIL 01 ACTRESS RED 1.0 GR
SENSAI,SENSAI LIP PENCIL 04 FEMININE MAUVE,4973167343708,KNB34370,,,,,,,,,,,KNB000000370,LIP PENCIL 04 FEMININE MAUVE 1.0 GR
SENSAI,SENSAI LIP PENCIL 05 CLASSY ROSE,4973167343715,KNB34371,,,,,,,,,,,KNB000000371,LIP PENCIL 05 CLASSY ROSE 1.0 GR
SENSAI,SENSAI LIP PENCIL 06 STUNNING NUDE,4973167343722,KNB34372,,,,,,,,,,,KNB000000372,LIP PENCIL 06 STUNNING NUDE 1.0 GR
SENSAI,EYE COLOUR PALETTE,,,,,,,,,,,,,,
SENSAI,SENSAI EYE COLOUR PALETTE 01 SHINY FOLIAGE,4973167815250,KNB81525,,,,,,,,,,,KNB000000388,SENSAI EYE COLOUR PALETTE 01 SHINY FOLIAGE 3.7 GR
SENSAI,SENSAI EYE COLOUR PALETTE 02 NIGHT SPARKLE,4973167815267,KNB81526,,,,,,,,,,,KNB000000389,SENSAI EYE COLOUR PALETTE 02 NIGHT SPARKLE 3.7 GR
SENSAI,SENSAI EYE COLOUR PALETTE 03 PETAL DANCE,4973167815274,KNB81527,,,,,,,,,,,KNB000000390,SENSAI EYE COLOUR PALETTE 03 PETAL DANCE 3.7 GR
SENSAI,SENSAI EYE COLOUR PALETTE 04 FROSTY TWILIGHT,4973167815281,KNB81528,,,,,,,,,,,KNB000000391,SENSAI EYE COLOUR PALETTE 04 FROSTY TWILIGHT 3.7 GR
SENSAI,LASTING EYELINER PENCIL,,,,,,,,,,,,,,
SENSAI,SENSAI LASTING EYELINER PENCIL 01 BLACK,4973167815670,KNB81567,,,,,,,,,,,KNB000000396,SENSAI LASTING EYELINER PENCIL 01 BLACK 0.1 GR
SENSAI,SENSAI LASTING EYELINER PENCIL 02 DEEP BROWN,4973167816035,KNB81603,,,,,,,,,,,KNB000000397,SENSAI LASTING EYELINER PENCIL 02 DEEP BROWN 0.1 GR
SENSAI,DESIGNING LIQUID EYELINER,,,,,,,,,,,,,,
SENSAI,SENSAI DESIGNING LIQUID EYELINER 01 BLACK,4973167816271,KNB81627,,,,,,,,,,,KNB000000400,SENSAI DESIGNING LIQUID EYELINER 01 BLACK 0.6 ML
SENSAI,SENSAI DESIGNING LIQUID EYELINER 02 DEEP BROWN,4973167816288,KNB81628,,,,,,,,,,,KNB000000401,SENSAI DESIGNING LIQUID EYELINER 02 DEEP BROWN 0.6 ML
SENSAI,SENSAI DESIGNING LIQUID EYELINER (REFILL) 01 BLACK,4973167816295,KNB81629,,,,,,,,,,,KNB000000402,SENSAI DESIGNING LIQUID EYELINER (REFILL) 01 BLACK 0.6 ML
SENSAI,SENSAI DESIGNING LIQUID EYELINER (REFILL) 02 DEEP BROWN,4973167816301,KNB81630,,,,,,,,,,,KNB000000403,SENSAI DESIGNING LIQUID EYELINER (REFILL) 02 DEEP BROWN 0.6 ML
SENSAI,STYLING EYEBROW PENCIL,,,,,,,,,,,,,,
SENSAI,SENSAI STYLING EYEBROW PENCIL 01 DARK BROWN,4973167817254,KNB81725,,,,,,,,,,,KNB000000408,SENSAI STYLING EYEBROW PENCIL 01 DARK BROWN 0.2 GR
SENSAI,SENSAI STYLING EYEBROW PENCIL 02 WARM BROWN,4973167817261,KNB81726,,,,,,,,,,,KNB000000409,SENSAI STYLING EYEBROW PENCIL 02 WARM BROWN 0.2 GR
SENSAI,SENSAI STYLING EYEBROW PENCIL 03 TAUPE BROWN,4973167817278,KNB81727,,,,,,,,,,,KNB000000410,SENSAI STYLING EYEBROW PENCIL 03 TAUPE BROWN 0.2 GR
SENSAI,SENSAI STYLING EYEBROW PENCIL (REFILL) 01 DARK BROWN,4973167817285,KNB81728,,,,,,,,,,,KNB000000411,SENSAI STYLING EYEBROW PENCIL (REFILL) 01 DARK BROWN 0.2 GR
SENSAI,SENSAI STYLING EYEBROW PENCIL (REFILL) 02 WARM BROWN,4973167817292,KNB81729,,,,,,,,,,,KNB000000412,SENSAI STYLING EYEBROW PENCIL (REFILL) 02 WARM BROWN 0.2 GR
SENSAI,SENSAI STYLING EYEBROW PENCIL (REFILL) 03 TAUPE BROWN,4973167817308,KNB81730,,,,,,,,,,,KNB000000413,SENSAI STYLING EYEBROW PENCIL (REFILL) 03 TAUPE BROWN 0.2 GR
SENSAI,KABİN ÜRÜNLERİ,,,,,,,,,,,,,,
SENSAI,SENSAI TREATMENT GLOVES (FPU),7640134398104,KNB128364,,,,,,,,,,,KNB000000672,SENSAI TREATMENT GLOVES (FPU)
SENSAI,SENSAI CP WRINKLE REPAIR CREAM (FPU),4973167207543,KNB20754,,,,,,,,,,,KNB000000476,SENSAI CP WRINKLE REPAIR CREAM (FPU)
SENSAI,SENSAI CP EXTRA INTENSIVE EYE CREAM (FPU),4973167207574,KNB20757,,,,,,,,,,,KNB000000479,SENSAI CP EXTRA INTENSIVE EYE CREAM (FPU)
SENSAI,S ULTIMATE THE EYE CREAM (FPU),7640319512752,KNB242293,,,,,,,,,,,KNB000000673,S ULTIMATE THE EYE CREAM (FPU)
SENSAI,S AS MICRO ESSENCE-IN-LOTION (FPU),7640319512738,KNB242307,,,,,,,,,,,KNB000000674,S AS MICRO ESSENCE-IN-LOTION (FPU)
SENSAI,SENSAI CP WRINKLE REPAIR ESSENCE (FPU),,KNB27689,,,,,,,,,,,KNB000000485,SENSAI CP WRINKLE REPAIR ESSENCE (FPU)
SENSAI,SENSAI THE SILK SHOWER CREAM (FPU),4973167283721,KNB28372,,,,,,,,,,,KNB000000675,SENSAI THE SILK SHOWER CREAM (FPU)
SENSAI,SENSAI PRIME SOLUTION (FPU),7640134390238,KNB311684,,,,,,,,,,,KNB000000676,SENSAI PRIME SOLUTION (FPU)
SENSAI,SENSAI SILKY PURIFYING CLEAR GEL WASH (FPU),7640134390290,KNB311691,,,,,,,,,,,KNB000000560,SENSAI SILKY PURIFYING CLEAR GEL WASH (FPU)
SENSAI,S ABSOLUTE SILK ILLUMINATIVE CREAM (FPU),7640134395554,KNB448370,,,,,,,,,,,KNB000000677,S ABSOLUTE SILK ILLUMINATIVE CREAM (FPU)
SENSAI,SENSAI CP EMULSION III (FPU),4973167907078,KNB90707,,,,,,,,,,,KNB000000492,SENSAI CP EMULSION III (FPU)
SENSAI,SENSAI CP CREAM (FPU),4973167907085,KNB90708,,,,,,,,,,,KNB000000493,SENSAI CP CREAM (FPU)
SENSAI,SALON ULTIMATE THE CONCENTRATE,4973167907511,KNB90751,,,,,,,,,,,KNB000000562,SFPU ULTIMATE THE CONCENTRATE (Salon Use)
SENSAI,SENSAI SILKY PURIFYING CLEANSING MILK (FPU),4973167907665,KNB90766,,,,,,,,,,,KNB000000499,SENSAI SILKY PURIFYING CLEANSING MILK (FPU)
SENSAI,CP EXTRA INTENSIVE CREAM 40 ML SS15 KABİN,,KNB91084,,,,,,,,,,,KNB000000506,SENSAI CP EXTRA INTENSIVE CREAM 40 ML SS15 KABİN
SENSAI,CP EXTRA INTENSIVE ESSENCE 40 ML SS15 KABİN,,KNB91085,,,,,,,,,,,KNB000000507,SENSAI CP EXTRA INTENSIVE ESSENCE 40 ML SS15 KABİN
SENSAI,SENSAI CP EMULSION I (FPU),4973167930397,KNB93039,,,,,,,,,,,KNB000000516,SENSAI CP EMULSION I (FPU)
SENSAI,SENSAI LIFT FOCUS ESSENCE (FPU),7640134398081,KNB128361,,,,,,,,,,,"0,00",0
SENSAI,SENSAI CP INTENSIVE HAND TREATMENT (FPU),7640134398098,KNB128362,,,,,,,,,,,"0,00",0
SENSAI,SENSAI AS CLEANSING MILK (FPU),7640134398111,KNB128368,,,,,,,,,,,KNB000000629,SENSAI ABSOLUTE SILK CLEANSING MILK (FPU)
SENSAI,SENSAI AS MICRO MOUSSE WASH (FPU),7640134398128,KNB128372,,,,,,,,,,,KNB000000630,SENSAI ABSOLUTE SILK MICRO MOUSSE WASH (FPU)
SENSAI,SENSAI ULTIMATE THE CONCENTRATE N (FPU),7640319519362,KNB172099,,,,,,,,,,,"0,00",0
SENSAI,SENSAI TOTAL FORM EXPERT CREAM (FPU),7640319519348,KNB172102,,,,,,,,,,,"0,00",0
SENSAI,SE CP EI LOTION (FPU),7630967902036,KNB181901,,,,,,,,,,,"0,00",0
SENSAI,SE SP CLEANSING GEL WATER (FPU),7630967902043,KNB181919,,,,,,,,,,,"0,00",0
SENSAI,SE SP CREAMY SOAP N (FPU),7630967902050,KNB181927,,,,,,,,,,,"0,00",0
SENSAI,SENSAI ULTIMATE THE LOTION II (FPU),7640319510543,KNB206868,,,,,,,,,,,"0,00",0
SENSAI,SENSAI ULTIMATE THE EMULSION N (FPU),7640319510550,KNB206869,,,,,,,,,,,"0,00",0
SENSAI,SENSAI ULTIMATE THE CREAM N (FPU),7640319510567,KNB206870,,,,,,,,,,,"0,00",0
SENSAI,SCP BODY FIRMING EMULSION (FPU,4973167207529,KNB20752,,,,,,,,,,,"0,00",0
SENSAI,S ULTIMATE THE MASK (FPU),7640319512646,KNB223701,,,,,,,,,,,"0,00",0
SENSAI,SCP LIFTING RADIANCE CREAM (FPU)N,4973167235188,KNB23518,,,,,,,,,,,"0,00",0
SENSAI,SENSAI THE SILK BODY EMULSION (FPU)N,4973167235287,KNB23528,,,,,,,,,,,"0,00",0
SENSAI,SCP EX 10 MINUTE REVITALISING PADS(FPU),4973167292914,KNB29291,,,,,,,,,,,"0,00",0
SENSAI,SENSAI ABSOLUTE SILK CREAM (FPU),7640134390245,KNB311685,,,,,,,,,,,"0,00",0
SENSAI,SENSAI ABSOLUTE SILK FLUID (FPU),7640134390252,KNB311686,,,,,,,,,,,"0,00",0
SENSAI,SENSAI ULTIMATE THE CLEANSING OIL (FPU),7640134390269,KNB311687,,,,,,,,,,,"0,00",0
SENSAI,SENSAI ULTIMATE THE CREAMY SOAP (FPU),7640134390276,KNB311688,,,,,,,,,,,"0,00",0
SENSAI,SENSAI TOTAL LIP TREATMENT (FPU),7640134390283,KNB311689,,,,,,,,,,,KNB000000486,SENSAI TOTAL LIP TREATMENT (FPU)
SENSAI,SENSAI CP LIFT REMODELLING EYECREAM(FPU),4973167903810,KNB90381,,,,,,,,,,,"0,00",0
SENSAI,DELİST,,,,,,,,,,,,,,
SENSAI,SILKY BRONZE CELLULAR PROTECTIVE CREAM FOR BODY SP,4973167699577,KNB69957,,,,,,,,,,,KNB000000158,SSB CELLULAR PROTECTIVE CREAM FOR BODY SPF50 150 ML
SENSAI,SENSAI SILKY PURIFYING SILK PEELING MASK,4973167904602,KNB90460,,,,,,,,,,,KNB000000014,SENSAI SILKY PURIFYING SILK PEELING MASK 90 ML
SENSAI,SENSAI ABSOLUTE SILK MICRO MOUSSE TREATMENT,4973167323618,KNB32361,,,,,,,,,,,KNB000000102,ABSOLUTE SILK MICRO MOUSSE TREATMENT  90 ML
SENSAI,SENSAI PRIME SOLUTION,4973167960288,KNB96028,,,,,,,,,,,KNB000000101,PRIME SOLUTION  75 ML
SENSAI,SENSAI ULTIMATE THE MASK REFILL,4973167522233,KNB52223,,,,,,,,,,,KNB000000641,SENSAI ULTIMATE THE MASK REFILL
SENSAI,SENSAI ESSENCE DAY VEIL (REFILL),4973167947708,KNB94770,,,,,,,,,,,KNB000000107,SENSAI ESSENCE DAY VEIL (REFILL) 40 ML
SENSAI,SENSAI CP LIFTING ESSENCE,4973167186978,KNB18697,,,,,,,,,,,,
SENSAI,SCP RE-CONTOURING LIFT ESSENCE AW2013,4973167909225,KNB90922,,,,,,,,,,,,
SENSAI,SENSAI FOUNDATION SPONGE,4973167257722,KNB25772,,,,,,,,,,,KNB000000251,SENSAI FOUNDATION SPONGE 
SENSAI,CP FOUNDATION SPONGE AW14,4973167930267,KNB93026,,,,,,,,,,,KNB000000217,CELLULAR PERFORMANCE FOUNDATION SPONGE 
SENSAI,SENSAI ROUGE INTENSE 3.6 g,4973167960578,KNB96057,,,,,,,,,,,KNB000000302,ROUGE INTENSE LASTING COLOUR IL101 3.6 GR
SENSAI,SENSAI ROUGE INTENSE 3.6 g,4973167960585,KNB96058,,,,,,,,,,,KNB000000303,ROUGE INTENSE LASTING COLOUR IL102 3.6 GR
SENSAI,SENSAI ROUGE INTENSE 3.6 g,4973167960660,KNB96066,,,,,,,,,,,KNB000000311,ROUGE INTENSE LASTING COLOUR IL110 3.6 GR
SENSAI,SENSAI CONTOURING LIPSTICK (REFILL) CL01,4973167852736,KNB85273,,,,,,,,,,,KNB000000547,CONTOURING LIPSTICK (REFILL) CL01
SENSAI,SENSAI CONTOURING LIPSTICK (REFILL) CL02,4973167852743,KNB85274,,,,,,,,,,,KNB000000548,CONTOURING LIPSTICK (REFILL) CL02
SENSAI,SENSAI CONTOURING LIPSTICK (REFILL) CL03,4973167852750,KNB85275,,,,,,,,,,,KNB000000549,CONTOURING LIPSTICK (REFILL) CL03
SENSAI,SENSAI CONTOURING LIPSTICK (REFILL) CL04,4973167852767,KNB85276,,,,,,,,,,,KNB000000550,CONTOURING LIPSTICK (REFILL) CL04
SENSAI,SENSAI CONTOURING LIPSTICK (REFILL) CL05,4973167852774,KNB85277,,,,,,,,,,,KNB000000551,CONTOURING LIPSTICK (REFILL) CL05
SENSAI,SENSAI CONTOURING LIPSTICK (REFILL) CL06,4973167852781,KNB85278,,,,,,,,,,,KNB000000552,CONTOURING LIPSTICK (REFILL) CL06
SENSAI,SENSAI CONTOURING LIPSTICK (REFILL) CL07,4973167852798,KNB85279,,,,,,,,,,,KNB000000553,CONTOURING LIPSTICK (REFILL) CL07
SENSAI,SENSAI CONTOURING LIPSTICK (REFILL) CL08,4973167852804,KNB85280,,,,,,,,,,,KNB000000554,CONTOURING LIPSTICK (REFILL) CL08
SENSAI,SENSAI CONTOURING LIPSTICK (REFILL) CL09,4973167852811,KNB85281,,,,,,,,,,,KNB000000555,CONTOURING LIPSTICK (REFILL) CL09
SENSAI,SENSAI CONTOURING LIPSTICK (REFILL) CL10,4973167852828,KNB85282,,,,,,,,,,,KNB000000556,CONTOURING LIPSTICK (REFILL) CL10
SENSAI,SENSAI CONTOURING LIPSTICK (REFILL) CL11,4973167852835,KNB85283,,,,,,,,,,,KNB000000557,CONTOURING LIPSTICK (REFILL) CL11
SENSAI,SENSAI CONTOURING LIPSTICK HOLDER,4973167852859,KNB85285,,,,,,,,,,,KNB000000559,CONTOURING LIPSTICK HOLDER
SENSAI,SENSAI CP EYE CONTOUR BALM (FPU),4973167207475,KNB20747,,,,,,,,,,,KNB000000471,SENSAI CP EYE CONTOUR BALM (FPU)
SENSAI,SENSAI CP EYE CONTOUR CREAM (FPU),4973167207482,KNB20748,,,,,,,,,,,KNB000000472,SENSAI CP EYE CONTOUR CREAM (FPU)
SENSAI,SENSAI CP TOTAL LIP TREATMENT (FPU),4973167207499,KNB20749,,,,,,,,,,,KNB000000473,SENSAI CP TOTAL LIP TREATMENT (FPU)
SENSAI,SENSAI CP THROAT AND BUST LIFTING EFFECT (FPU),4973167207512,KNB20751,,,,,,,,,,,KNB000000474,SENSAI CP THROAT AND BUST LIFTING EFFECT (FPU)
SENSAI,SENSAI CP INTENSIVE HAND TREATMENT (FPU),4973167207536,KNB20753,,,,,,,,,,,KNB000000475,SENSAI CP INTENSIVE HAND TREATMENT (FPU)
SENSAI,SENSAI CP WRINKLE REPAIR EYE CREAM(FPU,4973167207550,KNB20755,,,,,,,,,,,KNB000000477,SENSAI CP WRINKLE REPAIR EYE CREAM(FPU
SENSAI,SCP EXTRA INTENSIVE MASK (FPU),4973167207567,KNB20756,,,,,,,,,,,KNB000000478,SENSAI CP EXTRA INTENSIVE MASK (FPU)
SENSAI,SENSAI CP LIFTING RADIANCE CONCENTRATE (FPU),4973167235195,KNB23519,,,,,,,,,,,KNB000000480,SENSAI CP LIFTING RADIANCE CONCENTRATE (FPU)
SENSAI,SENSAI CP LIFTING EYE CREAM (FPU),4973167235225,KNB23522,,,,,,,,,,,KNB000000481,SENSAI CP LIFTING EYE CREAM (FPU)
SENSAI,SENSAI CP LIFTING ESSENCE (FPU),4973167235256,KNB23525,,,,,,,,,,,KNB000000482,SENSAI CP LIFTING ESSENCE (FPU)
SENSAI,SENSAI CP LIFTING CREAM (FPU),4973167235263,KNB23526,,,,,,,,,,,KNB000000483,SENSAI CP LIFTING CREAM (FPU)
SENSAI,Salon Use Body Powder  REFILL,,KNB25177,,,,,,,,,,,KNB000000610,SALON USE BODY POWDER  REFILL
SENSAI,SENSAI SPONGE CHIEF (FPU) NEW VERSION,4973167257319,KNB25731,,,,,,,,,,,KNB000000484,SENSAI SPONGE CHIEF (FPU) NEW VERSION
SENSAI,ABSOLUTE SILK MICRO MOUSSE TREATMENT (FPU),4973167324196,KNB32419,,,,,,,,,,,KNB000000487,ABSOLUTE SILK MICRO MOUSSE TREATMENT (FPU)
SENSAI,SCP LOTION I (FPU),,KNB90544,,,,,,,,,,,KNB000000488,SENSAI CP LOTION I (FPU)
SENSAI,SCP LOTION II (FPU),,KNB90705,,,,,,,,,,,KNB000000490,SENSAI CP LOTION II (FPU)
SENSAI,SENSAI CP EMULSION II (FPU),4973167907061,KNB90706,,,,,,,,,,,KNB000000491,SENSAI CP EMULSION II (FPU)
SENSAI,SENSAI SILKY PURIFYING CLEANSING OIL (FPU),4973167907092,KNB90709,,,,,,,,,,,KNB000000494,SENSAI SILKY PURIFYING CLEANSING OIL (FPU)
SENSAI,SENSAI SILKY PURIFYING CLEANSING GEL (FPU),4973167907108,KNB90710,,,,,,,,,,,KNB000000495,SENSAI SILKY PURIFYING CLEANSING GEL (FPU)
SENSAI,SALON CP LIFT REMOD. CREAM,4973167907207,KNB90720,,,,,,,,,,,KNB000000496,SENSAI CP LIFT REMOD. CREAM - SALON
SENSAI,SALON SCP DEEP LIFT FILLER ,4973167907498,KNB90749,,,,,,,,,,,KNB000000567,SFPU CP DEEP LIFT FILLER (Salon Use)
SENSAI,SALON CP RE-CONTOURING ESSENCE,4973167907504,KNB90750,,,,,,,,,,,KNB000000497,SENSAI CP RE-CONTOURING ESSENCE - SALON
SENSAI,SILKY PURIFYING CLEANSING CREAM (FPU),4973167907658,KNB90765,,,,,,,,,,,KNB000000498,SENSAI SILKY PURIFYING CLEANSING CREAM (FPU)
SENSAI,SANSAI SILKY PURIFYING CLEANSING BALM (FPU),4973167907672,KNB90767,,,,,,,,,,,KNB000000500,SANSAI SILKY PURIFYING CLEANSING BALM (FPU)
SENSAI,GENTLE MAKE-UP REMOVER EYE AND LIP (FPU),,KNB90768,,,,,,,,,,,KNB000000501,GENTLE MAKE-UP REMOVER EYE AND LIP (FPU)
SENSAI,SENSAI SILKY PURIFYING MUD SOAP(WASH & MASK) (FPU),4973167907696,KNB90769,,,,,,,,,,,KNB000000502,SENSAI SILKY PURIFYING MUD SOAP(WASH & MASK) (FPU)
SENSAI,SENSAI SILKY PURIFYING MILKY SOAP (FPU),4973167907702,KNB90770,,,,,,,,,,,KNB000000503,SENSAI SILKY PURIFYING MILKY SOAP (FPU)
SENSAI,SENSAI CP MASK (FPU) SS15,4973167910825,KNB91082,,,,,,,,,,,KNB000000504,SENSAI CP MASK (FPU) SS15
SENSAI,SENSAI CP ESSENCE (FPU) SS15,4973167910832,KNB91083,,,,,,,,,,,KNB000000505,SENSAI CP ESSENCE (FPU) SS15
SENSAI,SALON SILKY BODY PEELING 240 ML,4973167913741,KNB91374,,,,,,,,,,,KNB000000596,SFPU SILKY BODY PEELING (Salon Original)
SENSAI,SALON WRINKLE CARE MASK,4973167913772,KNB91377,,,,,,,,,,,KNB000000508,SENSAI WRINKLE CARE MASK - SALON
SENSAI,SALON ULTIMATE THE EMULSION 100 ML,4973167915103,KNB91510,,,,,,,,,,,KNB000000563,SFPU ULTIMATE THE EMULSION (Salon Use)
SENSAI,SALON ULTIMATE THE CREAM 40 ML,4973167915240,KNB91524,,,,,,,,,,,KNB000000564,SFPU ULTIMATE THE CREAM (Salon Use)
SENSAI,SALON ULTIMATE THE LOTION,4973167915264,KNB91526,,,,,,,,,,,KNB000000565,SFPU ULTIMATE THE LOTION (Salon Use)
SENSAI,SALON FOAMING FACIAL WASH 150 ML,4973167915288,KNB91528,,,,,,,,,,,,
SENSAI,SALON CLEANSING BALM 125 ML,4973167915349,KNB91534,,,,,,,,,,,,
SENSAI,SALON BODY MASSAGE OIL,4973167915363,KNB91536,,,,,,,,,,,KNB000000509,SENSAI BODY MASSAGE OIL - SALON
SENSAI,SALON ULTIMATE THE EYE CREAM ,4973167916025,KNB91602,,,,,,,,,,,KNB000000566,SFPU ULTIMATE THE EYE CREAM (Salon Use)
SENSAI,SALON SCP LIFTING RAD. 3D MASK ,4973167928189,KNB92818,,,,,,,,,,,KNB000000575,SFPU CP LIFTING RADIANCE 3D MASK (Salon Use)
SENSAI,SENSAI SILKY PURIFYING MILKY SOAP (FPU),4973167930359,KNB93035,,,,,,,,,,,KNB000000512,SENSAI SILKY PURIFYING MILKY SOAP (FPU)
SENSAI,SENSAI SILKY PURIFYING FOAMING FACIAL WASH(FPU),4973167930366,KNB93036,,,,,,,,,,,KNB000000513,SENSAI SILKY PURIFYING FOAMING FACIAL WASH(FPU)
SENSAI,PEELING POWDER(FPU),,KNB93037,,,,,,,,,,,KNB000000514,PEELING POWDER(FPU)
SENSAI,SILKY PURIFYING SILK PEELING MASK (FPU),4973167930380,KNB93038,,,,,,,,,,,KNB000000515,SILKY PURIFYING SILK PEELING MASK (FPU)
SENSAI,SALON USE BODY POWDER,4973167960189,KNB96018,,,,,,,,,,,KNB000000569,SFPU BODY POWDER (Salon Original)
SENSAI,SALON USE SCP WR COLLAGENERGY,4973167960257,KNB96025,,,,,,,,,,,KNB000000517,SALON USE SCP WR COLLAGENERGY
SENSAI,SALON USE SILK PEELING MASK,4973167960264,KNB96026,,,,,,,,,,,,
SENSAI,SALON USE SCP BODY CONTOUR,4973167960271,KNB96027,,,,,,,,,,,KNB000000582,SFPU CP BODY CONTOUR CONCENTRATE (Salon Use)
SENSAI,SALON PRIME SOLUTION,4973167960349,KNB96034,,,,,,,,,,,KNB000000518,SALON PRIME SOLUTION
SENSAI,SALON SSP CLEANSING OIL CLEANSING OIL 400 ML,4973167961902,KNB96190,,,,,,,,,,,,
SENSAI,SALON SSP GEL WITH SCRUB CLEANSING GEL 240 ML,4973167961919,KNB96191,,,,,,,,,,,,
SENSAI,SALON SSP CLEANSING CREAM 240 ML,4973167961926,KNB96192,,,,,,,,,,,,
SENSAI,SALON SSP CLEANSING MILK 400 ML,4973167961933,KNB96193,,,,,,,,,,,,
SENSAI,SALON SSP MUD SOAP 240 ML,4973167961940,KNB96194,,,,,,,,,,,,
SENSAI,SALON SSP CREAMY SOAP 240 ML,4973167961957,KNB96195,,,,,,,,,,,,
SENSAI,SALON SSP MILKY SOAP 250 ML,4973167961964,KNB96196,,,,,,,,,,,,
SENSAI,SALON SCP THROAT AND BUST LIFTING EFFECT ,,KNB96214,,,,,,,,,,,KNB000000580,SALON SCP THROAT AND BUST LIFTING EFFECT 
SENSAI,SALON SCP BODY FIRMING EMULSION ,,KNB96215,,,,,,,,,,,KNB000000519,SALON SCP BODY FIRMING EMULSION 
SENSAI,SALON MAKE-UP REMOVER EYE AND LIP,4973167966594,KNB96659,,,,,,,,,,,,
SENSAI,SALON SCP LOTION I LIGHT 300 ML,4973167966822,KNB96682,,,,,,,,,,,KNB000000583,SFPU CP LOTION I (LIGHT) (Salon Size)
SENSAI,SALON SCP LOTION II MOIST 300 ML,4973167966839,KNB96683,,,,,,,,,,,KNB000000584,SFPU CP LOTION II (MOIST) (Salon Size)
SENSAI,SALON SCP EMULSION LIGHT 300 ML,4973167966846,KNB96684,,,,,,,,,,,KNB000000585,SFPU CP EMULSION I (LIGHT) (Salon Size)
SENSAI,SALON SCP EMULSION II MOIST 300 ML,4973167966853,KNB96685,,,,,,,,,,,KNB000000586,SFPU CP EMULSION II (MOIST) (Salon Size)
SENSAI,SALON SCP EMULSION III 300 ML,4973167966860,KNB96686,,,,,,,,,,,KNB000000587,SFPU CP EMULSION III (SUPER MOIST) (Salon Size)
SENSAI,SALON SCP ESSENCE 120 ML,4973167966877,KNB96687,,,,,,,,,,,KNB000000589,SFPU CP ESSENCE (Salon Size)
SENSAI,SALON SCP CREAM 120 ML,4973167966884,KNB96688,,,,,,,,,,,KNB000000588,SFPU CP CREAM (Salon Size)
SENSAI,SALON SCP HAND TREATMENT 240 ML,4973167966891,KNB96689,,,,,,,,,,,KNB000000581,SFPU CP INTENSIVE HAND TREATMENT (Salon Size)
SENSAI,SALON SCP MASK 500 ML,4973167966914,KNB96691,,,,,,,,,,,KNB000000590,SFPU CP MASK (Salon Size)
SENSAI,SALON SCP LIFTING CREAM 120 ML,4973167966921,KNB96692,,,,,,,,,,,KNB000000572,SFPU CP LIFTING CREAM (Salon Size)
SENSAI,SALON SCP LIFTING ESSENCE 120 ML,4973167966938,KNB96693,,,,,,,,,,,KNB000000573,SFPU CP LIFTING ESSENCE (Salon Size)
SENSAI,(SALON )Instant Form,4973167967232,KNB96723,,,,,,,,,,,KNB000000599,(SALON )INSTANT FORM
SENSAI,"(SALON )""Relaxing"" Body Emulsion",4973167967263,KNB96726,,,,,,,,,,,KNB000000602,"(SALON )""RELAXING"" BODY EMULSION"
SENSAI,(SALON )FIRMING MASK,4973167967287,KNB96728,,,,,,,,,,,KNB000000523,FIRMING MASK (SALON)
SENSAI,Salon Use Firming Paper,4973167967294,KNB96729,,,,,,,,,,,KNB000000568,SFPU FIRMING PAPER (Salon Original)
SENSAI,Salon Use Luminising Mask,4973167967300,KNB96730,,,,,,,,,,,KNB000000597,SFPU LUMINISING MASK (Salon Original)
SENSAI, Salon Use Clear Gelmask,4973167967324,KNB96732,,,,,,,,,,,KNB000000524,SALON USE CLEAR GEL MASK
SENSAI,Salon Use Body Massage Oil (Moisture),4973167967348,KNB96734,,,,,,,,,,,KNB000000605,SALON USE BODY MASSAGE OIL (MOISTURE)
SENSAI,Salon Use Body Massage Oil (Slimming),4973167967362,KNB96736,,,,,,,,,,,KNB000000526,SALON USE BODY MASSAGE OIL (SLIMMING)
SENSAI,Salon Use Pre- Massage Gel,4973167967379,KNB96737,,,,,,,,,,,KNB000000606,SALON USE PRE- MASSAGE GEL
SENSAI,SALON USE MASSAGE CREAM 500 ML,4973167967393,KNB96739,,,,,,,,,,,KNB000000527,SALON USE MASSAGE CREAM 500 ML
SENSAI,CABIN SSP PEELING POWDER ,4973167971857,KNB97185,,,,,,,,,,,,
SENSAI,CABIN SCP EYE CONTOUR BALM,4973167971932,KNB97193,,,,,,,,,,,KNB000000591,SFPU CP EYE CONTOUR BALM (Salon Use)
SENSAI,CABIN SCP EYE CONTOUR CREAM,4973167971949,KNB97194,,,,,,,,,,,KNB000000592,SFPU CP EYE CONTOUR CREAM (Salon Use)
SENSAI,CABIN SCP TOTAL LIP TREATMENT,4973167971956,KNB97195,,,,,,,,,,,KNB000000593,SFPU CP TOTAL LIP TREATMENT (Salon Use)
SENSAI,CABIN SCP TREATMENT GLOVES,4973167971963,KNB97196,,,,,,,,,,,KNB000000561,SFPU CP TREATMENT GLOVES (Salon Use)
SENSAI,CABIN SCP HYDRACHANGE CREAM,4973167971987,KNB97198,,,,,,,,,,,KNB000000529,SENSAI CP HYDRACHANGE CREAM - CABIN
SENSAI,CABIN SCP HYDRACHANGE ESSENCE,4973167971994,KNB97199,,,,,,,,,,,KNB000000530,SENSAI CP HYDRACHANGE ESSENCE - CABIN
SENSAI,CABIN SCP HYDRACHANGE EYE ESSENCE,4973167972779,KNB97277,,,,,,,,,,,KNB000000531,SENSAI CP HYDRACHANGE EYE ESSENCE - CABIN
SENSAI,CABIN HYDRACHANGE MASK,4973167972786,KNB97278,,,,,,,,,,,KNB000000532,HYDRACHANGE MASK - CABIN
SENSAI,CABIN SCP  HYDRACHANGE MIST,4973167972793,KNB97279,,,,,,,,,,,KNB000000579,SFPU CP HYDRACHANGE MIST (Salon Use)
SENSAI,CABIN SPONGE CHEIF,4973167972809,KNB97280,,,,,,,,,,,KNB000000570,SFPU SPONGE CHIEF (Salon Use)
SENSAI,CABIN SCP RECOVERY CONCENTRATE,4973167972816,KNB97281,,,,,,,,,,,KNB000000594,SFPU CP RECOVERY CONCENTRATE (Salon Use)
SENSAI,CABIN SCP RC CREAM,4973167972823,KNB97282,,,,,,,,,,,KNB000000595,SFPU CP RECOVERY CONCENTRATE CREAM (Salon Use)
SENSAI,CABIN SCP RC FOR EYES,4973167972830,KNB97283,,,,,,,,,,,KNB000000578,SFPU CP RECOVERY CONCENTRATE FOR EYES (Salon Use) 
SENSAI,CABIN SCP WR CREAM WRINKLE REPAIR,4973167972854,KNB97285,,,,,,,,,,,KNB000000576,SFPU CP WRINKLE REPAIR CREAM (Salon Use)
SENSAI,CABIN SCP WR ESSENCE WRINKLE REPAIR,4973167972861,KNB97286,,,,,,,,,,,,
SENSAI,CABIN SCP WR EYE CREAM WRINKLE REPAIR,4973167972878,KNB97287,,,,,,,,,,,KNB000000577,SFPU CP WRINKLE REPAIR EYE CREAM (Salon Use) 
SENSAI,CABIN SCP LIFTING EYE CREAM,4973167972885,KNB97288,,,,,,,,,,,KNB000000571,SFPU CP LIFTING EYE CREAM (Salon Use)
SENSAI,CABIN SCP LIFTING RADIANCE CONCENTRATE,4973167972892,KNB97289,,,,,,,,,,,KNB000000574,SFPU CP LIFTING RADIANCE CONCENTRATE (Salon Use)
SENSAI,SP CREAMY SOAP AW14,4973167903728,KNB90372,,,,,,,,,,,KNB000000009,SENSAI SILKY PURIFYING CREAMY SOAP 125 ML
SISLEY,CİLT BAKIMI,,,,,,,,,,,,,,
SISLEY,MAKE-UP REMOVERS CLEANSERS,,,,,,,,,,,,,,
SISLEY,FLORAL TONING LOTION,3473311032003,SLY103200,,,,,,,,,,, SSL0000000001, FLORAL TONING LOTION
SISLEY,FLORAL SPRAY MIST ,3473311061058,SLY106105,,,,,,,,,,, SSL0000000003, FLORAL SPRAY MIST 
SISLEY,EAU EFFICACE GENTLE MAKE-UP REMOVER,3473311082008,SLY108200,,,,,,,,,,, SSL0000000004, EAU EFFICACE GENTLE MAKE-UP REMOVER
SISLEY,EYE AND LIP MAKE-UP REMOVER,3473311083005,SLY108300,,,,,,,,,,, SSL0000000005, EYE AND LIP MAKE-UP REMOVER
SISLEY,MAKEUP REMOVER BALM,3473311083111,SLY108311,,,,,,,,,,, SSL0000000006, MAKEUP REMOVER BALM
SISLEY,LYSLAIT CLEANSING MILK WITH WHITE LILY,3473311130006,SLY113000,,,,,,,,,,, SSL0000000007, LYSLAIT CLEANSING MILK WITH WHITE LILY
SISLEY,GENTLE FACIAL BUFFING CREAM - JAR,3473311238009,SLY123800,,,,,,,,,,, SSL0000000008, GENTLE FACIAL BUFFING CREAM - JAR
SISLEY,BUFF AND WASH FACIAL GEL,3473311524003,SLY152400,,,,,,,,,,, SSL0000000009, BUFF AND WASH FACIAL GEL
SISLEY,RADIANCE FOAMING CREAM,3473311525109,SLY152510,,,,,,,,,,, SSL0000000010, RADIANCE FOAMING CREAM
SISLEY,MASKS,,,,,,,,,,,,,,
SISLEY,VELVET SLEEPING MASK 60ML,3473311269102,SLY126910,,,,,,,,,,, SSL0000000012, VELVET SLEEPING MASK 60ML
SISLEY,BLACK ROSE CREAM MASK,3473311400000,SLY140000,,,,,,,,,,, SSL0000000013, BLACK ROSE CREAM MASK
SISLEY,DEEPLY PURIFYING MASK WITH TROPICAL RESINS,3473311415653,SLY141565,,,,,,,,,,, SSL0000000015, DEEPLY PURIFYING MASK WITH TROPICAL RESINS
SISLEY,EXPRESS FLOWER GEL,3473311420008,SLY142000,,,,,,,,,,, SSL0000000016, EXPRESS FLOWER GEL
SISLEY,EYE CONTOUR MASK - TUBE,3473311421005,SLY142100,,,,,,,,,,, SSL0000000017, EYE CONTOUR MASK - TUBE
SISLEY,EXFOLIATING ENZYME MASK,3473311524355,SLY152435,,,,,,,,,,, SSL0000000019, EXFOLIATING ENZYME MASK
SISLEY,FACE CARE,,,,,,,,,,,,,,
SISLEY,BALANCING / HYDRATING / NOURISHING,,,,,,,,,,,,,,
SISLEY,ECOLOGICAL COMPOUND ADVANCED FORMULA (GLASS BOTTLE + PUMP),3473311142009,SLY114200,,,,,,,,,,, SSL0000000022, ECOLOGICAL COMPOUND ADVANCED FORMULA (GLASS BOTTLE + PUMP)
SISLEY,RESTORATIVE FACIAL CREAM - JAR,3473311218001,SLY121800,,,,,,,,,,, SSL0000000023, RESTORATIVE FACIAL CREAM - JAR
SISLEY,HYDRA-GLOBAL (PUMP ACTION BOTTLE),3473311266002,SLY126600,,,,,,,,,,, SSL0000000024, HYDRA-GLOBAL (PUMP ACTION BOTTLE)
SISLEY,HYDRA-GLOBAL SERUM (30ML PUMP ACTION BOTTLE),3473311266507,SLY126650,,,,,,,,,,, SSL0000000025, HYDRA-GLOBAL SERUM (30ML PUMP ACTION BOTTLE)
SISLEY,MOISTURIZER WITH CUCUMBER - JAR,3473311268006,SLY126800,,,,,,,,,,, SSL0000000026, MOISTURIZER WITH CUCUMBER - JAR
SISLEY,VELVET NOURISHING CREAM WITH SAFFRON FLOWERS,3473311269003,SLY126900,,,,,,,,,,, SSL0000000027, VELVET NOURISHING CREAM WITH SAFFRON FLOWERS
SISLEY,BLACK ROSE PRECIOUS FACE OIL (GLASS BOTTLE),3473311320001,SLY132000,,,,,,,,,,, SSL0000000028, BLACK ROSE PRECIOUS FACE OIL (GLASS BOTTLE)
SISLEY,BLACK ROSE CONCENTRATE 30ml,3473311320803,SLY132080,,,,,,,,,,,,
SISLEY,BLACK ROSE SKIN INFUSION CREAM (JAR),3473311320506,SLY132050,,,,,,,,,,, SSL0000000029, BLACK ROSE SKIN INFUSION CREAM (JAR)
SISLEY,BLACK ROSE EYE CONTOUR FLUID,3473311320605,SLY132060,,,,,,,,,,, SSL0000000030, BLACK ROSE EYE CONTOUR FLUID
SISLEY,EYE AND LIP CONTOUR BALM (JAR),3473311516008,SLY151600,,,,,,,,,,, SSL0000000031, EYE AND LIP CONTOUR BALM (JAR)
SISLEY,NUTRITIVE LIP BALM,3473311612007,SLY161200,,,,,,,,,,, SSL0000000032, NUTRITIVE LIP BALM
SISLEY,ULTIMATE ANTI-AGING,,,,,,,,,,,,,,
SISLEY,SISLEŸA L'INTEGRAL ANTI-AGE (JAR),3473311500502,SLY150050,,,,,,,,,,, SSL0000000034, SISLEŸA L'INTEGRAL ANTI-AGE (JAR)
SISLEY,SISLEYA CREME GEL FRAIS ,3473311501004,SLY150100,,,,,,,,,,, SSL0000000035, SISLEYA CREME GEL FRAIS 
SISLEY,SISLEŸA L'INTEGRAL ANTI-AGE EXTRA RICH (JAR),3473311502506,SLY150250,,,,,,,,,,, SSL0000000036, SISLEŸA L'INTEGRAL ANTI-AGE EXTRA RICH (JAR)
SISLEY,SISLEYA L'INTEGRAL AA ANTI-WRINKLE CONCENTRATED SERUM,3473311503107,SLY150310,,,,,,,,,,, SSL0000000037, SISLEYA L'INTEGRAL AA ANTI-WRINKLE CONCENTRATED SERUM
SISLEY,SISLEŸA L'INTEGRAL ANTI-AGE FIRMING CONCENTRATED SERUM,3473311504500,SLY150450,,,,,,,,,,, SSL0000000038, SISLEŸA L'INTEGRAL ANTI-AGE FIRMING CONCENTRATED SERUM
SISLEY,SISLEYA RADIANCE ANTI-DARK SPOT SERUM,3473311505101,SLY150510,,,,,,,,,,, SSL0000000039, SISLEYA RADIANCE ANTI-DARK SPOT SERUM
SISLEY,SISLEYA IAA LONGEVITY ESSENT.SERUM 30ml,3473311507006,SLY150700,,,,,,,,,,,,
SISLEY,SISLEYA ESSENTIAL SKIN CARE LOTION ,3473311506009,SLY150600,,,,,,,,,,, SSL0000000040, SISLEYA ESSENTIAL SKIN CARE LOTION 
SISLEY,SISLEYA L'INTEGRAL EYES LIPS 15ML - WITH MASSAGE TOOLS ,3473311510129,SLY151012,,,,,,,,,,, SSL0000000041, SISLEYA L'INTEGRAL EYES LIPS 15ML - WITH MASSAGE TOOLS 
SISLEY,SISLEYA LA CURE,3473311515209,SLY151520,,,,,,,,,,, SSL0000000042, SISLEYA LA CURE
SISLEY,SUPREMYA AT NIGHT AA EYE CREAM,3473311540805,SLY154080,,,,,,,,,,, SSL0000000043, SUPREMYA AT NIGHT AA EYE CREAM
SISLEY,SUPREMŸA LA NUIT LOTION SOIN,3473311540706,SLY154070,,,,,,,,,,, SSL0000000044, SUPREMŸA LA NUIT LOTION SOIN
SISLEY,SUPREMYA LA NUIT LE GD SOIN AA,3473311541000,SLY154100,,,,,,,,,,, SSL0000000045, SUPREMYA LA NUIT LE GD SOIN AA
SISLEY,SUPREMYA LA NUIT LE GRAND BAUME AA,3473311541604,SLY154160,,,,,,,,,,, SSL0000000046, SUPREMYA LA NUIT LE GRAND BAUME AA
SISLEY,ALL DAY ALL YEAR (PUMP ACTION BOTTLE),3473311623508,SLY162350,,,,,,,,,,, SSL0000000047, ALL DAY ALL YEAR (PUMP ACTION BOTTLE)
SISLEY,EXPERT ANTI-AGING,,,,,,,,,,,,,,
SISLEY,NIGHT CREAM WITH COLLAGEN AND WOODMALLOW (JAR),3473311228000,SLY122800,,,,,,,,,,, SSL0000000049, NIGHT CREAM WITH COLLAGEN AND WOODMALLOW (JAR)
SISLEY,NECK CREAM - ENRICHED FORMULA,3473311298102,SLY129810,,,,,,,,,,, SSL0000000050, NECK CREAM - ENRICHED FORMULA
SISLEY,SKIN PERFECTOR,,,,,,,,,,,,,,
SISLEY,DOUBLE TENSEUR INSTANT & LONG TERM,3473311601100,SLY160110,,,,,,,,,,, SSL0000000053, DOUBLE TENSEUR INSTANT & LONG TERM
SISLEY,SENSITIVE SKIN,,,,,,,,,,,,,,
SISLEY,PEAUX SENSIBLES SOINS APAISANTS,3473311270009,SLY127000,,,,,,,,,,, SSL0000000060, PEAUX SENSIBLES SOINS APAISANTS
SISLEY,SISLEYUM MEN CARE,,,,,,,,,,,,,,
SISLEY,SISLEYUM FOR MEN LOTION TONIC REVITALIZE 150 ml,3473311550408,SLY155040,,,,,,,,,,,,
SISLEY,SISLEYUM GEL-CREME MATIFIANT ANT-AGE 50 ml,3473311550507,SLY155050,,,,,,,,,,,,
SISLEY,SISLEYUM BAUME CONFORT ANTI-AGE 50 ml,3473311550606,SLY155060,,,,,,,,,,,,
SISLEY,SISLEYUM GEL NETTOYANT PURIFIANT 125ml,3473311550705,SLY155070,,,,,,,,,,,,
SISLEY,BODY CARE,,,,,,,,,,,,,,
SISLEY,BAUME VELOURS AUX FLEURS DE SAFRAN ,3473311269201,SLY126920,,,,,,,,,,, SSL0000000062, BAUME VELOURS AUX FLEURS DE SAFRAN 
SISLEY,EMULSION EXQUISE A LA ROSE NOIRE ,3473311320704,SLY132070,,,,,,,,,,, SSL0000000063, EMULSION EXQUISE A LA ROSE NOIRE 
SISLEY,SISLEYA L'INTEGRAL AA CONCENTRATED BODY FIRMING,3473311508102,SLY150810,,,,,,,,,,, SSL0000000064, SISLEYA L'INTEGRAL AA CONCENTRATED BODY FIRMING
SISLEY,SISLEYA L'INTEGRAL AA HAND ANTI-AGING CONCENTRATED SPF30 ,3473311514103,SLY151410,,,,,,,,,,, SSL0000000065, SISLEYA L'INTEGRAL AA HAND ANTI-AGING CONCENTRATED SPF30 
SISLEY,RESTORATIVE HAND CREAM (TUBE),3473311533210,SLY153321,,,,,,,,,,, SSL0000000066, RESTORATIVE HAND CREAM (TUBE)
SISLEY,ENERGIZING FOAMING EXFOLIANT (TUBE),3473311536020,SLY153602,,,,,,,,,,, SSL0000000067, ENERGIZING FOAMING EXFOLIANT (TUBE)
SISLEY,LE SCULPTEUR,3473311663306,SLY166330,,,,,,,,,,, SSL0000000068, LE SCULPTEUR
SISLEY,PHYTOBUSTE CRÈME,3473311650023,SLY165002,,,,,,,,,,,,
SISLEY,SUNCARE,,,,,,,,,,,,,,
SISLEY,SUN CARE  •  FACE CARE,,,,,,,,,,,,,,
SISLEY,TINTED SUN CARE GOLDEN SPF 30,3473311682222,SLY168222,,,,,,,,,,, SSL0000000072, TINTED SUN CARE GOLDEN SPF 30
SISLEY,SUP.SOIN SOL.FACIAL SUN CARE SPF50+ 40ML,3473311682123,SLY168212,,,,,,,,,,, SSL0000000073, SUP.SOIN SOL.FACIAL SUN CARE SPF50+ 40ML
SISLEY,SUNLEYA SOIN SOLAIRE ANTI-ÂGE SPF50+,3473311683663,SLY168366,,,,,,,,,,, SSL0000000074, SUNLEYA SOIN SOLAIRE ANTI-ÂGE SPF50+
SISLEY,SUNLEYA SOIN SOLAIRE ANTI-ÂGE SPF30,3473311683762,SLY168376,,,,,,,,,,, SSL0000000075, SUNLEYA SOIN SOLAIRE ANTI-ÂGE SPF30
SISLEY,SUN CARE  •  BODY CARE,,,,,,,,,,,,,,
SISLEY,SUPER SOIN SOLAIRE SILKY BODY CREAM SPF 30,3473311681058,SLY168105,,,,,,,,,,, SSL0000000077, SUPER SOIN SOLAIRE SILKY BODY CREAM SPF 30
SISLEY,PARFÜM,,,,,,,,,,,,,,
SISLEY,IZIA,,,,,,,,,,,,,,
SISLEY,EAU DE PARFUM IZIA 100 ML,3473311985002,SLY198500,,,,,,,,,,, SSL0000000080, EAU DE PARFUM IZIA 100 ML
SISLEY,EAU DE PARFUM IZIA 50 ML,3473311985507,SLY198550,,,,,,,,,,, SSL0000000081, EAU DE PARFUM IZIA 50 ML
SISLEY,IZIA LA NUIT,,,,,,,,,,,,,,
SISLEY,EAU DE PARFUM IZIA LA NUIT 100 ML,3473311986009,SLY198600,,,,,,,,,,, SSL0000000083, EAU DE PARFUM IZIA LA NUIT 100 ML
SISLEY,EAU DE PARFUM IZIA LA NUIT 50 ML,3473311986504,SLY198650,,,,,,,,,,, SSL0000000084, EAU DE PARFUM IZIA LA NUIT 50 ML
SISLEY,EAU DU SOIR,,,,,,,,,,,,,,
SISLEY,EAU DE PARFUM EAU DU SOIR 100 ML,3473311962003,SLY196200,,,,,,,,,,, SSL0000000086, EAU DE PARFUM EAU DU SOIR 100 ML
SISLEY,EAU DE PARFUM EAU DU SOIR 50 ML,3473311961006,SLY196100,,,,,,,,,,, SSL0000000087, EAU DE PARFUM EAU DU SOIR 50 ML
SISLEY,EAU DU SOIR PERFUMED DEO. 150 ML,3473311967015,SLY196701,,,,,,,,,,, SSL0000000088, EAU DU SOIR PERFUMED DEO. 150 ML
SISLEY,EAU DE PARFUM EAU DU SOIR 100 ML LIMITED EDITION 2025,3473311962256,SLY196225,,,,,,,,,,,,
SISLEY,SOIR D'ORIENT,,,,,,,,,,,,,,
SISLEY,EAU DE PARFUM SOIR D'ORIENT 100 ML,3473311963109,SLY196310,,,,,,,,,,, SSL0000000090, EAU DE PARFUM SOIR D'ORIENT 100 ML
SISLEY,SOIR DE LUNE,,,,,,,,,,,,,,
SISLEY,EAU DE PARFUM SOIR DE LUNE 100 ML,3473311980021,SLY198002,,,,,,,,,,, SSL0000000092, EAU DE PARFUM SOIR DE LUNE 100 ML
SISLEY,EAU DE PARFUM SOIR DE LUNE 50 ML,3473311980014,SLY198001,,,,,,,,,,, SSL0000000093, EAU DE PARFUM SOIR DE LUNE 50 ML
SISLEY,LES EAUX REVEES,,,,,,,,,,,,,,
SISLEY,L'EAU REVEE D'ISA EDT 100 ML,3473311931108,SLY193110,,,,,,,,,,, SSL0000000095, L'EAU REVEE D'ISA EDT 100 ML
SISLEY,L'EAU REVEE D'ALMA EDT 100 ML,3473311932105,SLY193210,,,,,,,,,,, SSL0000000096, L'EAU REVEE D'ALMA EDT 100 ML
SISLEY,L'EAU REVEE D'ARIA EDT 100 ML,3473311933102,SLY193310,,,,,,,,,,, SSL0000000097, L'EAU REVEE D'ARIA EDT 100 ML
SISLEY,L'EAU REVEE D'ELIYA EDT 100 ML,3473311934109,SLY193410,,,,,,,,,,, SSL0000000098, L'EAU REVEE D'ELIYA EDT 100 ML
SISLEY,L'EAU REVEE D'IKAR EDT 100 ML,3473311941015,SLY194101,,,,,,,,,,, SSL0000000099, L'EAU REVEE D'IKAR EDT 100 ML
SISLEY,L'EAU REVEE D'HUBERT EDT 100 ML,3473311935007,SLY193500,,,,,,,,,,, SSL0000000100, L'EAU REVEE D'HUBERT EDT 100 ML
SISLEY,EAU DE CAMPAGNE 100 ML,3473311904027,SLY190402,,,,,,,,,,,,
SISLEY,MAKYAJ,,,,,,,,,,,,,,
SISLEY,TEN MAKYAJI,,,,,,,,,,,,,,
SISLEY,PHYTO-TEINT PRIMER,,,,,,,,,,,,,,
SISLEY,PHYTO-TEINT PRIMER MAT 30ml,3473311844026,SLY184402,,,,,,,,,,,,
SISLEY,PHYTO-TEINT PRIMER GLOW 30ml,3473311844002,SLY184400,,,,,,,,,,,,
SISLEY,PHYTO-TEINT PRIMER CORRECT SPF 25 30ml,3473311844019,SLY184401,,,,,,,,,,,,
SISLEY,PHYTO-POUDRE COMPACTE - MATIFYING & BEAUTIFYING POWDER,,,,,,,,,,,,,,
SISLEY,PHYTO-POUDRE COMPACTE N°1 ROSY,3473311830418,SLY183041,,,,,,,,,,, SSL0000000104, PHYTO-POUDRE COMPACTE N°1 ROSY
SISLEY,PHYTO-POUDRE COMPACTE N°2 NATURAL,3473311830425,SLY183042,,,,,,,,,,, SSL0000000105, PHYTO-POUDRE COMPACTE N°2 NATURAL
SISLEY,PHYTO-POUDRE COMPACTE N°3 SANDY,3473311830432,SLY183043,,,,,,,,,,, SSL0000000106, PHYTO-POUDRE COMPACTE N°3 SANDY
SISLEY,PHYTO-POUDRE COMPACTE N°4 BRONZE,3473311830449,SLY183044,,,,,,,,,,, SSL0000000107, PHYTO-POUDRE COMPACTE N°4 BRONZE
SISLEY,PHYTO-TEINT POUDRE LIBRE,,,,,,,,,,,,,,
SISLEY,PHYTO-TEINT POUDRE LIBRE 1 SHIMMER,3473311801531,SLY180153,,,,,,,,,,,,
SISLEY,PHYTO-TEINT POUDRE LIBRE 2 TRANSLUCENT,3473311801517,SLY180151,,,,,,,,,,,,
SISLEY,PHYTO-TEINT POUDRE LIBRE 3 ROSY,3473311801500,SLY180150,,,,,,,,,,,,
SISLEY,PHYTO-TEINT POUDRE LIBRE 4 DEEP,3473311801524,SLY180152,,,,,,,,,,,,
SISLEY,BLUR EXPERT,,,,,,,,,,,,,,
SISLEY,BLUR EXPERT,3473311830517,SLY183051,,,,,,,,,,, SSL0000000109, BLUR EXPERT
SISLEY,PHYTO-TEINT NUDE,,,,,,,,,,,,,,
SISLEY,PHYTO-TEINT NUDE 1C PETAL,3473311809056,SLY180905,,,,,,,,,,,,
SISLEY,PHYTO-TEINT NUDE 1N IVORY,3473311809254,SLY180925,,,,,,,,,,,,
SISLEY,PHYTO-TEINT NUDE 2C SOFT BEIGE,3473311809117,SLY180911,,,,,,,,,,,,
SISLEY,PHYTO-TEINT NUDE 2N IVORY BEIGE,3473311809087,SLY180908,,,,,,,,,,,,
SISLEY,PHYTO-TEINT NUDE 2W1 LIGHT BEIGE,3473311809094,SLY180909,,,,,,,,,,,,
SISLEY,PHYTO-TEINT NUDE 3C NATURAL,3473311809100,SLY180910,,,,,,,,,,,,
SISLEY,PHYTO-TEINT PERFECTION,,,,,,,,,,,,,,
SISLEY,PHYTO-TEINT PERFECTION 1C PETAL,3473311806376,SLY180637,,,,,,,,,,, SSL0000000116, PHYTO-TEINT PERFECTION 1C PETAL
SISLEY,PHYTO-TEINT PERFECTION 1N IVORY,3473311806383,SLY180638,,,,,,,,,,, SSL0000000117, PHYTO-TEINT PERFECTION 1N IVORY
SISLEY,PHYTO-TEINT PERFECTION 2C SOFT BEIGE,3473311806406,SLY180640,,,,,,,,,,, SSL0000000118, PHYTO-TEINT PERFECTION 2C SOFT BEIGE
SISLEY,PHYTO-TEINT PERFECTION 2N1 SAND,3473311806413,SLY180641,,,,,,,,,,, SSL0000000119, PHYTO-TEINT PERFECTION 2N1 SAND
SISLEY,PHYTO-TEINT PERFECTION 2W2 DESERT,3473311806420,SLY180642,,,,,,,,,,, SSL0000000120, PHYTO-TEINT PERFECTION 2W2 DESERT
SISLEY,PHYTO-TEINT PERFECTION 3C NATURAL,3473311806437,SLY180643,,,,,,,,,,, SSL0000000121, PHYTO-TEINT PERFECTION 3C NATURAL
SISLEY,PHYTO-TEINT PERFECTION 3N APRICOT,3473311806444,SLY180644,,,,,,,,,,, SSL0000000122, PHYTO-TEINT PERFECTION 3N APRICOT
SISLEY,PHYTO-TEINT ULTRA ECLAT - FOUNDATION              ,,,,,,,,,,,,,,
SISLEY,PHYTO-TEINT ULTRA ECLAT  1 IVORY,3473311805614,SLY180561,,,,,,,,,,, SSL0000000129, PHYTO-TEINT ULTRA ECLAT  1 IVORY
SISLEY,PHYTO-TEINT ULTRA ECLAT  3 NATURAL,3473311805638,SLY180563,,,,,,,,,,, SSL0000000131, PHYTO-TEINT ULTRA ECLAT  3 NATURAL
SISLEY,PHYTO-TEINT ULTRA ECLAT  2+ SAND ,3473311805669,SLY180566,,,,,,,,,,, SSL0000000133, PHYTO-TEINT ULTRA ECLAT  2+ SAND 
SISLEY,PHYTO-TEINT ULTRA ECLAT  3+ APRICOT,3473311805690,SLY180569,,,,,,,,,,, SSL0000000134, PHYTO-TEINT ULTRA ECLAT  3+ APRICOT
SISLEY,PHYTO-HYDRA TEINT - FOUNDATION              ,,,,,,,,,,,,,,
SISLEY,PHYTO-HYDRA TEINT 0 FAIR 40 ML,3473311640406,SLY164040,,,,,,,,,,,,
SISLEY,PHYTO-HYDRA TEINT 1 LIGHT ,3473311640413,SLY164041,,,,,,,,,,,,
SISLEY,PHYTO-HYDRA TEINT 2 MEDIUM ,3473311640420,SLY164042,,,,,,,,,,,,
SISLEY,PHYTO-HYDRA TEINT 0.5 OPAL ,3473311640444,SLY164044,,,,,,,,,,,,
SISLEY,PHYTO-HYDRA TEINT 1.5 BEIGE ,3473311640451,SLY164045,,,,,,,,,,,,
SISLEY,PHYTO BLUSH TWIST  - ZEBRA PRINT VERSION,,,,,,,,,,,,,,
SISLEY,PHYTO BLUSH TWIST N°1 PETAL,3473311879011,SLY187901,,,,,,,,,,, SSL0000000140, PHYTO BLUSH TWIST N°1 PETAL
SISLEY,PHYTO BLUSH TWIST N°2 FUSHIA,3473311879028,SLY187902,,,,,,,,,,, SSL0000000141, PHYTO BLUSH TWIST N°2 FUSHIA
SISLEY,PHYTO BLUSH TWIST N°3 PAPAYA,3473311879035,SLY187903,,,,,,,,,,, SSL0000000142, PHYTO BLUSH TWIST N°3 PAPAYA
SISLEY,PHYTO BLUSH TWIST N°5 CONTOUR,3473311879059,SLY187905,,,,,,,,,,, SSL0000000143, PHYTO BLUSH TWIST N°5 CONTOUR
SISLEY,PHYTO BLUSH TWIST N°6 PASSION,3473311879066,SLY187906,,,,,,,,,,, SSL0000000144, PHYTO BLUSH TWIST N°6 PASSION
SISLEY,PHYTO-BLUSH TWIST 7 BERRY,3473311879073,SLY187907,,,,,,,,,,, SSL0000000145, PHYTO-BLUSH TWIST 7 BERRY
SISLEY,PHYTO TOUCHE ,,,,,,,,,,,,,,
SISLEY,PHYTO TOUCHE SUN GLOW POWDER N°1 (TRIO HONEY CINNAMON),3473311840035,SLY184003,,,,,,,,,,, SSL0000000154, PHYTO TOUCHE SUN GLOW POWDER N°1 (TRIO HONEY CINNAMON)
SISLEY,PHYTO-CERNES ECLAT,,,,,,,,,,,,,,
SISLEY,PHYTO-CERNES ECLAT N°1 (TUBE) - EYE CONCEALER,3473311615213,SLY161521,,,,,,,,,,, SSL0000000158, PHYTO-CERNES ECLAT N°1 (TUBE) - EYE CONCEALER
SISLEY,"PHYTO-CERNES ECLAT N°1,5 (TUBE) - EYE CONCEALER ",3473311615275,SLY161527,,,,,,,,,,,,
SISLEY,PHYTO-CERNES ECLAT N°2 (TUBE) - EYE CONCEALER,3473311615220,SLY161522,,,,,,,,,,, SSL0000000159, PHYTO-CERNES ECLAT N°2 (TUBE) - EYE CONCEALER
SISLEY,"PHYTO-CERNES ECLAT N°2,5 (TUBE) - EYE CONCEALER ",3473311615282,SLY161528,,,,,,,,,,,,
SISLEY,PHYTO-CERNES ECLAT N°3 (TUBE) - EYE CONCEALER ,3473311615237,SLY161523,,,,,,,,,,, SSL0000000160, PHYTO-CERNES ECLAT N°3 (TUBE) - EYE CONCEALER 
SISLEY,GÖZ MAKYAJI,,,,,,,,,,,,,,
SISLEY,EYE LINER LIGNE NOIRE,,,,,,,,,,,,,,
SISLEY,EYELINER LIGNE NOIRE,3473311853226,SLY185322,,,,,,,,,,, SSL0000000163, EYELINER LIGNE NOIRE
SISLEY,MASCARA SO INTENSE ,,,,,,,,,,,,,,
SISLEY,MASCARA SO INTENSE N°1 DEEP BLACK,3473311853110,SLY185311,,,,,,,,,,, SSL0000000165, MASCARA SO INTENSE N°1 DEEP BLACK
SISLEY,MASCARA SO CURL,,,,,,,,,,,,,,
SISLEY,MASCARA SO CURL N°1 DEEP BLACK,3473311853318,SLY185331,,,,,,,,,,, SSL0000000168, MASCARA SO CURL N°1 DEEP BLACK
SISLEY,MASCARA SO CURL N°2 DEEP BROWN,3473311853325,SLY185332,,,,,,,,,,, SSL0000000169, MASCARA SO CURL N°2 DEEP BROWN
SISLEY,MASCARA PHYTO NOIR,,,,,,,,,,,,,,
SISLEY,MASCARA PHYTO-NOIR 1 DEEP BLACK,3473311853615,SLY185361,,,,,,,,,,, SSL0000000171, MASCARA PHYTO-NOIR 1 DEEP BLACK
SISLEY,MASCARA PHYTO-NOIR 2 DEEP BROWN,3473311853622,SLY185362,,,,,,,,,,,,
SISLEY,MASCARA SO STRETCH,,,,,,,,,,,,,,
SISLEY,MASCARA SO STRETCH 1 DEEP BLACK,3473311853516,SLY185351,,,,,,,,,,, SSL0000000173, MASCARA SO STRETCH 1 DEEP BLACK
SISLEY,MASCARA SO STRETCH 2 DEEP BROWN,3473311853523,SLY185352,,,,,,,,,,, SSL0000000174, MASCARA SO STRETCH 2 DEEP BROWN
SISLEY,LES OMBRES LIQUIDES EYE SHADOWS,,,,,,,,,,,,,,
SISLEY,OMBRE ECLAT LIQUIDE 2 COPPER,3473311867025,SLY186702,,,,,,,,,,, SSL0000000195, OMBRE ECLAT LIQUIDE 2 COPPER
SISLEY,OMBRE ECLAT LIQUIDE 3 PINK GOLD,3473311867032,SLY186703,,,,,,,,,,, SSL0000000196, OMBRE ECLAT LIQUIDE 3 PINK GOLD
SISLEY,OMBRE ECLAT LIQUIDE 4 CORAL,3473311867049,SLY186704,,,,,,,,,,, SSL0000000197, OMBRE ECLAT LIQUIDE 4 CORAL
SISLEY,OMBRE ECLAT LIQUIDE 5 BRONZE,3473311867056,SLY186705,,,,,,,,,,, SSL0000000198, OMBRE ECLAT LIQUIDE 5 BRONZE
SISLEY,OMBRE ECLAT LIQUIDE 6 WILD,3473311867063,SLY186706,,,,,,,,,,, SSL0000000199, OMBRE ECLAT LIQUIDE 6 WILD
SISLEY,PHYTO-EYE TWIST (JUMBO TWIST PENCIL),,,,,,,,,,,,,,
SISLEY,PHYTO-EYE TWIST N°1 TOPAZE,3473311870117,SLY187011,,,,,,,,,,, SSL0000000201, PHYTO-EYE TWIST N°1 TOPAZE
SISLEY,PHYTO-EYE TWIST N°2 BRONZE,3473311870124,SLY187012,,,,,,,,,,, SSL0000000202, PHYTO-EYE TWIST N°2 BRONZE
SISLEY,PHYTO-EYE TWIST N°3 KHAKI,3473311870131,SLY187013,,,,,,,,,,, SSL0000000203, PHYTO-EYE TWIST N°3 KHAKI
SISLEY,PHYTO-EYE TWIST  N°4 STEEL,3473311870148,SLY187014,,,,,,,,,,, SSL0000000204, PHYTO-EYE TWIST  N°4 STEEL
SISLEY,PHYTO-EYE TWIST  N°6 MARINE,3473311870162,SLY187016,,,,,,,,,,, SSL0000000205, PHYTO-EYE TWIST  N°6 MARINE
SISLEY,PHYTO-EYE TWIST N°7 HAVANA,3473311870179,SLY187017,,,,,,,,,,, SSL0000000206, PHYTO-EYE TWIST N°7 HAVANA
SISLEY,PHYTO-EYE TWIST N°8 BLACK DIAMOND,3473311870186,SLY187018,,,,,,,,,,, SSL0000000207, PHYTO-EYE TWIST N°8 BLACK DIAMOND
SISLEY,PHYTO-EYE TWIST N°9 PEARL,3473311870193,SLY187019,,,,,,,,,,, SSL0000000208, PHYTO-EYE TWIST N°9 PEARL
SISLEY,PHYTO-EYE TWIST N°11 COPPER,3473311870216,SLY187021,,,,,,,,,,, SSL0000000209, PHYTO-EYE TWIST N°11 COPPER
SISLEY,PHYTO-EYE TWIST N°14 BLACK ROSE,3473311870247,SLY187024,,,,,,,,,,, SSL0000000211, PHYTO-EYE TWIST N°14 BLACK ROSE
SISLEY,PHYTO-EYE TWIST N°18 FAWN,3473311870285,SLY187028,,,,,,,,,,, SSL0000000214, PHYTO-EYE TWIST N°18 FAWN
SISLEY,PHYTO-EYE TWIST N°19 SUNSET,3473311870292,SLY187029,,,,,,,,,,, SSL0000000215, PHYTO-EYE TWIST N°19 SUNSET
SISLEY,EYE PALETTE ,,,,,,,,,,,,,,
SISLEY,PHYTO-EYE PALETTE 1 TENDER TOFFEE,3473311815224,SLY181522,,,,,,,,,,,,
SISLEY,PHYTO-EYE PALETTE 2 BOIS DE ROSE,3473311815231,SLY181523,,,,,,,,,,,,
SISLEY,PHYTO-KHOL STAR WATERPROOF (EYE PENCIL),,,,,,,,,,,,,,
SISLEY,PHYTO-KHOL STAR WATERPROOF N°1 SPARKLING BLACK,3473311874207,SLY187420,,,,,,,,,,, SSL0000000228, PHYTO-KHOL STAR WATERPROOF N°1 SPARKLING BLACK
SISLEY,PHYTO-KHOL STAR WATERPROOF N°2 SPARKLING GREY,3473311874214,SLY187421,,,,,,,,,,, SSL0000000229, PHYTO-KHOL STAR WATERPROOF N°2 SPARKLING GREY
SISLEY,PHYTO-KHOL STAR WATERPROOF N°3 SPARKLING BROWN,3473311874221,SLY187422,,,,,,,,,,, SSL0000000230, PHYTO-KHOL STAR WATERPROOF N°3 SPARKLING BROWN
SISLEY,PHYTO-KHOL STAR WATERPROOF N°4 SPARKLING BRONZE,3473311874238,SLY187423,,,,,,,,,,, SSL0000000231, PHYTO-KHOL STAR WATERPROOF N°4 SPARKLING BRONZE
SISLEY,PHYTO-KHOL STAR WATERPROOF N°6 MYSTIC PURPLE,3473311874252,SLY187425,,,,,,,,,,, SSL0000000233, PHYTO-KHOL STAR WATERPROOF N°6 MYSTIC PURPLE
SISLEY,PHYTO-KHOL STAR WATERPROOF N°7 MYSTIC BLUE,3473311874269,SLY187426,,,,,,,,,,, SSL0000000234, PHYTO-KHOL STAR WATERPROOF N°7 MYSTIC BLUE
SISLEY,PHYTO-KHOL STAR WATERPROOF N°8 MYSTIC GREEN,3473311874276,SLY187427,,,,,,,,,,, SSL0000000235, PHYTO-KHOL STAR WATERPROOF N°8 MYSTIC GREEN
SISLEY,PHYTO-KHOL STAR MATT (EYE PENCIL),,,,,,,,,,,,,,
SISLEY,PHYTO-KHOL STAR WP 1 MATTE ONYX,3473311874504,SLY187450,,,,,,,,,,, SSL0000000237, PHYTO-KHOL STAR WP 1 MATTE ONYX
SISLEY,PHYTO-KHOL STAR WP 3 MATTE JUNGLE,3473311874528,SLY187452,,,,,,,,,,, SSL0000000238, PHYTO-KHOL STAR WP 3 MATTE JUNGLE
SISLEY,PHYTO-KHOL STAR WP 4 MAT GRAPHITE,3473311874535,SLY187453,,,,,,,,,,, SSL0000000239, PHYTO-KHOL STAR WP 4 MAT GRAPHITE
SISLEY,PHYTO-KHOL STAR WP 5 MAT PEACOCK,3473311874542,SLY187454,,,,,,,,,,, SSL0000000240, PHYTO-KHOL STAR WP 5 MAT PEACOCK
SISLEY,PHYTO-KHOL STAR WP 6 MAT CHESTNUT,3473311874559,SLY187455,,,,,,,,,,, SSL0000000241, PHYTO-KHOL STAR WP 6 MAT CHESTNUT
SISLEY,PHYTO-SOURCILS PERFECT -  EYEBROW PENCIL,,,,,,,,,,,,,,
SISLEY,PHYTO-SOURCILS PERFECT- EYEBROW PENCIL N°1 BLOND ,3473311875013,SLY187501,,,,,,,,,,, SSL0000000243, PHYTO-SOURCILS PERFECT- EYEBROW PENCIL N°1 BLOND 
SISLEY,PHYTO-SOURCILS PERFECT- EYEBROW PENCIL N°2 CHATAIN ,3473311875020,SLY187502,,,,,,,,,,, SSL0000000244, PHYTO-SOURCILS PERFECT- EYEBROW PENCIL N°2 CHATAIN 
SISLEY,PHYTO-SOURCILS PERFECT- EYEBROW PENCIL N°3 BRUN ,3473311875037,SLY187503,,,,,,,,,,, SSL0000000245, PHYTO-SOURCILS PERFECT- EYEBROW PENCIL N°3 BRUN 
SISLEY,PHYTO-SOURCILS PERFECT- EYEBROW PENCIL N°4 CAPPUCCINO ,3473311875044,SLY187504,,,,,,,,,,, SSL0000000246, PHYTO-SOURCILS PERFECT- EYEBROW PENCIL N°4 CAPPUCCINO 
SISLEY,PHYTO-SOURCILS DESIGN ,,,,,,,,,,,,,,
SISLEY,PHYTO-SOURCILS DESIGN N°1 CAPPUCINO ,3473311875211,SLY187521,,,,,,,,,,, SSL0000000248, PHYTO-SOURCILS DESIGN N°1 CAPPUCINO 
SISLEY,PHYTO-SOURCILS DESIGN N°2 CHATAIN,3473311875228,SLY187522,,,,,,,,,,, SSL0000000249, PHYTO-SOURCILS DESIGN N°2 CHATAIN
SISLEY,LIP,,,,,,,,,,,,,,
SISLEY,COLOR CLOUD,,,,,,,,,,,,,,
SISLEY,COLOR CLOUD 1 TAWNY,3473311710000,SLY171000,,,,,,,,,,,,
SISLEY,COLOR CLOUD 2 ROSY,3473311710017,SLY171001,,,,,,,,,,,,
SISLEY,COLOR CLOUD 3 BERRY,3473311710024,SLY171002,,,,,,,,,,,,
SISLEY,LE PHYTO-ROUGE SHINE,,,,,,,,,,,,,,
SISLEY,PHYTO-ROUGE SHINE 10 SHEER NUDE,3473311705006,SLY170500,,,,,,,,,,, SSL0000000273, PHYTO-ROUGE SHINE 10 SHEER NUDE
SISLEY,PHYTO-ROUGE SHINE 11 SHEER BLOSSOM,3473311705013,SLY170501,,,,,,,,,,, SSL0000000274, PHYTO-ROUGE SHINE 11 SHEER BLOSSOM
SISLEY,PHYTO-ROUGE SHINE 12 SHEER COCOA,3473311705020,SLY170502,,,,,,,,,,, SSL0000000275, PHYTO-ROUGE SHINE 12 SHEER COCOA
SISLEY,PHYTO-ROUGE SHINE 14 SHEER ACAJOU,3473311705167,SLY170516,,,,,,,,,,,,
SISLEY,PHYTO-ROUGE SHINE 21 SHEER ROSEWOOD,3473311705044,SLY170504,,,,,,,,,,, SSL0000000277, PHYTO-ROUGE SHINE 21 SHEER ROSEWOOD
SISLEY,PHYTO-ROUGE SHINE 22 SHEER RASPBERRY,3473311705051,SLY170505,,,,,,,,,,, SSL0000000278, PHYTO-ROUGE SHINE 22 SHEER RASPBERRY
SISLEY,PHYTO-ROUGE SHINE 26 SHEER BEL AIR,3473311705150,SLY170515,,,,,,,,,,,,
SISLEY,PHYTO-ROUGE SHINE 30 SHEER CORAL,3473311705075,SLY170507,,,,,,,,,,, SSL0000000280, PHYTO-ROUGE SHINE 30 SHEER CORAL
SISLEY,PHYTO-ROUGE SHINE 31 SHEER CHILI,3473311705082,SLY170508,,,,,,,,,,, SSL0000000281, PHYTO-ROUGE SHINE 31 SHEER CHILI
SISLEY,PHYTO-ROUGE SHINE 40 SHEER CHERRY,3473311705099,SLY170509,,,,,,,,,,, SSL0000000282, PHYTO-ROUGE SHINE 40 SHEER CHERRY
SISLEY,PHYTO-ROUGE SHINE 42 SHEER CRANBERRY,3473311705112,SLY170511,,,,,,,,,,, SSL0000000284, PHYTO-ROUGE SHINE 42 SHEER CRANBERRY
SISLEY,PHYTO-ROUGE SHINE 43 SHEER SCARLET,3473311705174,SLY170517,,,,,,,,,,,,
SISLEY,PHYTO-ROUGE VELVET,,,,,,,,,,,,,,
SISLEY,PHYTO ROUGE VELVET 10 BEIGE NUDE,3473311707000,SLY170700,,,,,,,,,,, SSL0000000286, PHYTO ROUGE VELVET 10 BEIGE NUDE
SISLEY,PHYTO ROUGE VELVET  11 BEIGE BLOOM,3473311707017,SLY170701,,,,,,,,,,, SSL0000000287, PHYTO ROUGE VELVET  11 BEIGE BLOOM
SISLEY,PHYTO ROUGE VELVET 12 BEIGE CRUSH,3473311707024,SLY170702,,,,,,,,,,, SSL0000000288, PHYTO ROUGE VELVET 12 BEIGE CRUSH
SISLEY,PHYTO ROUGE VELVET 20 ROSE SWEET,3473311707031,SLY170703,,,,,,,,,,, SSL0000000289, PHYTO ROUGE VELVET 20 ROSE SWEET
SISLEY,PHYTO ROUGE VELVET 21 ROSE POP,3473311707048,SLY170704,,,,,,,,,,, SSL0000000290, PHYTO ROUGE VELVET 21 ROSE POP
SISLEY,PHYTO ROUGE VELVET 22 ROSE PUNCH,3473311707055,SLY170705,,,,,,,,,,, SSL0000000291, PHYTO ROUGE VELVET 22 ROSE PUNCH
SISLEY,PHYTO ROUGE VELVET 30 ORANGE SPICE,3473311707062,SLY170706,,,,,,,,,,, SSL0000000292, PHYTO ROUGE VELVET 30 ORANGE SPICE
SISLEY,PHYTO ROUGE VELVET 31 ORANGE FAWN,3473311707079,SLY170707,,,,,,,,,,, SSL0000000293, PHYTO ROUGE VELVET 31 ORANGE FAWN
SISLEY,PHYTO ROUGE VELVET 40 ROUGE ICON,3473311707086,SLY170708,,,,,,,,,,, SSL0000000294, PHYTO ROUGE VELVET 40 ROUGE ICON
SISLEY,PHYTO ROUGE VELVET 41 ROUGE FLAME,3473311707093,SLY170709,,,,,,,,,,, SSL0000000295, PHYTO ROUGE VELVET 41 ROUGE FLAME
SISLEY,PHYTO ROUGE VELVET 42 ROUGE ROYAL,3473311707109,SLY170710,,,,,,,,,,, SSL0000000296, PHYTO ROUGE VELVET 42 ROUGE ROYAL
SISLEY,PHYTO ROUGE VELVET 43 ROUGE ARDENT,3473311707116,SLY170711,,,,,,,,,,, SSL0000000297, PHYTO ROUGE VELVET 43 ROUGE ARDENT
SISLEY,PHYTO-LEVRES PERFECT - LIPLINER      ,,,,,,,,,,,,,,
SISLEY,PHYTO-LEVRES PERFECT N°1 NUDE ,3473311876119,SLY187611,,,,,,,,,,, SSL0000000299, PHYTO-LEVRES PERFECT N°1 NUDE 
SISLEY,PHYTO-LEVRES PERFECT N°2 BEIGE NATUREL ,3473311876126,SLY187612,,,,,,,,,,, SSL0000000300, PHYTO-LEVRES PERFECT N°2 BEIGE NATUREL 
SISLEY,PHYTO-LEVRES PERFECT N°3 ROSE THE,3473311876133,SLY187613,,,,,,,,,,, SSL0000000301, PHYTO-LEVRES PERFECT N°3 ROSE THE
SISLEY,PHYTO-LEVRES PERFECT N°4 ROSE PASSION ,3473311876140,SLY187614,,,,,,,,,,, SSL0000000302, PHYTO-LEVRES PERFECT N°4 ROSE PASSION 
SISLEY,PHYTO-LEVRES PERFECT N°5 BURGUNDY ,3473311876157,SLY187615,,,,,,,,,,, SSL0000000303, PHYTO-LEVRES PERFECT N°5 BURGUNDY 
SISLEY,PHYTO-LEVRES PERFECT N°6 CHOCOLAT ,3473311876164,SLY187616,,,,,,,,,,, SSL0000000304, PHYTO-LEVRES PERFECT N°6 CHOCOLAT 
SISLEY,PHYTO-LEVRES PERFECT N°7 RUBY ,3473311876171,SLY187617,,,,,,,,,,, SSL0000000305, PHYTO-LEVRES PERFECT N°7 RUBY 
SISLEY,PHYTO-LEVRES PERFECT N°9 FUSHIA ,3473311876195,SLY187619,,,,,,,,,,, SSL0000000306, PHYTO-LEVRES PERFECT N°9 FUSHIA 
SISLEY,PHYTO-LEVRES PERFECT N°10 AUBURN ,3473311876201,SLY187620,,,,,,,,,,, SSL0000000307, PHYTO-LEVRES PERFECT N°10 AUBURN 
SISLEY,PHYTO-LEVRES PERFECT 12 CARMIN,3473311876225,SLY187622,,,,,,,,,,,,
SISLEY,PHYTO-LEVRES PERFECT 13 BEIGE ROSE,3473311876232,SLY187623,,,,,,,,,,,,
SISLEY,PHYTO-LIP TWIST   (JUMBO TWIST PENCIL),,,,,,,,,,,,,,
SISLEY,PHYTO-LIP TWIST N° 1 NUDE ,3473311878014,SLY187801,,,,,,,,,,, SSL0000000309, PHYTO-LIP TWIST N° 1 NUDE 
SISLEY,PHYTO-LIP TWIST N°3 PEACH ,3473311878038,SLY187803,,,,,,,,,,, SSL0000000310, PHYTO-LIP TWIST N°3 PEACH 
SISLEY,PHYTO-LIP TWIST N°4 PINKY ,3473311878045,SLY187804,,,,,,,,,,, SSL0000000311, PHYTO-LIP TWIST N°4 PINKY 
SISLEY,PHYTO-LIP TWIST N°5 BERRY  ,3473311878052,SLY187805,,,,,,,,,,, SSL0000000312, PHYTO-LIP TWIST N°5 BERRY  
SISLEY,PHYTO-LIP TWIST N°7 CORAL,3473311878076,SLY187807,,,,,,,,,,, SSL0000000313, PHYTO-LIP TWIST N°7 CORAL
SISLEY,PHYTO-LIP TWIST N°8 CANDY ,3473311878083,SLY187808,,,,,,,,,,, SSL0000000314, PHYTO-LIP TWIST N°8 CANDY 
SISLEY,PHYTO-LIP TWIST N°9 CHESTNUT ,3473311878090,SLY187809,,,,,,,,,,, SSL0000000315, PHYTO-LIP TWIST N°9 CHESTNUT 
SISLEY,PHYTO-LIP TWIST N°13 POPPY ,3473311878137,SLY187813,,,,,,,,,,, SSL0000000316, PHYTO-LIP TWIST N°13 POPPY 
SISLEY,PHYTO-LIP TWIST N°18 TANGO -MATTE ,3473311878182,SLY187818,,,,,,,,,,, SSL0000000318, PHYTO-LIP TWIST N°18 TANGO -MATTE 
SISLEY,PHYTO-LIP TWIST N°19 BALLET -MATTE ,3473311878199,SLY187819,,,,,,,,,,, SSL0000000319, PHYTO-LIP TWIST N°19 BALLET -MATTE 
SISLEY,PHYTO-LIP TWIST N°22 BURGUNDY -MATTE ,3473311878229,SLY187822,,,,,,,,,,, SSL0000000321, PHYTO-LIP TWIST N°22 BURGUNDY -MATTE 
SISLEY,PHYTO-LIP TWIST 24 ROSY NUDE,3473311878243,SLY187824,,,,,,,,,,, SSL0000000323, PHYTO-LIP TWIST 24 ROSY NUDE
SISLEY,PHYTO-LIP TWIST 25 SOFT BERRY,3473311878250,SLY187825,,,,,,,,,,, SSL0000000324, PHYTO-LIP TWIST 25 SOFT BERRY
SISLEY,PHYTO-LIP TWIST 26 TRUE RED,3473311878267,SLY187826,,,,,,,,,,, SSL0000000325, PHYTO-LIP TWIST 26 TRUE RED
SISLEY,SAÇ BAKIMI,,,,,,,,,,,,,,
SISLEY,BLONDE WHITE GREY HAIR CARE MASK 200ml,3473311694706,SHR169470,,,,,,,,,,,,
SISLEY,REVITALIZING VOLUMIZING SHAMPOO,3473311692207,SHR169220,,,,,,,,,,, SSL0000000328, REVITALIZING VOLUMIZING SHAMPOO
SISLEY,REVITALIZING SMOOTHING SHAMPOO,3473311692306,SHR169230,,,,,,,,,,, SSL0000000329, REVITALIZING SMOOTHING SHAMPOO
SISLEY,SMOOTHING RESTRUCT.CONDITIONER,3473311692405,SHR169240,,,,,,,,,,, SSL0000000330, SMOOTHING RESTRUCT.CONDITIONER
SISLEY,REGENERATING HAIR CARE MASK,3473311692504,SHR169250,,,,,,,,,,, SSL0000000331, REGENERATING HAIR CARE MASK
SISLEY,PRECIOUS HAIR CARE OIL,3473311692603,SHR169260,,,,,,,,,,, SSL0000000332, PRECIOUS HAIR CARE OIL
SISLEY,VOLUMIZING SPRAY,3473311692900,SHR169290,,,,,,,,,,, SSL0000000333, VOLUMIZING SPRAY
SISLEY,SOOTHING ANTI - DANDRUFF SHAMPOO ,3473311693006,SHR169300,,,,,,,,,,, SSL0000000334, SOOTHING ANTI - DANDRUFF SHAMPOO 
SISLEY,REVITALIZING STRAIGHTENING SHAMPOO,3473311693204,SHR169320,,,,,,,,,,, SSL0000000335, REVITALIZING STRAIGHTENING SHAMPOO
SISLEY,COLOR BEAUTIFYING MASK ,3473311693303,SHR169330,,,,,,,,,,, SSL0000000336, COLOR BEAUTIFYING MASK 
SISLEY,COLOR PERFECTING SHAMPOO,3473311693402,SHR169340,,,,,,,,,,, SSL0000000337, COLOR PERFECTING SHAMPOO
SISLEY,CREAM 230,3473311693501,SHR169350,,,,,,,,,,, SSL0000000338, CREAM 230
SISLEY,SOOTHING ANTI-DANDRUFF CURE ,3473311693709,SHR169370,,,,,,,,,,, SSL0000000339, SOOTHING ANTI-DANDRUFF CURE 
SISLEY,SOIN LAVANT DOUX PURETE,3473311693808,SHR169380,,,,,,,,,,, SSL0000000340, SOIN LAVANT DOUX PURETE
SISLEY,SOIN LAVANT REVIT. NOURRISSANT,3473311693907,SHR169390,,,,,,,,,,, SSL0000000341, SOIN LAVANT REVIT. NOURRISSANT
SISLEY,SOIN LAVANT FORTIFIANT DENSITE,3473311694102,SHR169410,,,,,,,,,,, SSL0000000342, SOIN LAVANT FORTIFIANT DENSITE
SISLEY,INTENSE NUTRITION HAIR CARE MASK,3473311694300,SHR169430,,,,,,,,,,, SSL0000000343, INTENSE NUTRITION HAIR CARE MASK
SISLEY,HAIR RITUEL CURL CARE CREAM,3473311694409,SHR169440,,,,,,,,,,, SSL0000000344, HAIR RITUEL CURL CARE CREAM
SISLEY,HAIR RITUEL CURL CARE JELLY,3473311694508,SHR169450,,,,,,,,,,, SSL0000000345, HAIR RITUEL CURL CARE JELLY
SISLEY,LE PARFUM 100 ML,3473311690104,SHR169010,,,,,,,,,,,,
SISLEY,MAKYAJ - AKSESUAR,,,,,,,,,,,,,,
SISLEY,EYESHADOW SMUDGE BRUSH,3473311800084,SLY180008,,,,,,,,,,, SSL0000000347, EYESHADOW SMUDGE BRUSH
SISLEY,POWDER BRUSH,3473311800107,SLY180010,,,,,,,,,,, SSL0000000348, POWDER BRUSH
SISLEY,FOUNDATION BRUSH,3473311800121,SLY180012,,,,,,,,,,, SSL0000000349, FOUNDATION BRUSH
SISLEY,SUN GLOW APPLICATOR BRUSH,3473311800145,SLY180014,,,,,,,,,,, SSL0000000350, SUN GLOW APPLICATOR BRUSH
SISLEY,SHARPENER FOR EYEBROW PENCILS,,,,,,,,,,,,,,
SISLEY,DELIST,,,,,,,,,,,,,,
SISLEY,GRAPEFRUIT TONING LOTION,3473311042002,SLY104200,,,,,,,,,,, SSL0000000002, GRAPEFRUIT TONING LOTION
SISLEY,GLOBAL PERFECT PORE MINIMIZER (PUMP ACTION BOTTLE),3473311450005,SLY145000,,,,,,,,,,, SSL0000000052, GLOBAL PERFECT PORE MINIMIZER (PUMP ACTION BOTTLE)
SISLEY,PURIFYING RE-BALANCING LOTION WITH TROPICAL RESINS),3473311071019,SLY107101,,,,,,,,,,, SSL0000000055, PURIFYING RE-BALANCING LOTION WITH TROPICAL RESINS)
SISLEY,TROPICAL RESINS GENTLE CLEANING GEL,3473311415707,SLY141570,,,,,,,,,,, SSL0000000056, TROPICAL RESINS GENTLE CLEANING GEL
SISLEY,TROPICAL RESINS MATIFYING MOISTURIZING SKIN CARE,3473311415806,SLY141580,,,,,,,,,,, SSL0000000057, TROPICAL RESINS MATIFYING MOISTURIZING SKIN CARE
SISLEY,TROPICAL RESINS INTENSIVE SERUM,3473311415905,SLY141590,,,,,,,,,,, SSL0000000058, TROPICAL RESINS INTENSIVE SERUM
SISLEY,TINTED SUN CARE NATURAL SPF 30,3473311682215,SLY168221,,,,,,,,,,, SSL0000000071, TINTED SUN CARE NATURAL SPF 30
SISLEY,STYLO LUMIERE N°4 GOLDEN BEIGE,3473311847034,SLY184703,,,,,,,,,,, SSL0000000114, STYLO LUMIERE N°4 GOLDEN BEIGE
SISLEY,SISLEYA LE TEINT  N°1B IVORY,3473311807120,SLY180712,,,,,,,,,,, SSL0000000124, SISLEYA LE TEINT  N°1B IVORY
SISLEY,SISLEYA LE TEINT  N°3R PEACH,3473311807151,SLY180715,,,,,,,,,,, SSL0000000127, SISLEYA LE TEINT  N°3R PEACH
SISLEY,PHYTO-TEINT ULTRA ECLAT  2 SOFT BEIGE,3473311805621,SLY180562,,,,,,,,,,, SSL0000000130, PHYTO-TEINT ULTRA ECLAT  2 SOFT BEIGE
SISLEY,PHYTO-TEINT ULTRA ECLAT  4 HONEY,3473311805645,SLY180564,,,,,,,,,,, SSL0000000132, PHYTO-TEINT ULTRA ECLAT  4 HONEY
SISLEY,L'ORCHIDEE N°1 - BLUSH ,3473311815057,SLY181505,,,,,,,,,,, SSL0000000136, L'ORCHIDEE N°1 - BLUSH 
SISLEY,L'ORCHIDEE  N°2 ROSE - BLUSH ,3473311815064,SLY181506,,,,,,,,,,, SSL0000000137, L'ORCHIDEE  N°2 ROSE - BLUSH 
SISLEY,L'ORCHIDEE N°3 CORAIL- BLUSH ,3473311815071,SLY181507,,,,,,,,,,, SSL0000000138, L'ORCHIDEE N°3 CORAIL- BLUSH 
SISLEY,LE PHYTO-BLUSH 2 ROSY FUSHIA,3473311820129,SLY182012,,,,,,,,,,, SSL0000000148, LE PHYTO-BLUSH 2 ROSY FUSHIA
SISLEY,LE PHYTO-BLUSH 3 CORAL,3473311820136,SLY182013,,,,,,,,,,, SSL0000000149, LE PHYTO-BLUSH 3 CORAL
SISLEY,LE PHYTO-BLUSH 5 ROSEWOOD,3473311820150,SLY182015,,,,,,,,,,, SSL0000000151, LE PHYTO-BLUSH 5 ROSEWOOD
SISLEY,LE PHYTO-BLUSH 6 SHIMMER,3473311820167,SLY182016,,,,,,,,,,, SSL0000000152, LE PHYTO-BLUSH 6 SHIMMER
SISLEY,PHYTO TOUCHE ILLUSION D'ETE (CASE),3473311840301,SLY184030,,,,,,,,,,, SSL0000000155, PHYTO TOUCHE ILLUSION D'ETE (CASE)
SISLEY,SUN GLOW GEL (TUBE),3473311840257,SLY184025,,,,,,,,,,, SSL0000000156, SUN GLOW GEL (TUBE)
SISLEY,STYLO CORRECT  0,3473311847225,SLY184722,,,,,,,,,,,,
SISLEY,STYLO CORRECT 00,3473311847218,SLY184721,,,,,,,,,,,,
SISLEY,STYLO CORRECT 000,3473311847201,SLY184720,,,,,,,,,,,,
SISLEY,STYLO CORRECT  2,3473311847249,SLY184724,,,,,,,,,,,,
SISLEY,LES PHYTO-OMBRES 11 MAT NUDE,3473311866028,SLY186602,,,,,,,,,,, SSL0000000177, LES PHYTO-OMBRES 11 MAT NUDE
SISLEY,LES PHYTO-OMBRES 12 SILKY ROSE,3473311866035,SLY186603,,,,,,,,,,, SSL0000000178, LES PHYTO-OMBRES 12 SILKY ROSE
SISLEY,LES PHYTO-OMBRES 13 SILKY SAND,3473311866042,SLY186604,,,,,,,,,,, SSL0000000179, LES PHYTO-OMBRES 13 SILKY SAND
SISLEY,LES PHYTO-OMBRES 14 SPARKLING TOPAZE,3473311866059,SLY186605,,,,,,,,,,, SSL0000000180, LES PHYTO-OMBRES 14 SPARKLING TOPAZE
SISLEY,LES PHYTO-OMBRES 15 MAT TAUPE,3473311866066,SLY186606,,,,,,,,,,, SSL0000000181, LES PHYTO-OMBRES 15 MAT TAUPE
SISLEY,LES PHYTO-OMBRES 20 SILKY CHESTNUT,3473311866073,SLY186607,,,,,,,,,,, SSL0000000182, LES PHYTO-OMBRES 20 SILKY CHESTNUT
SISLEY,LES PHYTO-OMBRES 24 SILKY STEEL,3473311866110,SLY186611,,,,,,,,,,, SSL0000000184, LES PHYTO-OMBRES 24 SILKY STEEL
SISLEY,LES PHYTO-OMBRES 25 METALLIC KHAKI,3473311866127,SLY186612,,,,,,,,,,, SSL0000000185, LES PHYTO-OMBRES 25 METALLIC KHAKI
SISLEY,LES PHYTO-OMBRES 30 SILKY SKY,3473311866134,SLY186613,,,,,,,,,,, SSL0000000186, LES PHYTO-OMBRES 30 SILKY SKY
SISLEY,LES PHYTO-OMBRES 31 METALLIC PINK,3473311866141,SLY186614,,,,,,,,,,, SSL0000000187, LES PHYTO-OMBRES 31 METALLIC PINK
SISLEY,LES PHYTO-OMBRES 32 SILKY CORAL,3473311866158,SLY186615,,,,,,,,,,, SSL0000000188, LES PHYTO-OMBRES 32 SILKY CORAL
SISLEY,LES PHYTO-OMBRES 34 SPARKLING PURPLE,3473311866172,SLY186617,,,,,,,,,,, SSL0000000189, LES PHYTO-OMBRES 34 SPARKLING PURPLE
SISLEY,LES PHYTO-OMBRES 40 GLOW PEARL,3473311866189,SLY186618,,,,,,,,,,, SSL0000000190, LES PHYTO-OMBRES 40 GLOW PEARL
SISLEY,LES PHYTO-OMBRES 41 GLOW GOLD,3473311866196,SLY186619,,,,,,,,,,, SSL0000000191, LES PHYTO-OMBRES 41 GLOW GOLD
SISLEY,LES PHYTO-OMBRES 42 GLOW SILVER,3473311866202,SLY186620,,,,,,,,,,, SSL0000000192, LES PHYTO-OMBRES 42 GLOW SILVER
SISLEY,OMBRE ECLAT LIQUIDE 1 CHAMPAGNE,3473311867018,SLY186701,,,,,,,,,,, SSL0000000194, OMBRE ECLAT LIQUIDE 1 CHAMPAGNE
SISLEY,PHYTO-EYE TWIST °16 TAUPE,3473311870261,SLY187026,,,,,,,,,,, SSL0000000212, PHYTO-EYE TWIST °16 TAUPE
SISLEY,PHYTO-EYE TWIST N°17 ROSE BRONZE,3473311870278,SLY187027,,,,,,,,,,, SSL0000000213, PHYTO-EYE TWIST N°17 ROSE BRONZE
SISLEY,PHYTO-KHOL PERFECT N°1 BLACK,3473311873118,SLY187311,,,,,,,,,,, SSL0000000217, PHYTO-KHOL PERFECT N°1 BLACK
SISLEY,PHYTO-KHOL PERFECT N°7 SNOW,3473311873170,SLY187317,,,,,,,,,,, SSL0000000223, PHYTO-KHOL PERFECT N°7 SNOW
SISLEY,PHYTO-KHOL PERFECT N°10 EBONY,3473311873200,SLY187320,,,,,,,,,,, SSL0000000226, PHYTO-KHOL PERFECT N°10 EBONY
SISLEY,LE PHYTO-ROUGE BEIGE N°10 JAIPUR,3473311703415,SLY170341,,,,,,,,,,, SSL0000000254, LE PHYTO-ROUGE BEIGE N°10 JAIPUR
SISLEY,LE PHYTO-ROUGE BEIGE N°11 TAHITI ,3473311703422,SLY170342,,,,,,,,,,, SSL0000000255, LE PHYTO-ROUGE BEIGE N°11 TAHITI 
SISLEY,LE PHYTO-ROUGE BEIGE N°12 BALI ,3473311703439,SLY170343,,,,,,,,,,, SSL0000000256, LE PHYTO-ROUGE BEIGE N°12 BALI 
SISLEY,LE PHYTO-ROUGE BEIGE N°13 ELDORADO,3473311703446,SLY170344,,,,,,,,,,, SSL0000000257, LE PHYTO-ROUGE BEIGE N°13 ELDORADO
SISLEY,LE PHYTO-ROUGE ROSE N° 20 PORTOFINO,3473311703460,SLY170346,,,,,,,,,,, SSL0000000258, LE PHYTO-ROUGE ROSE N° 20 PORTOFINO
SISLEY,LE PHYTO-ROUGE ROSE N°22 PARIS ,3473311703484,SLY170348,,,,,,,,,,, SSL0000000260, LE PHYTO-ROUGE ROSE N°22 PARIS 
SISLEY,LE PHYTO-ROUGE ROSE N°23 DELHI,3473311703491,SLY170349,,,,,,,,,,, SSL0000000261, LE PHYTO-ROUGE ROSE N°23 DELHI
SISLEY,LE PHYTO-ROUGE ORANGE N°30 IBIZA ,3473311703538,SLY170353,,,,,,,,,,, SSL0000000262, LE PHYTO-ROUGE ORANGE N°30 IBIZA 
SISLEY,LE PHYTO-ROUGE ORANGE N°32 CALVI ,3473311703552,SLY170355,,,,,,,,,,, SSL0000000264, LE PHYTO-ROUGE ORANGE N°32 CALVI 
SISLEY,LE PHYTO-ROUGE ORANGE N°33 SEVILLA ,3473311703569,SLY170356,,,,,,,,,,, SSL0000000265, LE PHYTO-ROUGE ORANGE N°33 SEVILLA 
SISLEY,LE PHYTO-ROUGE ROUGE N°40 MONACO,3473311703576,SLY170357,,,,,,,,,,, SSL0000000266, LE PHYTO-ROUGE ROUGE N°40 MONACO
SISLEY,LE PHYTO-ROUGE ROUGE N°41 MIAMI,3473311703583,SLY170358,,,,,,,,,,, SSL0000000267, LE PHYTO-ROUGE ROUGE N°41 MIAMI
SISLEY,LE PHYTO-ROUGE ROUGE N°42 RIO,3473311703590,SLY170359,,,,,,,,,,, SSL0000000268, LE PHYTO-ROUGE ROUGE N°42 RIO
SISLEY,LE PHYTO-ROUGE ROUGE N°43 CAPRI,3473311703606,SLY170360,,,,,,,,,,, SSL0000000269, LE PHYTO-ROUGE ROUGE N°43 CAPRI
SISLEY,LE PHYTO-ROUGE BEIGE N°15 MANHATTAN,3473311703613,SLY170361,,,,,,,,,,, SSL0000000270, LE PHYTO-ROUGE BEIGE N°15 MANHATTAN
SISLEY,LE PHYTO-ROUGE ROUGE N°27 BOLCHOI,3473311703620,SLY170362,,,,,,,,,,, SSL0000000271, LE PHYTO-ROUGE ROUGE N°27 BOLCHOI
SISLEY,PHYTO-ROUGE SHINE 20 SHEER PETAL,3473311705037,SLY170503,,,,,,,,,,, SSL0000000276, PHYTO-ROUGE SHINE 20 SHEER PETAL
SISLEY,PHYTO-ROUGE SHINE 23 SHEER FLAMINGO,3473311705068,SLY170506,,,,,,,,,,, SSL0000000279, PHYTO-ROUGE SHINE 23 SHEER FLAMINGO
SISLEY,PHYTO-ROUGE SHINE 41 SHEER RED LOVE,3473311705105,SLY170510,,,,,,,,,,, SSL0000000283, PHYTO-ROUGE SHINE 41 SHEER RED LOVE
SISLEY,PHYTO-LIP TWIST N°21 RUBY- MATTE,3473311878212,SLY187821,,,,,,,,,,, SSL0000000320, PHYTO-LIP TWIST N°21 RUBY- MATTE
SISLEY,PHYTO-LIP TWIST  N°23 BLACK ROSE -MATTE ,3473311878236,SLY187823,,,,,,,,,,, SSL0000000322, PHYTO-LIP TWIST  N°23 BLACK ROSE -MATTE 
SISLEY,REVITALIZING FORTIFYING SERUM,3473311692108,SHR169210,,,,,,,,,,, SSL0000000327, REVITALIZING FORTIFYING SERUM
LA PRAIRIE,THE PLATINUM COLLECTION,,,,,,,,,,,,,,
LA PRAIRIE,PLATINUM RARE CELLULAR NIGHT ELIXIR,7611773085892,LP126584,7611773162692,LP142002,,,,,,,,,LP0000000009,PLATINUM RARE CELLULAR NIGHT ELIXIR 20 ML
LA PRAIRIE,PLATINUM RARE HAUTE-REJUVENATION CREAM 50 ML,7611773108553,LP131828,7611773162661,LP141999,,,,,,,,,LP0000000011,PLATINUM RARE HAUTE-REJUVENATION CREAM 50 ML
LA PRAIRIE,PLATINUM RARE HAUTE-REJUVENATION CREAM 30 ML,7611773108638,LP131836,7611773162678,LP142000,,,,,,,,,LP0000000012,PLATINUM RARE HAUTE-REJUVENATION CREAM 30 ML
LA PRAIRIE,PLATINUM RARE HAUTE-REJUVENATION ELIXIR,7611773108713,LP131845,7611773162524,LP141970,,,,,,,,,LP0000000013,PLATINUM RARE HAUTE-REJUVENATION ELIXIR 30 ML
LA PRAIRIE,PLATINUM RARE HAUTE-REJUVENATION EYE CREAM,7611773108799,LP131853,7611773162630,LP141995,,,,,,,,,LP0000000014,PLATINUM RARE HAUTE-REJUVENATION EYE CREAM 20 ML
LA PRAIRIE,PLATINUM RARE HAUTE-REJUVENATION EYE ELIXIR,7611773108874,LP131861,7611773162654,LP141998,,,,,,,,,LP0000000015,PLATINUM RARE HAUTE-REJUVENATION EYE ELIXIR 15 ML
LA PRAIRIE,PLATINUM RARE HAUTE-REJUVENATION PROTOCOL,7611773120227,LP134059,7611773131650,LP136132,,,,,,,,,LP0000000001,PLATINUM RARE HAUTE-REJUVENATION PROTOCOL 8ML X 3
LA PRAIRIE,PLATINUM RARE HAUTE-REJUVENATION LOTION,7611773133326,LP136532,7611773097246,LP129407,,,,,,,,,,
LA PRAIRIE,PLATINUM RARE HAUTE-REJUVENATION MASK,7611773138789,LP137686,,,,,,,,,,,LP0000000050,PLATINUM RARE HAUTE-REJUVENATION MASK 20 ML
LA PRAIRIE,LIFE MATRIX,,,,,,,,,,,,,,
LA PRAIRIE,LIFE MATRIX HAUTE-REJUVENATION CREAM,7611773145589,LP139482,,,,,,,,,,,LP0000000059,LIFE MATRIX HAUTE-REJUVENATION CREAM 50 ML
LA PRAIRIE,THE SKIN CAVIAR COLLECTION,,,,,,,,,,,,,,
LA PRAIRIE,SKIN CAVIAR EYE ESSENCE,7611773146647,LP139778,,,,,,,,,,,LP0000000060,SC EYE ESSENCE 15ML VW 
LA PRAIRIE,SKIN CAVIAR ESSENCE IN LOTION 150 ML,7611773060578,LP120340,,LP134617,,,,,,,,,LP0000000002,SKIN CAVIAR ESSENCE-IN-LOTION 150 ML
LA PRAIRIE,SKIN CAVIAR ESSENCE IN LOTION 80 ML,7611773159319,LP141568,,,,,,,,,,,LP0000000064,SC ESSENCE IN LOTION 80ML VW INT
LA PRAIRIE,SKIN CAVIAR LUXE CREAM 30 ML,7611773168366,LP143001,,,,,,,,,,,,
LA PRAIRIE,SKIN CAVIAR CONC FOUND SPF15 30 ML,7611773052733,LP116307,7611773052733,,,,,,,,,,,
LA PRAIRIE,SKIN CAVIAR LUXE CREAM 100 ML,7611773081535,LP125200,7611773139687,LP137946,7611773164344,LP142367,,,,,,,LP0000000020,SKIN CAVIAR LUXE CREAM 100 ML
LA PRAIRIE,SKIN CAVIAR LUXE CREAM 50 ML,,LP125194,,LP128665,7611773081504,LP134616,7611773139670,LP137945,7611773164337,LP142366,,,LP0000000003,SKIN CAVIAR LUXE CREAM 50 ML
LA PRAIRIE,SKIN CAVIAR LUXE EYE CREAM 20 ML,7611773081559,LP125202,,LP130564,7611773169875,LP143575,,,,,,,LP0000000004,SKIN CAVIAR LUXE EYE CREAM 20 ML
LA PRAIRIE,SKIN CAVIAR LUXE CREAM SHEER 100ML,,LP125209,7611773081627,LP125809,7611773139700,LP137948,7611773164368,LP142369,,,,,LP0000000006,SKIN CAVIAR LUXE CREAM SHEER 50 ML
LA PRAIRIE,SKIN CAVIAR LUXE CREAM SHEER 50ML,7611773081597,LP125206,,LP128669,7611773139694,LP137947,7611773164351,LP142368,,,,,LP0000000005,SKIN CAVIAR LUXE CREAM SHEER 100 ML
LA PRAIRIE,SKIN CAVIAR LUXE SLEEP MASK,7611773085663,LP126486,,LP128674,7611773169905,LP143578,,,,,,,LP0000000007,SKIN CAVIAR LUXE SLEEP MASK 50 ML
LA PRAIRIE,SKIN CAVIAR EYE LIFT,7611773144131,LP139144,,,,,,,,,,,LP0000000021,SKIN CAVIAR EYE LIFT 20 ML
LA PRAIRIE,SKIN CAVIAR ABSOLUTE FILLER,7611773107266,LP131559,,LP120349,,,,,,,,,LP0000000023,SKIN CAVIAR ABSOLUTE FILLER 60 ML
LA PRAIRIE,SKIN CAVIAR NIGHTTIME OIL,7611773121170,LP134778,,,,,,,,,,,LP0000000024,SKIN CAVIAR NIGHTTIME OIL 20 ML
LA PRAIRIE,SKIN CAVIAR HARMONY EXTRAIT,7611773133739,LP136646,,,,,,,,,,,LP0000000047,SKIN CAVIAR HARMONY L' EXTRAIT 20 ML
LA PRAIRIE,SKIN CAVIAR MIST,7611773146807,LP139794,,,,,,,,,,,LP0000000057,SKIN CAVIAR THE MIST 50 ML
LA PRAIRIE,SKIN CAVIAR HYDRO EMULSION 70 ML,7611773154758,LP140597,,,,,,,,,,,LP0000000065,SKIN CAVIAR HYDRO EMULSION 70 ML
LA PRAIRIE,SKIN CAVIAR HYDRO EMULSION 30 ML,7611773158022,LP141195,,,,,,,,,,,LP0000000066,SKIN CAVIAR HYDRO EMULSION 30 ML
LA PRAIRIE,SKIN CAVIAR LIQUID LIFT 50 ML,7611773158923,LP141376,,,,,,,,,,,LP0000000061,SKIN CAVIAR LIQUID LIFT 50 ML 50 ML
LA PRAIRIE,SKIN CAVIAR LIQUID LIFT 30 ML,7611773158909,LP141374,,,,,,,,,,,LP0000000062,SKIN CAVIAR LIQUID LIFT 30 ML 30 ML
LA PRAIRIE,THE WHITE CAVIAR COLLECTION,,,,,,,,,,,,,,
LA PRAIRIE,WHITE CAVIAR PEARL INFUSION,7611773074230,LP123521,7611773132930,LP136397,,,,,,,,,LP0000000026,WHITE CAVIAR ILLUMINATING PEARL INFUSION 30 ML
LA PRAIRIE,WHITE CAVIAR LIGHT INFUSSION CREAM 50 ML,7611773156820,LP140991,,,,,,,,,,,,
LA PRAIRIE,WHITE CAVIAR LIGHT INFUSSION ESSENCE 150 ML,7611773156837,LP140992,,,,,,,,,,,,
LA PRAIRIE,WHITE CAVIAR EYE EXTRAORDINAIRE,7611773110051,LP132041,7611773132107,LP136176,,,,,,,,,LP0000000027,WHITE CAVIAR EYE EXTRAORDINAIRE 20 ML
LA PRAIRIE,WHITE CAVIAR LIGHT INFUSION EYE SERUM,7611773156851,LP140994,,,,,,,,,,,LP0000000056,SKIN CAVIAR CONCEALER FOUNDATION SPF15 30ML - MOCHA
LA PRAIRIE,WHITE CAVIAR LIGHT CONCENTRATE ,7611773146968,LP139868,,,,,,,,,,,LP0000000063,SKIN CAVIAR WHITE CAVIAR LIGHT CONCENTRATE 
LA PRAIRIE,PURE GOLD,,,,,,,,,,,,,,
LA PRAIRIE,PURE GOLD RADIANCE CREAM,7611773141444,LP138296,7611773118637,LP133716,7611773160681,LP141714,,,,,,,LP0000000041,PURE GOLD RADIANCE CREAM 50 ML
LA PRAIRIE,PURE GOLD RADIANCE EYE CREAM,7611773141468,LP138298,7611773118736,LP133726,7611773160674,LP141713,,,,,,,LP0000000043,PURE GOLD RADIANCE EYE CREAM 20 ML
LA PRAIRIE,PURE GOLD RADIANCE CONCENTRATE,7611773141482,LP138300,7611773118835,LP133736,7611773161374,LP141783,,,,,,,LP0000000042,PURE GOLD RADIANCE CONCENTRATE 30 ML
LA PRAIRIE,PURE GOLD RADIANCE NOCTURNAL BALM,7611773132961,LP136400,7611773141383,LP138290,7611773160667,LP141712,,,,,,,LP0000000048,PURE GOLD RADIANCE NOCTURNAL BALM 60 ML
LA PRAIRIE,PURE GOLD REVITALISING ESSENCE,7611773146678,LP139781,,,,,,,,,,,LP0000000067,PURE GOLD REVITALISING ESSENCE
LA PRAIRIE,SWISS CELLULAR EXFOLIATOR & MASKS,,,,,,,,,,,,,,
LA PRAIRIE,CELLULAR 3-MINUTE PEEL,7611773189361,LP18936,,,,,,,,,,,LP0000000029,CELLULAR 3-MINUTE PEEL 40 ML
LA PRAIRIE,CELLULAR HYDRALIFT FIRMING MASK,7611773275910,LP27591,,,,,,,,,,,LP0000000030,CELLULAR HYDRALIFT FIRMING MASK 50 ML
LA PRAIRIE,CELLULAR MINERAL FACE EXFOLIATOR,7611773026864,LP110722,,,,,,,,,,,LP0000000031,CELLULAR MINERAL FACE EXFOLIATOR 100 ML
LA PRAIRIE,SWISS CELLULAR CLEANSERS & TONERS,,,,,,,,,,,,,,
LA PRAIRIE,PURIFYING CREAM CLEANSER,7611773235068,LP23506,,,,,,,,,,,LP0000000032,PURIFYING CREAM CLEANSER 200 ML
LA PRAIRIE,CELLULAR REFINING LOTION,7611773235211,LP23521,,,,,,,,,,,LP0000000033,CELLULAR REFINING LOTION 250 ML
LA PRAIRIE,FOAM CLEANSER,7611773248853,LP24885,,,,,,,,,,,LP0000000034,FOAM CLEANSER 125 ML
LA PRAIRIE,CELLULAR SOFTENING AND BALANCING LOTION,7611773272476,LP27247,7611773164375,LP142370,,,,,,,,,LP0000000035,CELLULAR SOFTENING AND BALANCING LOTION 250 ML
LA PRAIRIE,SUPREME BALM CLEANSER,7611773097710,LP129523,,,,,,,,,,,LP0000000036,SUPREME BALM CLEANSER 100 ML
LA PRAIRIE,CRYSTAL MICELLAR WATER,7611773097871,LP129543,,,,,,,,,,,LP0000000037,CRYSTAL MICELLAR WATER 150 ML
LA PRAIRIE,CELLULAR EYE MAKEUP REMOVER,7611773166249,LP142594,,,,,,,,,,,LP0000000068,CELLULAR EYE MAKEUP REMOVER
LA PRAIRIE,SWISS CELLULAR BODY CARE,,,,,,,,,,,,,,
LA PRAIRIE,CELLULAR HAND CREAM,7611773264327,LP26432,,,,,,,,,,,LP0000000038,CELLULAR HAND CREAM 100 ML
LA PRAIRIE,CASHMERE BODY CREAM,7611773169332,LP143335,,,,,,,,,,,,
LA PRAIRIE,SWISS CELLULAR UV PROTECTION,,,,,,,,,,,,,,
LA PRAIRIE,CELLULAR SWISS UV PROTECTION VEIL SPF50,7611773063340,LP121230,,,,,,,,,,,LP0000000040,CELLULAR SWISS UV PROTECTION VEIL SPF50 50 ML
LA PRAIRIE,THE SKIN CAVIAR COLLECTION,,,,,,,,,,,,,,
LA PRAIRIE,SKIN CAVIAR CONCLEAR FONDATION SPF15 30ML - PORCEL BLU VW 30 ML,7611773052634,LP116297,,,,,,,,,,,LP0000000051,SKIN CAVIAR CONCEALER FOUNDATION SPF15 30ML - PORCELAINE BLUSH
LA PRAIRIE,SKIN CAVIAR CONCLEAR FONDATION SPF15 30ML - CREME PECH VW 30 ML,7611773052658,LP116299,,,,,,,,,,,LP0000000052,SKIN CAVIAR CONCEALER FOUNDATION SPF15 30ML - CREME PECHE 
LA PRAIRIE,SKIN CAVIAR CONCLEAR FONDATION SPF15 30ML - PECHE VW 30 ML,7611773052665,LP116300,,,,,,,,,,,LP0000000053,SKIN CAVIAR CONCEALER FOUNDATION SPF15 30ML - PECHE 
LA PRAIRIE,SKIN CAVIAR CONCLEAR FONDATION SPF15 30ML - HONEY BEIG VW 30 ML,7611773052689,LP116302,,,,,,,,,,,LP0000000054,SKIN CAVIAR CONCEALER FOUNDATION SPF15 30ML - HONEY BEIGE
LA PRAIRIE,SKIN CAVIAR CONCLEAR FONDATION SPF15 30ML - GOLD BE VW 30 ML,7611773052726,LP116306,,,,,,,,,,,LP0000000055,SKIN CAVIAR CONCEALER FOUNDATION SPF15 30ML - GOLDEN BEIGE
LA PRAIRIE,KABIN ÜRÜNLERİ,,,,,,,,,,,,,,
LA PRAIRIE,SC ESS IN LOTION 150ML SE INT,7611773060592,LP120342,,,,,,,,,,,,
LA PRAIRIE,CELL MIN FACE & BODY EXFOLIATOR 250ML SE,7611773073400,LP123375,,,,,,,,,,,,
LA PRAIRIE,WC ILL PEARL INFUSION 30ML SE INT,7611773074292,LP123585,,,,,,,,,,,,
LA PRAIRIE,SC LUXE CREAM BCC 100ML SE INT,7611773081702,LP125260,,,,,,,,,,,,
LA PRAIRIE,SC LUXE EYE CREAM BCC 20ML SE INT,7611773081719,LP125263,,,,,,,,,,,,
LA PRAIRIE,SC LIQUID LIFT BCC 50ML SE INT,7611773081726,LP125284,,,,,,,,,,,,
LA PRAIRIE,SC LUXE SLEEP MASK BCC 50ML SE INT,7611773081733,LP125285,,,,,,,,,,,,
LA PRAIRIE,SC LUXE CREAM SHEER BCC 100ML SE INT,7611773081740,LP125286,,,,,,,,,,,,
LA PRAIRIE,CELL PLAT NIGHT ELIXIR 20ML SE INT,7611773086189,LP126633,,,,,,,,,,,,
LA PRAIRIE,WC CREME EXTRAORDINAIRE 60ML SE INT,7611773087216,LP126915,,,,,,,,,,,,
LA PRAIRIE,SC EIF SPF25 15ML - MOCHA DE,7611773088138,LP127164,,,,,,,,,,,,
LA PRAIRIE,CELL PLAT LIFE LOTION 115ML SE INT,7611773097420,LP129449,,,,,,,,,,,,
LA PRAIRIE,SUPREME BALM CLEANSER 100ML SE INT,7611773097741,LP129527,,,,,,,,,,,,
LA PRAIRIE,CRYSTAL MICELLAR WATER 150ML SE INT,7611773097895,LP129545,,,,,,,,,,,,
LA PRAIRIE,SC EYE LIFT 20ML SE INT,7611773098779,LP129749,,,,,,,,,,,,
LA PRAIRIE,SC LOOSE POWDER 40GR - T0 CONSULT DE,7611773100311,LP130073,,,,,,,,,,,,
LA PRAIRIE,SC ABSOLUTE FILLER 2020 60ML SE INT,7611773107303,LP131563,,,,,,,,,,,,
LA PRAIRIE,PR HR CREAM 50ML SE INT,7611773108584,LP131831,,,,,,,,,,,,
LA PRAIRIE,PR HR ELIXIR 30ML SE INT,7611773108737,LP131847,,,,,,,,,,,,
LA PRAIRIE,PR HR EYE CREAM 20ML SE INT,7611773108812,LP131855,,,,,,,,,,,,
LA PRAIRIE,PR HR EYE ELIXIR 15ML SE INT,7611773108898,LP131863,,,,,,,,,,,,
LA PRAIRIE,SC PERF CONCEALER 6ML - SAHDE 20 DE INT,7611773110983,LP132427,,,,,,,,,,,,
LA PRAIRIE,WC ESSENCE EXTRAORDINAIRE 150ML SE INT,7611773119719,LP133948,,,,,,,,,,,,
LA PRAIRIE,SC NIGHTTIME OIL 20ML_SE,7611773121255,LP134786,,,,,,,,,,,,
LA PRAIRIE,PR HR PROTOCOL 1X8ML SE INT RF,7611773131674,LP136134,,,,,,,,,,,,
LA PRAIRIE,WC EYE EXTRAORDINAIRE 20ML SE INT RF,7611773132138,LP136179,,,,,,,,,,,,
LA PRAIRIE,WC PEARL INFUSION RE-INNO 30ML SE INT,7611773132978,LP136401,,,,,,,,,,,,
LA PRAIRIE,PR HR LIFE LOTION 115ML SE INT RF,7611773133401,LP136540,,,,,,,,,,,,
LA PRAIRIE,SC HARMONY L EXTRAIT 20ML SE,7611773133777,LP136651,,,,,,,,,,,,
LA PRAIRIE,PR HR MASK 20ML+12X0.7ML SE INT,7611773138833,LP137691,,,,,,,,,,,,
LA PRAIRIE,SC LUXE CREAM RF 100ML SE,7611773139731,LP137951,,,,,,,,,,,,
LA PRAIRIE,SC LUXE CREAM SHEER RF 100ML SE,7611773139748,LP137952,,,,,,,,,,,,
LA PRAIRIE,PG NOCTURNAL BALM 60ML SE INT RF,7611773141420,LP138294,,,,,,,,,,,,
LA PRAIRIE,PG RAD CREAM 50ML SE INT RF,7611773141567,LP138308,,,,,,,,,,,,
LA PRAIRIE,PG RAD EYE CREAM 20ML SE INT RF,7611773141574,LP138309,,,,,,,,,,,,
LA PRAIRIE,PG RAD CONCENTRATE 30ML SE INT RF,7611773141581,LP138310,,,,,,,,,,,,
LA PRAIRIE,SC EYE LIFT RF 20 ML SE,7611773144186,LP139149,,,,,,,,,,,,
LA PRAIRIE,BODY SCRUB 250 G SE INT,7611773144292,LP139166,,,,,,,,,,,,
LA PRAIRIE,BODY MASSAGE OIL RP 150 ML SE INT,7611773144308,LP139167,,,,,,,,,,,,
LA PRAIRIE,BODY LOTION RP 250 ML SE INT,7611773144315,LP139168,,,,,,,,,,,,
LA PRAIRIE,LIFE MATRIX HR CREAM 50ML SE,7611773145664,LP139490,,,,,,,,,,,,
LA PRAIRIE,SC HYDRO EMULSION 70ML SE INT,7611773155038,LP140670,,,,,,,,,,,,
LA PRAIRIE,WC L EXTRAIT 20ML SE INT,7611773158640,LP141319,,,,,,,,,,,,
LA PRAIRIE,SC LIQUID LIFT RF 50ML SE 3 3,7611773158961,LP141380,,,,,,,,,,,,
LA PRAIRIE,PR CELL NIGHT ELIXIR 20ML SE J,7611773164382,LP142371,,,,,,,,,,,,
LA PRAIRIE,PRHR EYE ELIXIR 15ML SE J,7611773164849,LP142423,,,,,,,,,,,,
LA PRAIRIE,PRHR EYE CREAM 20ML SE J,7611773164863,LP142425,,,,,,,,,,,,
LA PRAIRIE,EMR 80ML SE,7611773166232,LP142593,,,,,,,,,,,,
LA PRAIRIE,WC EYE SERUM 15ML SE,7611773166737,LP142745,,,,,,,,,,,,
LA PRAIRIE,WC FACE CREAM 50ML RF SE,7611773167987,LP142950,,,,,,,,,,,,
LA PRAIRIE,WC LI ESSENCE 150ML RF SE,7611773168045,LP142956,,,,,,,,,,,,
LA PRAIRIE,CASHMERE BODY CREAM 200ML SE INT,7611773169455,LP143346,,,,,,,,,,,,
LA PRAIRIE,CELL 3 MINUTE PEEL 250ML SE INT,7611773150798,LP15079,,,,,,,,,,,,
LA PRAIRIE,CELL REFINING LOTION 250ML SE INT,7611773242684,LP24268,,,,,,,,,,,,
LA PRAIRIE,ESSENCE SC EYE COMPLEX 15ML SE INT,7611773243049,LP24304,,,,,,,,,,,,
LA PRAIRIE,CELL MASSAGE CREAM 350ML SE INT,7611773245463,LP24546,,,,,,,,,,,,
LA PRAIRIE,PURIF CREAM CLEANSER 200ML SE INT,7611773245708,LP24570,,,,,,,,,,,,
LA PRAIRIE,FOAM CLEANSER 125ML SE INT,7611773245715,LP24571,,,,,,,,,,,,
LA PRAIRIE,CELL HAND CREAM 100ML SE INT,7611773265195,LP26519,,,,,,,,,,,,
LA PRAIRIE,CELL SOFT&BALANCING LOTION 250ML SE INT,7611773275187,LP27518,,,,,,,,,,,,
LA PRAIRIE,CELL HYDRALIFT FIRM MASK 250ML SE INT,7611773278188,LP27818,,,,,,,,,,,,
LA PRAIRIE,CELL ENERGIZING MIST 100ML SE INT,7611773278737,LP27873,,,,,,,,,,,,
LA PRAIRIE,DELİST,,,,,,,,,,,,,,
LA PRAIRIE,WHITE CAVIAR CREME EXTRAORDINAIRE,7611773087179,LP126909,,LP126918,,,,,,,,,LP0000000008,WHITE CAVIAR CREME EXTRAORDINAIRE 60 ML
LA PRAIRIE,WHITE CAVIAR ESSENCE EXTRAORDINAIRE,7611773119696,LP133946,,,,,,,,,,,LP0000000028,WHITE CAVIAR ESSENCE EXTRAORDINAIRE 150 ML
GIVENCHY,MASCARA,,,,,,,,,,,,,,
GIVENCHY,L'INTERDIT MASCARA BLACK N1 8G,3274872464353,GVCP000160,,,,,,,,,,,GVCP00000252,L'INTERDIT MASCARA BLACK N1
GIVENCHY,PRISME LIBRE PRIMER&MIST,,,,,,,,,,,,,,
GIVENCHY,PRISME LIBRE PRIMER & MIST 70ML OTC,3274872437869,GVCP090307,3274872492776,GVCP000410,3274872516519,GVCP090819,,,,,,,GVCP00000215,PL PRIMER & MIST 70ML OTC
GIVENCHY,PRISME LIBRE,,,,,,,,,,,,,,
GIVENCHY,"PRISME LIBRE 24 4X2,5G N01",3274872458598,GVCP090304,,,,,,,,,,,GVCP00000240,"PRISME LIBRE 24 4X2,5G N01"
GIVENCHY,"PRISME LIBRE 24 4X2,5G N02",3274872458604,GVCP090305,,,,,,,,,,,GVCP00000241,"PRISME LIBRE 24 4X2,5G N02"
GIVENCHY,"PRISME LIBRE 24 4X2,5G N03",3274872458611,GVCP090306,,,,,,,,,,,GVCP00000242,"PRISME LIBRE 24 4X2,5G N03"
GIVENCHY,"PRISME LIBRE 24 4X2,5G N04",3274872458628,GVCP090319,,,,,,,,,,,GVCP00000243,"PRISME LIBRE 24 4X2,5G N04"
GIVENCHY,"PRISME LIBRE 24 4X2,5G N05",3274872458635,GVCP090329,,,,,,,,,,,GVCP00000244,"PRISME LIBRE 24 4X2,5G N05"
GIVENCHY,"PRISME LIBRE 24 4X2,5G N06",3274872458642,GVCP090330,,,,,,,,,,,GVCP00000245,"PRISME LIBRE 24 4X2,5G N06"
GIVENCHY,PRISME LIBRE MINI,,,,,,,,,,,,,,
GIVENCHY,"PL MINI 24 4 x0,75G N01",3274872462342,GVCP000122,,,,,,,,,,,GVCP00000246,"PL MINI 24 4 x0,75G N01"
GIVENCHY,"PL MINI 24 4 x0,75G N02",3274872462588,GVCP000128,,,,,,,,,,,GVCP00000247,"PL MINI 24 4 x0,75G N02"
GIVENCHY,"PL MINI 24 4 x0,75G N03",3274872462359,GVCP000124,,,,,,,,,,,GVCP00000248,"PL MINI 24 4 x0,75G N03"
GIVENCHY,"PL MINI 24 4 x0,75G N04",3274872462366,GVCP000125,,,,,,,,,,,GVCP00000249,"PL MINI 24 4 x0,75G N04"
GIVENCHY,"PL MINI 24 4 x0,75G N05",3274872462373,GVCP000126,,,,,,,,,,,GVCP00000250,"PL MINI 24 4 x0,75G N05"
GIVENCHY,"PL MINI 24 4 x0,75G N06",3274872462380,GVCP000127,,,,,,,,,,,GVCP00000251,"PL MINI 24 4 x0,75G N06"
GIVENCHY,PRISME LIBRE CONCEALER,,,,,,,,,,,,,,
GIVENCHY,PRISME LIBRE CONCEALER 11ML N80,3274872446083,GVCP087572,,,,,,,,,,,GVCP00000108,PL CONCEALER 23 11ML N80
GIVENCHY,PRISME LIBRE CONCEALER 11ML N95,3274872446090,GVCP087573,,,,,,,,,,,GVCP00000109,PL CONCEALER 23 11ML N95
GIVENCHY,PRISME LIBRE CONCEALER 11ML W100,3274872446106,GVCP087574,,,,,,,,,,,GVCP00000110,PL CONCEALER 23 11ML W100
GIVENCHY,PRISME LIBRE CONCEALER 11ML C105,3274872446113,GVCP087575,,,,,,,,,,,GVCP00000111,PL CONCEALER 23 11ML C105
GIVENCHY,PRISME LIBRE CONCEALER 11ML W110,3274872446120,GVCP087576,,,,,,,,,,,GVCP00000112,PL CONCEALER 23 11ML W110
GIVENCHY,PRISME LIBRE CONCEALER 11ML N120,3274872446137,GVCP087577,,,,,,,,,,,GVCP00000113,PL CONCEALER 23 11ML N120
GIVENCHY,PRISME LIBRE CONCEALER 11ML C180,3274872446144,GVCP087578,,,,,,,,,,,GVCP00000114,PL CONCEALER 23 11ML C180
GIVENCHY,PRISME LIBRE CONCEALER 11ML W245,3274872446168,GVCP087580,,,,,,,,,,,GVCP00000116,PL CONCEALER 23 11ML W245
GIVENCHY,PRISME LIBRE CONCEALER 11ML N250,3274872446175,GVCP087581,,,,,,,,,,,GVCP00000117,PL CONCEALER 23 11ML N250
GIVENCHY,PRISME LIBRE CONCEALER 11ML N270,3274872446182,GVCP087582,,,,,,,,,,,GVCP00000118,PL CONCEALER 23 11ML N270
GIVENCHY,PRISME LIBRE CONCEALER 11ML N280,3274872446199,GVCP087583,,,,,,,,,,,GVCP00000119,PL CONCEALER 23 11ML N280
GIVENCHY,PRISME LIBRE CONCEALER 11ML C305,3274872446205,GVCP087584,,,,,,,,,,,GVCP00000120,PL CONCEALER 23 11ML C305
GIVENCHY,PRISME LIBRE CONCEALER 11ML W310,3274872446212,GVCP087585,,,,,,,,,,,GVCP00000121,PL CONCEALER 23 11ML W310
GIVENCHY,PRISME LIBRE CONCEALER 11ML N312,3274872446229,GVCP087586,,,,,,,,,,,GVCP00000122,PL CONCEALER 23 11ML N312
GIVENCHY,PRISME LIBRE CONCEALER 11ML N345,3274872446243,GVCP087588,,,,,,,,,,,GVCP00000124,PL CONCEALER 23 11ML N345
GIVENCHY,PRISME LIBRE CONCEALER 11ML N385,3274872446250,GVCP087589,,,,,,,,,,,GVCP00000125,PL CONCEALER 23 11ML N385
GIVENCHY,PRISME LIBRE CORRECTOR,,,,,,,,,,,,,,
GIVENCHY,PRISME LIBRE CORRECTOR 11ML BLUE,3274872446328,GVCP087596,,,,,,,,,,,GVCP00000126,PL CORRECTOR 11ML BLUE
GIVENCHY,PRISME LIBRE CORRECTOR 11ML PEACH,3274872446335,GVCP087597,,,,,,,,,,,GVCP00000127,PL CORRECTOR 11ML PEACH
GIVENCHY,PRISME LIBRE CORRECTOR 11ML GREEN,3274872446342,GVCP087598,,,,,,,,,,,GVCP00000128,PL CORRECTOR 11ML GREEN
GIVENCHY,PRISME LIBRE GLOW SERUM FOUNDATION,,,,,,,,,,,,,,
GIVENCHY,PRISME LIBRE GLOW SERUM FOUNDATION 30ML 0N,3274872484917,GVCP000316,,,,,,,,,,,GVCP00000278,PRISME LIBRE GLOW SERUM FOUNDATION 30ML 0N
GIVENCHY,PRISME LIBRE GLOW SERUM FOUNDATION 30ML 0C,3274872483903,GVCP000317,,,,,,,,,,,GVCP00000279,PRISME LIBRE GLOW SERUM FOUNDATION 30ML 0C
GIVENCHY,PRISME LIBRE GLOW SERUM FOUNDATION 30ML 0.5N,3274872483910,GVCP000318,,,,,,,,,,,GVCP00000280,PRISME LIBRE GLOW SERUM FOUNDATION 30ML 0.5N
GIVENCHY,PRISME LIBRE GLOW SERUM FOUNDATION 30ML 0.5C,3274872483927,GVCP000319,,,,,,,,,,,GVCP00000281,PRISME LIBRE GLOW SERUM FOUNDATION 30ML 0.5C
GIVENCHY,PRISME LIBRE GLOW SERUM FOUNDATION 30ML 1N,3274872483934,GVCP000320,,,,,,,,,,,GVCP00000282,PRISME LIBRE GLOW SERUM FOUNDATION 30ML 1N
GIVENCHY,PRISME LIBRE GLOW SERUM FOUNDATION 30ML 1.5N,3274872483941,GVCP000321,,,,,,,,,,,GVCP00000283,PRISME LIBRE GLOW SERUM FOUNDATION 30ML 1.5N
GIVENCHY,PRISME LIBRE GLOW SERUM FOUNDATION 30ML 1.5W,3274872483958,GVCP000322,,,,,,,,,,,GVCP00000284,PRISME LIBRE GLOW SERUM FOUNDATION 30ML 1.5W
GIVENCHY,PRISME LIBRE GLOW SERUM FOUNDATION 30ML 1.5C,3274872483965,GVCP000323,,,,,,,,,,,GVCP00000285,PRISME LIBRE GLOW SERUM FOUNDATION 30ML 1.5C
GIVENCHY,PRISME LIBRE GLOW SERUM FOUNDATION 30ML 2N,3274872483972,GVCP000324,,,,,,,,,,,GVCP00000286,PRISME LIBRE GLOW SERUM FOUNDATION 30ML 2N
GIVENCHY,PRISME LIBRE GLOW SERUM FOUNDATION 30ML 2C,3274872483989,GVCP000325,,,,,,,,,,,GVCP00000287,PRISME LIBRE GLOW SERUM FOUNDATION 30ML 2C
GIVENCHY,PRISME LIBRE GLOW SERUM FOUNDATION 30ML 3C,3274872483996,GVCP000326,,,,,,,,,,,GVCP00000288,PRISME LIBRE GLOW SERUM FOUNDATION 30ML 3C
GIVENCHY,PRISME LIBRE GLOW SERUM FOUNDATION 30ML 3W,3274872484009,GVCP000327,,,,,,,,,,,GVCP00000289,PRISME LIBRE GLOW SERUM FOUNDATION 30ML 3W
GIVENCHY,PRISME LIBRE GLOW SERUM FOUNDATION 30ML 3N,3274872484016,GVCP000328,,,,,,,,,,,GVCP00000290,PRISME LIBRE GLOW SERUM FOUNDATION 30ML 3N
GIVENCHY,PRISME LIBRE GLOW SERUM FOUNDATION 30ML 3.5N,3274872484023,GVCP000329,,,,,,,,,,,GVCP00000291,PRISME LIBRE GLOW SERUM FOUNDATION 30ML 3.5N
GIVENCHY,PRISME LIBRE GLOW SERUM FOUNDATION 30ML 4N,3274872484030,GVCP000330,,,,,,,,,,,GVCP00000292,PRISME LIBRE GLOW SERUM FOUNDATION 30ML 4N
GIVENCHY,PRISME LIBRE GLOW SERUM FOUNDATION 30ML 4W,3274872484047,GVCP000331,,,,,,,,,,,GVCP00000293,PRISME LIBRE GLOW SERUM FOUNDATION 30ML 4W
GIVENCHY,PRISME LIBRE GLOW SERUM FOUNDATION 30ML 4C,3274872484054,GVCP000332,,,,,,,,,,,GVCP00000294,PRISME LIBRE GLOW SERUM FOUNDATION 30ML 4C
GIVENCHY,PRISME LIBRE GLOW SERUM FOUNDATION 30ML 4.5W,3274872484061,GVCP000333,,,,,,,,,,,GVCP00000295,PRISME LIBRE GLOW SERUM FOUNDATION 30ML 4.5W
GIVENCHY,PRISME LIBRE GLOW SERUM FOUNDATION 30ML 4.5N,3274872484078,GVCP000334,,,,,,,,,,,GVCP00000296,PRISME LIBRE GLOW SERUM FOUNDATION 30ML 4.5N
GIVENCHY,PRISME LIBRE GLOW SERUM FOUNDATION 30ML 4.8N,3274872484085,GVCP000335,,,,,,,,,,,GVCP00000297,PRISME LIBRE GLOW SERUM FOUNDATION 30ML 4.8N
GIVENCHY,PRISME LIBRE GLOW SERUM FOUNDATION 30ML 5N,3274872484092,GVCP000336,,,,,,,,,,,GVCP00000298,PRISME LIBRE GLOW SERUM FOUNDATION 30ML 5N
GIVENCHY,PRISME LIBRE GLOW SERUM FOUNDATION 30ML 5.5C,3274872484108,GVCP000337,,,,,,,,,,,GVCP00000299,PRISME LIBRE GLOW SERUM FOUNDATION 30ML 5.5C
GIVENCHY,PRISME LIBRE GLOW SERUM FOUNDATION 30ML 5.5W,3274872484115,GVCP000338,,,,,,,,,,,GVCP00000300,PRISME LIBRE GLOW SERUM FOUNDATION 30ML 5.5W
GIVENCHY,PRISME LIBRE GLOW SERUM FOUNDATION 30ML 6W,3274872484146,GVCP000341,,,,,,,,,,,GVCP00000303,PRISME LIBRE GLOW SERUM FOUNDATION 30ML 6W
GIVENCHY,PRISME LIBRE GLOW SERUM FOUNDATION 30ML 6N,3274872484153,GVCP000342,,,,,,,,,,,GVCP00000304,PRISME LIBRE GLOW SERUM FOUNDATION 30ML 6N
GIVENCHY,PRISME LIBRE GLOW SERUM FOUNDATION 30ML 6.5C,3274872484160,GVCP000343,,,,,,,,,,,GVCP00000305,PRISME LIBRE GLOW SERUM FOUNDATION 30ML 6.5C
GIVENCHY,PRISME LIBRE GLOW SERUM FOUNDATION 30ML 6.7N,3274872484177,GVCP000344,,,,,,,,,,,GVCP00000306,PRISME LIBRE GLOW SERUM FOUNDATION 30ML 6.7N
GIVENCHY,PRISME LIBRE GLOW SERUM FOUNDATION 30ML 6.8N,3274872484184,GVCP000345,,,,,,,,,,,GVCP00000307,PRISME LIBRE GLOW SERUM FOUNDATION 30ML 6.8N
GIVENCHY,PL SERUM PRIMER 26 30ML GREEN,3274872495364,GVCP000427,,,,,,,,,,,,
GIVENCHY,PL SERUM PRIMER 26 30ML PINK,3274872495357,GVCP000426,,,,,,,,,,,,
GIVENCHY,PL SERUM PRIMER 26 30ML PURPLE,3274872495371,GVCP000428,,,,,,,,,,,,
GIVENCHY,PRISME LIBRE BLUSH,,,,,,,,,,,,,,
GIVENCHY,"PRISME LIBRE BLUSH 4,5G N1",3274872455986,GVCP080564,3274872416987,GVCP090751,3274872492028,GVCP000404,,,,,,,GVCP00000203,PRISME LIBRE BLUSH 21 N1
GIVENCHY,"PRISME LIBRE BLUSH 4,5G N2",3274872455993,GVCP080565,3274872416994,GVCP090752,3274872492035,GVCP000405,,,,,,,GVCP00000204,PRISME LIBRE BLUSH 21 N2
GIVENCHY,"PRISME LIBRE BLUSH 4,5G N3",3274872456006,GVCP080566,3274872417007,GVCP090753,3274872492042,GVCP000406,3274872522275,GVCP090887,,,,,GVCP00000205,PRISME LIBRE BLUSH 21 N3
GIVENCHY,"PRISME LIBRE BLUSH 4,5G N4",3274872456013,GVCP080567,3274872417014,GVCP090754,3274872492059,GVCP000407,3274872522282,GVCP090888,,,,,GVCP00000206,PRISME LIBRE BLUSH 21 N4
GIVENCHY,PRISME LIBRE BRONZING POWDER,,,,,,,,,,,,,,
GIVENCHY,PRISME LIBRE BRONZING POWDER 7G 25 H001,3274872488212,GVCP000396,,,,,,,,,,,GVCP00000308,PRISME LIBRE BRONZING POWDER 7G 25 H001
GIVENCHY,PRISME LIBRE BRONZING POWDER 7G 25 H002,3274872488229,GVCP000397,,,,,,,,,,,GVCP00000309,PRISME LIBRE BRONZING POWDER 7G 25 H002
GIVENCHY,PRISME LIBRE BRONZING POWDER 7G 25 H003,3274872494428,GVCP000421,,,,,,,,,,,GVCP00000310,PRISME LIBRE BRONZING POWDER 7G 25 H003
GIVENCHY,PRISME LIBRE BRONZING POWDER 7G 25 H004,3274872504387,GVCP090641,,,,,,,,,,,,
GIVENCHY,PRISME LIBRE P. POWDER,,,,,,,,,,,,,,
GIVENCHY,PRISME LIBRE P.POWDER 25 7G H01,3274872488151,GVCP000390,,,,,,,,,,,GVCP00000311,PRISME LIBRE P.POWDER 25 7G H01
GIVENCHY,PRISME LIBRE P.POWDER 25 7G H02,3274872488168,GVCP000391,,,,,,,,,,,GVCP00000312,PRISME LIBRE P.POWDER 25 7G H02
GIVENCHY,PRISME LIBRE P.POWDER 25 7G H03,3274872488175,GVCP000392,,,,,,,,,,,GVCP00000313,PRISME LIBRE P.POWDER 25 7G H03
GIVENCHY,PRISME LIBRE P.POWDER 25 7G H04,3274872488182,GVCP000393,,,,,,,,,,,GVCP00000314,PRISME LIBRE P.POWDER 25 7G H04
GIVENCHY,PRISME LIBRE P.POWDER 25 7G H05,3274872488199,GVCP000394,,,,,,,,,,,GVCP00000315,PRISME LIBRE P.POWDER 25 7G H05
GIVENCHY,PRISME LIBRE P.POWDER 25 7G H06,3274872488205,GVCP000395,,,,,,,,,,,GVCP00000316,PRISME LIBRE P.POWDER 25 7G H06
GIVENCHY,LE ROUGE SLIM MATTE,,,,,,,,,,,,,,
GIVENCHY,"LE ROUGE SLIM MATTE N01 2,4G",3274872486270,GVCP000351,,,,,,,,,,,GVCP00000318,"LE ROUGE SLIM MATTE N01 2,4G"
GIVENCHY,"LE ROUGE SLIM MATTE N02 2,4G",3274872486287,GVCP000352,,,,,,,,,,,GVCP00000319,"LE ROUGE SLIM MATTE N02 2,4G"
GIVENCHY,"LE ROUGE SLIM MATTE N03 2,4G",3274872486294,GVCP000353,,,,,,,,,,,GVCP00000320,"LE ROUGE SLIM MATTE N03 2,4G"
GIVENCHY,"LE ROUGE SLIM MATTE N04 2,4G",3274872486300,GVCP000354,,,,,,,,,,,GVCP00000321,"LE ROUGE SLIM MATTE N04 2,4G"
GIVENCHY,"LE ROUGE SLIM MATTE N05 2,4G",3274872486317,GVCP000355,,,,,,,,,,,GVCP00000322,"LE ROUGE SLIM MATTE N05 2,4G"
GIVENCHY,"LE ROUGE SLIM MATTE N07 2,4G",3274872486331,GVCP000357,,,,,,,,,,,GVCP00000323,"LE ROUGE SLIM MATTE N07 2,4G"
GIVENCHY,"LE ROUGE SLIM MATTE P09 2,4G",3274872486355,GVCP000359,,,,,,,,,,,GVCP00000324,"LE ROUGE SLIM MATTE P09 2,4G"
GIVENCHY,"LE ROUGE SLIM MATTE P10 2,4G",3274872486362,GVCP000360,,,,,,,,,,,GVCP00000325,"LE ROUGE SLIM MATTE P10 2,4G"
GIVENCHY,"LE ROUGE SLIM MATTE R11 2,4G",3274872486386,GVCP000362,,,,,,,,,,,GVCP00000326,"LE ROUGE SLIM MATTE R11 2,4G"
GIVENCHY,"LE ROUGE SLIM MATTE R13 2,4G",3274872486409,GVCP000364,,,,,,,,,,,GVCP00000327,"LE ROUGE SLIM MATTE R13 2,4G"
GIVENCHY,"LE ROUGE SLIM MATTE R14 2,4G",3274872486416,GVCP000365,,,,,,,,,,,GVCP00000328,"LE ROUGE SLIM MATTE R14 2,4G"
GIVENCHY,"LE ROUGE SLIM MATTE R37 2,4G",3274872486430,GVCP000367,,,,,,,,,,,GVCP00000329,"LE ROUGE SLIM MATTE R37 2,4G"
GIVENCHY,PERFECTO LIP OIL,,,,,,,,,,,,,,
GIVENCHY,"PERFECTO LIP OIL 26 7,5ML N10",3274872502123,GVCP000507,,,,,,,,,,,,
GIVENCHY,"PERFECTO LIP OIL 26 7,5ML N00",3274872502130,GVCP000508,,,,,,,,,,,,
GIVENCHY,"PERFECTO LIP OIL 26 7,5ML N04",3274872514850,GVCP090799,,,,,,,,,,,,
GIVENCHY,"PERFECTO LIP OIL 26 7,5ML N06",3274872514874,GVCP090800,,,,,,,,,,,,
GIVENCHY,PRISME LIBRE HIGHLIGHTER,,,,,,,,,,,,,,
GIVENCHY,PRISME LIBRE HIGHLIGHTER H004,3274872504417,GVCP090642,,,,,,,,,,,,
GIVENCHY,PRISME LIBRE HIGHLIGHTER H003,3274872504448,GVCP090643,,,,,,,,,,,,
GIVENCHY,PRISME LIBRE HIGHLIGHTER H002,3274872504479,GVCP090644,,,,,,,,,,,,
GIVENCHY,PRISME LIBRE HIGHLIGHTER H001,3274872504509,GVCP090645,,,,,,,,,,,,
GIVENCHY,ROSE PERFECTO,,,,,,,,,,,,,,
GIVENCHY,"ROSE PERFECTO 2,8G N001",3274872455665,GVCP084831,,,,,,,,,,,GVCP00000068,"ROSE PERFECTO 2,8G N001"
GIVENCHY,"ROSE PERFECTO 2,8G N102 R1",3274872455719,GVCP084836,,,,,,,,,,,GVCP00000065,"ROSE PERFECTO 2,8G N102 R1"
GIVENCHY,"ROSE PERFECTO STICK 2,8G N108",3274872476653,GVCP000241,,,,,,,,,,,GVCP00000225,"ROSE PERFECTO STICK 2,8G N108"
GIVENCHY,"ROSE PERFECTO 2,8G N117 R1",3274872455696,GVCP084834,,,,,,,,,,,GVCP00000070,"ROSE PERFECTO 2,8G N117 R1"
GIVENCHY,"ROSE PERFECTO 2,8G N303 R1",3274872455726,GVCP084837,,,,,,,,,,,GVCP00000072,"ROSE PERFECTO 2,8G N303 R1"
GIVENCHY,"ROSE PERFECTO STICK 2,8G N304",3274872476660,GVCP000242,,,,,,,,,,,GVCP00000226,"ROSE PERFECTO STICK 2,8G N304"
GIVENCHY,"ROSE PERFECTO 2,8G N501",3274872454347,GVCP084822,,,,,,,,,,,GVCP00000075,"ROSE PERFECTO 2,8G N501"
GIVENCHY,ROSE PERFECTO LIQUID,,,,,,,,,,,,,,
GIVENCHY,ROSE PERFECTO LIQUID 6ML N001,3274872434929,GVCP084391,,,,,,,,,,,GVCP00000186,ROSE PERFECTO LIQUID 6ML N001
GIVENCHY,ROSE PERFECTO LIQUID 6ML N011,3274872434936,GVCP084392,,,,,,,,,,,GVCP00000187,ROSE PERFECTO LIQUID 6ML N011
GIVENCHY,ROSE PERFECTO LIQUID 6ML N109,3274872476677,GVCP000243,,,,,,,,,,,GVCP00000227,ROSE PERFECTO 24 LIQUIDE 6ML N109
GIVENCHY,ROSE PERFECTO LIQUID 6ML N110,3274872434943,GVCP084393,,,,,,,,,,,GVCP00000188,ROSE PERFECTO LIQUID 6ML N110
GIVENCHY,ROSE PERFECTO LIQUID 6ML N117,3274872434967,GVCP084395,,,,,,,,,,,GVCP00000189,ROSE PERFECTO LIQUID 6ML N117
GIVENCHY,ROSE PERFECTO LIQUID 6ML N210,3274872434950,GVCP084394,,,,,,,,,,,GVCP00000190,ROSE PERFECTO LIQUID 6ML N210
GIVENCHY,ROSE PERFECTO LIQUID 6ML N220,3274872476684,GVCP000244,,,,,,,,,,,GVCP00000228,ROSE PERFECTO 24 LIQUIDE 6ML N220
GIVENCHY,ROSE PERFECTO LIQUID 6ML N37,3274872434974,GVCP084396,,,,,,,,,,,GVCP00000191,ROSE PERFECTO LIQUID 6ML N37
GIVENCHY,ROSE PERFECTO SHINE,,,,,,,,,,,,,,
GIVENCHY,"ROSE PERFECTO SHINE 3,2G N109",3274872495555,GVCP000433,,,,,,,,,,,GVCP00000339,"ROSE PERFECTO SHINE 3,2G N109"
GIVENCHY,"ROSE PERFECTO SHINE 3,2G N110",3274872463486,GVCP000133,,,,,,,,,,,GVCP00000330,"ROSE PERFECTO SHINE 3,2G N110"
GIVENCHY,"ROSE PERFECTO SHINE 3,2G N114",3274872495579,GVCP000438,,,,,,,,,,,GVCP00000341,"ROSE PERFECTO SHINE 3,2G N114"
GIVENCHY,"ROSE PERFECTO SHINE 3,2G N117",3274872463493,GVCP000134,,,,,,,,,,,GVCP00000331,"ROSE PERFECTO SHINE 3,2G N117"
GIVENCHY,"ROSE PERFECTO SHINE 3,2G N118",3274872463509,GVCP000135,,,,,,,,,,,GVCP00000332,"ROSE PERFECTO SHINE 3,2G N118"
GIVENCHY,"ROSE PERFECTO SHINE 3,2G N119",3274872495562,GVCP000434,,,,,,,,,,,GVCP00000340,"ROSE PERFECTO SHINE 3,2G N119"
GIVENCHY,"ROSE PERFECTO SHINE 3,2G N332",3274872463585,GVCP000143,,,,,,,,,,,GVCP00000336,"ROSE PERFECTO SHINE 3,2G N332"
GIVENCHY,"ROSE PERFECTO SHINE 3,2G N335",3274872463592,GVCP000144,,,,,,,,,,,GVCP00000337,"ROSE PERFECTO SHINE 3,2G N335"
GIVENCHY,"ROSE PERFECTO SHINE 3,2G N501",3274872463615,GVCP000146,,,,,,,,,,,GVCP00000338,"ROSE PERFECTO SHINE 3,2G N501"
GIVENCHY,LE ROUGE SATIN,,,,,,,,,,,,,,
GIVENCHY,"LE ROUGE SATIN 26 3,4G N01",,GVCP000465,,,,,,,,,,,GVCP00000402,"LE ROUGE SATIN 26 3,4G N01"
GIVENCHY,"LE ROUGE SATIN 26 3,4G R37",,GVCP000466,,,,,,,,,,,GVCP00000403,"LE ROUGE SATIN 26 3,4G R37"
GIVENCHY,"LE ROUGE SATIN 26 3,4G R15",,GVCP000467,,,,,,,,,,,GVCP00000404,"LE ROUGE SATIN 26 3,4G R15"
GIVENCHY,"LE ROUGE SATIN 26 3,4G R28",,GVCP000468,,,,,,,,,,,GVCP00000405,"LE ROUGE SATIN 26 3,4G R28"
GIVENCHY,"LE ROUGE SATIN 26 3,4G R26",,GVCP000469,,,,,,,,,,,GVCP00000406,"LE ROUGE SATIN 26 3,4G R26"
GIVENCHY,"LE ROUGE SATIN 26 3,4G R25",,GVCP000470,,,,,,,,,,,GVCP00000407,"LE ROUGE SATIN 26 3,4G R25"
GIVENCHY,"LE ROUGE SATIN 26 3,4G P24",,GVCP000471,,,,,,,,,,,GVCP00000408,"LE ROUGE SATIN 26 3,4G P24"
GIVENCHY,"LE ROUGE SATIN 26 3,4G P23",,GVCP000472,,,,,,,,,,,GVCP00000409,"LE ROUGE SATIN 26 3,4G P23"
GIVENCHY,"LE ROUGE SATIN 26 3,4G P22",,GVCP000473,,,,,,,,,,,GVCP00000410,"LE ROUGE SATIN 26 3,4G P22"
GIVENCHY,"LE ROUGE SATIN 26 3,4G P21",,GVCP000474,,,,,,,,,,,GVCP00000411,"LE ROUGE SATIN 26 3,4G P21"
GIVENCHY,"LE ROUGE SATIN 26 3,4G P20",,GVCP000475,,,,,,,,,,,GVCP00000412,"LE ROUGE SATIN 26 3,4G P20"
GIVENCHY,"LE ROUGE SATIN 26 3,4G P227",,GVCP000476,,,,,,,,,,,GVCP00000413,"LE ROUGE SATIN 26 3,4G P227"
GIVENCHY,"LE ROUGE SATIN 26 3,4G N19",,GVCP000477,,,,,,,,,,,GVCP00000414,"LE ROUGE SATIN 26 3,4G N19"
GIVENCHY,"LE ROUGE SATIN 26 3,4G N18",,GVCP000478,,,,,,,,,,,GVCP00000415,"LE ROUGE SATIN 26 3,4G N18"
GIVENCHY,"LE ROUGE SATIN 26 3,4G N05",,GVCP000479,,,,,,,,,,,GVCP00000416,"LE ROUGE SATIN 26 3,4G N05"
GIVENCHY,"LE ROUGE SATIN 26 3,4G N17",,GVCP000480,,,,,,,,,,,GVCP00000417,"LE ROUGE SATIN 26 3,4G N17"
GIVENCHY,"LE ROUGE SATIN 26 3,4G N03",,GVCP000481,,,,,,,,,,,GVCP00000418,"LE ROUGE SATIN 26 3,4G N03"
GIVENCHY,"LE ROUGE SATIN 26 3,4G N16",,GVCP000482,,,,,,,,,,,GVCP00000419,"LE ROUGE SATIN 26 3,4G N16"
GIVENCHY,"LE ROUGE BALM 26 3,4G N10",,GVCP090620,,,,,,,,,,,GVCP00000427,"LE ROUGE BALM 26 3,4G N10"
GIVENCHY,"LE ROUGE BALM 26 3,4G N00",,GVCP090621,,,,,,,,,,,GVCP00000428,"LE ROUGE BALM 26 3,4G N00"
GIVENCHY,MISTER BROW ,,,,,,,,,,,,,,
GIVENCHY,"MISTER BROW GROOM 5,5ML",3274872378179,GVCP090496,,,,,,,,,,,GVCP00000107,"MISTER BROW GROOM 5,5ML"
GIVENCHY,"MISTER EYEBROW POWDER PENCIL 1,8G N2 V2",3274872428621,GVCP091122,,,,,,,,,,,,
GIVENCHY,"MISTER EYEBROW POWDER PENCIL 1,8G N3 V2",3274872428638,GVCP091123,,,,,,,,,,,,
GIVENCHY,LINER DISTURBIA,,,,,,,,,,,,,,
GIVENCHY,"LINER DISTURBIA 1,5ML N01",3274872457850,GVCP072008,,,,,,,,,,,GVCP00000129,"LINER DISTRUBIA 1,5ML N01 REPACK 23"
GIVENCHY,EYE PENCIL,,,,,,,,,,,,,,
GIVENCHY,KHOL COUT WTP N1 BLACK,3274872308978,GVCP082921,,,,,,,,,,,GVCP00000130,KHOL COUT WTP N1 BLACK
GIVENCHY,KHOL COUT WTP N2 CHESTNUT,3274872308985,GVCP082922,,,,,,,,,,,GVCP00000131,KHOL COUT WTP N2 CHESTNUT
GIVENCHY,EYE SHADOW,,,,,,,,,,,,,,
GIVENCHY,LE 9 DG 8G N1,3274872444164,GVCP080027,3274872477254,GVCP000246,3274872477223,GVCP500195,,,,,,,GVCP00000134,LE 9 DG 8G N1
GIVENCHY,LE 9 DG 8G N8,3274872440340,GVCP080019,3274872463974,GVCP000147,3274872477209,GVCP000245,,,,,,,GVCP00000133,LE 9 DG 8G N8
GIVENCHY,LE 9 DG 8G N9,3274872454316,GVCP080055,,,,,,,,,,,GVCP00000137,LE 9 DG 8G N9
GIVENCHY,LE 9 DG 8G N12,3274872468955,GVCP000173,,,,,,,,,,,GVCP00000232,LE 9 DG 8G N12
GIVENCHY,LE 9 DG 8G N15,3274872488816,GVCP000399,,,,,,,,,,,GVCP00000342,LE 9 DG 8G N15
GIVENCHY,LIP PENCIL,,,,,,,,,,,,,,
GIVENCHY,LIP LINER N02,3274872336780,GVCP083902,,,,,,,,,,,GVCP00000193,LIP LINER 2017 N02
GIVENCHY,LIP LINER N08,3274872336841,GVCP083908,,,,,,,,,,,GVCP00000199,LIP LINER 2017 N08
GIVENCHY,LIP LINER N09,3274872336858,GVCP083909,,,,,,,,,,,GVCP00000200,LIP LINER 2017 N09
GIVENCHY,DELIST,,,,,,,,,,,,,,
GIVENCHY,PRISME LIBRE CONCEALER 11ML N390,3274872446267,GVCP087590,,,,,,,,,,,GVCP00000231,PL CONCEALER 23 11ML N390
GIVENCHY,"PRISME LIBRE BLUSH 4,5G N05 R1",3274872456020,GVCP080568,3274872492066,GVCP000408,3274872522299,GVCP090889,,,,,,,,
GIVENCHY,PRISME LIBRE GLOW SERUM FOUNDATION 30ML 5.8N,3274872484122,GVCP000339,,,,,,,,,,,GVCP00000301,PRISME LIBRE GLOW SERUM FOUNDATION 30ML 5.8N
GIVENCHY,PRISME LIBRE GLOW SERUM FOUNDATION 30ML 5.8W,3274872484139,GVCP000340,,,,,,,,,,,GVCP00000302,PRISME LIBRE GLOW SERUM FOUNDATION 30ML 5.8W
GIVENCHY,PRISME LIBRE FLUID FOUNDATION MATTE 30ML 1-W105,3274872430952,GVCP090404,3274872413658,GVCP090724,,,,,,,,,GVCP00000150,PL FDT MATTE 30ML 1-W105
GIVENCHY,PRISME LIBRE FLUID FOUNDATION MATTE 30ML 2-W110,3274872430976,GVCP090408,,,,,,,,,,,GVCP00000152,PL FDT MATTE 30ML 2-W110
GIVENCHY,PRISME LIBRE FLUID FOUNDATION MATTE 30ML 5-W345,3274872431027,GVCP090415,,,,,,,,,,,GVCP00000157,PL FDT MATTE 30ML 5-W345
GIVENCHY,PRISME LIBRE FLUID FOUNDATION MATTE 30ML 3-C275,3274872431089,GVCP090425,,,,,,,,,,,GVCP00000163,PL FDT MATTE 30ML 3-C275
GIVENCHY,PRISME LIBRE FLUID FOUNDATION MATTE 30ML 4 - C305,3274872431119,GVCP090428,,,,,,,,,,,GVCP00000166,PL FDT MATTE 30ML 4 - C305
GIVENCHY,PRISME LIBRE FLUID FOUNDATION MATTE 30ML 4- W307,3274872431133,GVCP090430,,,,,,,,,,,GVCP00000168,PL FDT MATTE 30ML 4- W307
GIVENCHY,PRISME LIBRE FLUID FOUNDATION MATTE 30ML 4-W310,3274872431140,GVCP090437,,,,,,,,,,,GVCP00000169,PL FDT MATTE 30ML 4-W310
GIVENCHY,PRISME LIBRE FLUID FOUNDATION MATTE 30ML 5-N345,3274872431171,GVCP090640,,,,,,,,,,,GVCP00000172,PL FDT MATTE 30ML 5-N345
GIVENCHY,VOLUME DISTURBIA 8G N1 NOIR,3274872379855,GVCP072590,3274872480322,GVCP000271,,,,,,,,,GVCP00000214,VOLUME DISTURBIA 8G N1 NOIR
GIVENCHY,"LE ROUGE INTERDIT BAUME N00 3,4G",3274872449688,GVCP084482,,,,,,,,,,,GVCP00000077,"LE ROUGE INTERDIT BAUME N00 3,4G"
GIVENCHY,"LE ROUGE INTERDIT INTENSE SILK 3,4G N117",3274872442825,GVCP084763,,,,,,,,,,,GVCP00000081,"LE ROUGE INTE INT SILK 3,4G N117"
GIVENCHY,"LE ROUGE INTERDIT INTENSE SILK 3,4G N227",3274872442863,GVCP084767,,,,,,,,,,,GVCP00000084,"LE ROUGE INTE INT SILK 3,4G N227"
GIVENCHY,"LE ROUGE INTERDIT INTENSE SILK 3,4G N307",3274872442900,GVCP084771,,,,,,,,,,,GVCP00000088,"LE ROUGE INTE INT SILK 3,4G N307"
GIVENCHY,"LE ROUGE INTERDIT INTENSE SILK 3,4G N326",3274872442924,GVCP084773,,,,,,,,,,,GVCP00000090,"LE ROUGE INTE INT SILK 3,4G N326"
GIVENCHY,"LE ROUGE INTERDIT INTENSE SILK 3,4G N334",3274872442948,GVCP084775,,,,,,,,,,,GVCP00000092,"LE ROUGE INTE INT SILK 3,4G N334"
GIVENCHY,"LE ROUGE INTERDIT SATIN N341 2,7G",3274872477377,GVCP000257,,,,,,,,,,,GVCP00000263,"LE ROUGE INTERDIT SATIN N341 2,7G"
GIVENCHY,"ROSE PERFECTO 2,8G N302",3274872454330,GVCP084821,,,,,,,,,,,GVCP00000074,"ROSE PERFECTO 2,8G N302"
GIVENCHY,KHOL COUT WTP N4 COBALT,3274872309005,GVCP082924,,,,,,,,,,,GVCP00000132,KHOL COUT WTP N4 COBALT
GIVENCHY,LE 9 DG 8G N5 R1,3274872444195,GVCP080030,,,,,,,,,,,GVCP00000136,LE 9 DG 8G N5
GIVENCHY,LIP LINER N01,3274872336773,GVCP083901,,,,,,,,,,,GVCP00000192,LIP LINER 2017 N01
GIVENCHY,LIP LINER N03,3274872336797,GVCP083903,,,,,,,,,,,GVCP00000194,LIP LINER 2017 N03
GIVENCHY,LIP LINER N04,3274872336803,GVCP083904,,,,,,,,,,,GVCP00000195,LIP LINER 2017 N04
GIVENCHY,"LE ROUGE INTERDIT INTENSE SILK 3,4G N330",3274872442931,GVCP084774,,,,,,,,,,,GVCP00000091,"LE ROUGE INTE INT SILK 3,4G N330"
GIVENCHY,"LE ROUGE INTERDIT INTENSE SILK 3,4G N338",3274872442979,GVCP084778,,,,,,,,,,,GVCP00000095,"LE ROUGE INTE INT SILK 3,4G N338"
GIVENCHY,"LE ROUGE INTERDIT INTENSE SILK 3,4G N339",3274872442986,GVCP084779,,,,,,,,,,,GVCP00000096,"LE ROUGE INTE INT SILK 3,4G N339"
GIVENCHY,"LE ROUGE INTERDIT INTENSE SILK 3,4G N332",3274872443013,GVCP084782,,,,,,,,,,,GVCP00000097,"LE ROUGE INTE INT SILK 3,4G N332"
GIVENCHY,"LE ROUGE INTERDIT INTENSE SILK 3,4G N501",3274872443044,GVCP084785,,,,,,,,,,,GVCP00000100,"LE ROUGE INTE INT SILK 3,4G N501"
GIVENCHY,"ROSE PERFECTO 2,8G N333 R1",3274872455740,GVCP084839,3274872422599,GVCP083715,,,,,,,,,GVCP00000067,"ROSE PERFECTO 2,8G N333 R1"
GIVENCHY,"ROSE PERFECTO 2,8G N37",3274872455757,GVCP084840,3274872422605,GVCP083716,,,,,,,,,GVCP00000066,"ROSE PERFECTO 2,8G N37"
GIVENCHY,UNIVERSAL TRANSPARENT LIP LINER,3274872336872,GVCP083911,,,,,,,,,,,GVCP00000202,UNIVERSAL TRANSPARENT LIP LINER  2017
GIVENCHY,PRISME LIBRE 20 4X3G N04,3274872405097,GVCP090458,,,,,,,,,,,GVCP00000211,PRISME LIBRE 20 4X3G N04
GIVENCHY,PRISME LIBRE 20 4X3G N05,3274872405103,GVCP090459,,,,,,,,,,,GVCP00000212,PRISME LIBRE 20 4X3G N05
GIVENCHY,PRISME LIBRE 20 4X3G N06,3274872405110,GVCP090460,,,,,,,,,,,GVCP00000213,PRISME LIBRE 20 4X3G N06
GIVENCHY,PL MINI 23 N5 4G,3274872458758,GVC087711,,,,,,,,,,,GVCP00000239,PL MINI 23 N5 4G
GIVENCHY,"LE ROUGE INTERDIT INTENSE SILK 3,4G N301",3274872443006,GVCP084781,,,,,,,,,,,GVCP00000086,"LE ROUGE INTE INT SILK 3,4G N301"
GIVENCHY,"LE ROUGE INTERDIT INTENSE SILK 3,4G N402",3274872443020,GVCP084783,,,,,,,,,,,GVCP00000098,"LE ROUGE INTE INT SILK 3,4G N402"
GIVENCHY,"ROSE PERFECTO 2,8G N111",3274872454354,GVCP084823,,,,,,,,,,,GVCP00000073,"ROSE PERFECTO 2,8G N111"
GIVENCHY,"LE ROUGE DEEP VELVET EXTENSION 3,4G N09",3274872457676,GVCP084851,,,,,,,,,,,GVCP00000053,"LE ROUGE DEEP VELVET 23 EXT 3,4G N09"
HERMES,HERMÈS - ÖZEL SERI,,,,,,,,,,,,,,
HERMES,HERMESSENCE COLLECTION,,,,,,,,,,,,,,
HERMES,HERMESSENCE MUSC PALLIDA EDP R 100ML,3346130025405,HRM117337V0,,,,,,,,,,,,
HERMES,HERMESSENCE OUD ALEZAN EDP EDP 100 ML,3346130431497,HRM113467V0,,,,,,,,,,,HRM000000658,HERMESSENCE OUD ALEZAN EDP REFILLABLE 100 ML
HERMES,HERMESSENCE OUD ALEZAN EDP EDP 200 ML,3346130431503,HRM113468V0,,,,,,,,,,,HRM000000659,HERMESSENCE OUD ALEZAN EDP REFILLABLE 200 ML
HERMES,HERMESSENCE OUD ALEZAN CREAM OF PERFUME 200ML,3346130023647,HRM117059V0,,,,,,,,,,,HRM000000857,HERMESSENCE OUD ALEZAN CREAM OF PERFUME 200ML
HERMES,HERMESSENCE AMBRE NARGUILE EDT 200 ML,3346131052578,HRM29751,,,,,,,,,,,HRM000000532,HERMESSENCE AMBRE NARGUILE EDT 200 ML
HERMES,HERMESSENCE AMBRE NARGUILE CREAM OF PERFUME 200ML,3346130023654,HRM117061V0,,,,,,,,,,,HRM000000858,HERMESSENCE AMBRE NARGUILE CREAM OF PERFUME 200ML
HERMES,HERMESSENCE AGAR EBENE EDT 200 ML,3346131055197,HRM39936,,,,,,,,,,,HRM000000125,HERMESSENCE AGAR EBENE EDT 200 ML
HERMES,HERMESSENCE ROSE IKEBANA EDT 100 ML,3346131054671,HRM38165,3346130431718,HRM113578V0,,,,,,,,,HRM000000133,HERMESSENCE ROSE IKEBANA EDT 100 ML
HERMES,HERMESSENCE AMBRE NARGUILE EDT 100 ML,3346131000029,HRM20282,3346130431633,HRM113483V0,,,,,,,,,HRM000000134,HERMESSENCE AMBRE NARGUILE EDT 100 ML
HERMES,HERMESSENCE VETIVER TONKA EDT 100 ML,3346131000036,HRM20284,3346130011446,HRM107433V0,3346130431732,HRM113580V0,,,,,,,HRM000000041,HERMESSENCE VETIVER TONKA EDT 100 ML
HERMES,HERMESSENCE OSMANTHE YUNNAN EDT 100 ML,3346131000005,HRM21069,3346130431695,HRM113576V0,,,,,,,,,HRM000000135,HERMESSENCE OSMANTHE YUNNAN EDT 100 ML
HERMES,HERMESSENCE IRIS UKIYOE EDT 100 ML,3346131051106,HRM26518,3346130431671,HRM113487V0,,,,,,,,,HRM000000139,HERMESSENCE IRIS UKIYOE EDT 100 ML
HERMES,HERMESSENCE SANTAL MASSOIA EDT 100 ML,3346131051670,HRM27589,3346130431725,HRM113579V0,,,,,,,,,HRM000000140,HERMESSENCE SANTAL MASSOIA EDT 100 ML
HERMES,HERMESSENCE EPICE MARINE EDT 100 ML,3346131052226,HRM29095,3346130431664,HRM113486V0,,,,,,,,,HRM000000141,HERMESSENCE EPICE MARINE 100 ML
HERMES,HERMESSENCE CUIR D'ANGE EDT 100 ML,3346131052929,HRM32478,3346130431640,HRM113484V0,,,,,,,,,HRM000000142,HERMESSENCE CUIR D'ANGE EDT 100 ML
HERMES,HERMESSENCE POIVRE SAMARCANDE EDT 100 ML,3346131054701,HRM38168,3346130431701,HRM113577V0,,,,,,,,,HRM000000144,HERMESSENCE POIVRE SAMARCANDE EDT 100 ML
HERMES,HERMESSENCE MYRRHE EGLANTINE EDT 100 ML,3346131055159,HRM39932,3346130431688,HRM113575V0,,,,,,,,,HRM000000145,HERMESSENCE MYRRHE EGLANTINE EDT 100 ML
HERMES,HERMESSENCE AGAR EBENE 100 ML EDT 100 ML,3346131055166,HRM39933,3346130431626,HRM113482V0,,,,,,,,,HRM000000146,HERMESSENCE AGAR EBENE EDT 100 ML
HERMES,HERMESSENCE CEDRE SAMBAC EDT 100 ML,3346131055173,HRM39934,3346130431657,HRM113485V0,,,,,,,,,HRM000000147,HERMESSENCE CEDRE SAMBAC EDT 100 ML
HERMES,HERMESSENSE VIOLETTE VOLYNKA EDT 100 ML,3346130008859,HRM107106V0,3346130431749,HRM113581V0,,,,,,,,,HRM000000590,HERMESSENCE VIOLETTE VOLYNKA EDT 100 ML
HERMES,HERMESSENSE VIOLETTE VOLYNKA EDT 200 ML,3346130008873,HRM107109V0,,,,,,,,,,,HRM000000589,HERMESSENCE VIOLETTE VOLYNKA EDT 200 ML
HERMES,HERMESSENCE COLLECTION MUSC PALLIDA CREAM OF PERFUME 200 ML,3346130413608,HRM108377V0,,,,,,,,,,,HRM000000588,HERMESSENCE COLLECTION CREAM OF PERFUME 200 ML
HERMES,HERMESSENCE CARDA MUSK OIL BOTTLE OIL 20 ML-25 ML REPACK,3346131055500,HRM40777,3346130008941,HRM107117V0,,,,,,,,,HRM000000148,HERMESSENCE CARDA MUSK OIL BOTTLE 20 ML
HERMES,HERMESSENCE MUSK PALLIDA OIL BOTTLE OIL 20 ML-25 ML REPACK,3346131055517,HRM40778,3346130008927,HRM107115V0,,,,,,,,,HRM000000149,HERMESSENCE MUSK PALLIDA OIL BOTTLE 20 ML
HERMES,HERMESSENCE OUD ALEZAN EDP 200ML REFILL,3346130431527,HRM113471V0,,,,,,,,,,,HRM000000736,HERMESSENCE OUD ALEZAN EDP 200ML REFILL
HERMES,MUSC PALLIDA,,,,,,,,,,,,,,
HERMES,MUSC PALLIDA EDP REFILL 200ML,3346130028185,HRM118291V0,,,,,,,,,,,,
HERMES,MUSC PALLIDA EDP 100 ML,3346130025405,HRM117337V0,,,,,,,,,,,,
HERMES,MUSC PALLIDA EDP 15 ML (X12),3346130025412,HRM117338V0,,,,,,,,,,,,
HERMES,GINCO BILBOA,,,,,,,,,,,,,,
HERMES,GINCO BILBOA EDP REFIL 200 ML,3346130018452,HRM116175V0,,,,,,,,,,,,
HERMES,GINCO BILBOA EDP REFILLABLE 100 ML,3346130018438,HRM116173V0,,,,,,,,,,,,
HERMES,GINCO BILBOA EDP 15 ML (X12),3346130018445,HRM116174V0,,,,,,,,,,,,
HERMES,GALOP,,,,,,,,,,,,,,
HERMES,GALOP D HERMES PURE PARFUM 50 ML,3346133100024,HRM36824,,,,,,,,,,,HRM000000253,GALOP D HERMES PURE PARFUM 50 ML 50 ML
HERMES,LE BAIN COLLECTION,,,,,,,,,,,,,,
HERMES,EAU DE RHUBARBE ECARLATE MOISTURIZING BODY LOTION BOTTLE 200ML,3346130433088,HRM113830V0,,,,,,,,,,,HRM000000059,LE BAIN RHUBARBE ECARLATE BODY CREAM 200 ML
HERMES,LE BAIN UN JARDIN SUR LA LAGUNE BODY LOTION 200 ML,3346133032202,HRM100084V0,3346130433149,HRM113838V0,,,,,,,,,HRM000000155,LE BAIN UN JARDIN SUR LA LAGUNE BODY LOTION 200 ML
HERMES,LE BAIN UN JARDIN SUR LE TOIT BODY LOTION 200 ML,3346132401153,HRM33176,3346130433125,HRM113836V0,,,,,,,,,HRM000000158,LE BAIN UN JARDIN SUR LE TOIT BODY LOTION 200 ML
HERMES,LE BAIN UN JARDIN SUR LE NIL BODY LOTION 200 ML,3346131101924,HRM33178,3346130433118,HRM113835V0,,,,,,,,,HRM000000159,LE BAIN UN JARDIN SUR LE NIL BODY LOTION 200 ML
HERMES,LE BAIN LE JARDIN DE MONSIEUR LI BODY LOTION 200 ML,3346132600068,HRM32123,3346130433132,HRM113837V0,,,,,,,,,HRM000000160,LE BAIN LE JARDIN DE MONSIEUR LI BODY LOTION 200 ML
HERMES,EAU D'ORANGE VERTE MIOSTURIZING BODY LOTION 200 ML,3346130492672,HRM33174,3346130433071,HRM113823V0,,,,,,,,,HRM000000171,EAU D'ORANGE VERTEMIOSTURIZING BODY LOTION 200 ML
HERMES,LE BAIN UN JARDIN SUR LA LAGUNE SHOWER GEL 200 ML,3346133032219,HRM100085V0,3346130432784,HRM113771V0,,,,,,,,,HRM000000161,LE BAIN UN JARDIN SUR LA LAGUNE SHOWER GEL 200 ML
HERMES,LE BAIN LE JARDIN DE MONSIEUR LI SHOWER GEL 200 ML,3346133031311,HRM39483,3346130432777,HRM113770V0,,,,,,,,,HRM000000162,LE BAIN LE JARDIN DE MONSIEUR LI SHOWER GEL 200 ML
HERMES,LE BAIN UN JARDIN SUR LE TOIT SHOWER GEL 200 ML,3346132400972,HRM32739,3346133031342,HRM39486,3346130432760,HRM113769V0,,,,,,,HRM000000043,LE BAIN UN JARDIN SUR LE TOIT S. GEL 200 ML
HERMES,LE BAIN UN JARDIN SUR LE NIL SHOWER GEL 200 ML,3346131101948,HRM33180,3346133031373,HRM39490,3346130432753,HRM113768V0,,,,,,,HRM000000046,LE BAIN UN JARDIN SUR LE NIL S. GEL 200 ML
HERMES,LE BAIN UN JARDIN SUR LE NIL SOAP 100 GR,3346131101849,HRM32674,3346130011712,HRM107462V0,,,,,,,,,HRM000000166,LE BAIN UN JARDIN SUR LE NIL SOAP 100 GR - MOTIF 1 100 GR
HERMES,UN JARDIN SUR LA LAGUNE PERFUMED SOAP 100 GR,3346133032226,HRM100086V0,3346130011736,HRM107464V0,,,,,,,,,HRM000000170,LE BAIN UN JARDIN SUR LA LAGUNE SOAP 100 GR 100 GR
HERMES,LE BAIN UN JARDIN SUR LE TOIT SOAP - MOTIF 1 100 GR,3346132400965,HRM32672,3346130011750,HRM107466V0,,,,,,,,,HRM000000164,LE BAIN UN JARDIN SUR LE TOIT SOAP 100 GR - MOTIF 1 100 GR
HERMES,LE BAIN UN JARDIN MONSIEUR LI SOAP - MOTIF 1 100 GR,3346132600846,HRM32676,3346130011774,HRM107469V0,,,,,,,,,HRM000000167,LE BAIN UN JARDIN MONSIEUR LI SOAP 100 GR - MOTIF 1 100 GR
HERMES,LE BAIN EAU D ORANGE VERTE SOAP- QUADRIGE 100 GR,3346133030185,HRM36313,3346130000570,HRM105104V0,,,,,,,,,HRM000000175,LE BAIN EAU D ORANGE VERTE 100 GR SOAP- QUADRIGE 100 GR
HERMES,COLOGNES EAU DE CITRON NOIR SOAP 100GR-BRAZIL 100 GR,3346133032134,HRM40825,3346130000594,HRM105106V0,,,,,,,,,HRM000000194,LE BAIN EAU DE CITRON NOIR 100 GR SOAP - BRAZIL 100 GR
HERMES,EAU DE RHUBARBE ECARLATE 100G SOAP-ZEBRA  100 GR,3346130000587,HRM105105V0,,,,,,,,,,,HRM000000596,EAU DE RHUBARBE ECARLATE 100G SOAP-ZEBRA 
HERMES,EAU DE CITRON NOIR MOIST. B.LOTION B. 200ML,3346130433095,HRM113832V0,,,,,,,,,,,,
HERMES,LE BAIN COLLECTION - REFILLS,,,,,,,,,,,,,,
HERMES,EAU D'ORANGE VERTE HAIR&BODY SHOWER GEL 200ML REFILL ,3346130432890,HRM113794V0,,,,,,,,,,,HRM000000738,EAU D'ORANGE VERTE HAIR&BODY SHOWER GEL 200ML REFILL 
HERMES,EAU DE RHUBARBE ECARLATE HAIR&BODY SHOWER GEL 200ML REFILL,3346130432906,HRM113796V0,,,,,,,,,,,HRM000000661,EAU DE RHUBARBE ECARLATE HAIR&BODY SG 200ML REFILL
HERMES,UN JARDIN SUR LE NIL HAIR&BODY SHOWER GEL 200ML REFILL,3346130432937,HRM113799V0,,,,,,,,,,,HRM000000739,UN JARDIN SUR LE NIL HAIR&BODY SHOWER GEL 200ML REFILL
HERMES,LE JARDIN DE MONSIEUR LI H&B SHOWER GEL 200ML REFILL,3346130432951,HRM113801V0,,,,,,,,,,,HRM000000740,LE JARDIN DE MONSIEUR LI H&B SHOWER GEL 200ML REFILL
HERMES,RHUBARBE ECARLATE HAND&BODY CLEANSING GE 300ML REFILL,3346130433057,HRM113821V0,,,,,,,,,,,HRM000000722,RHUBARBE ECARLATE HAND&BODY C.GEL 300ML REFILL NEW
HERMES,EAU D'ORANGE VERTE HAND&BODY CLEANSING GE 300ML REFIL,3346130433040,HRM113818V0,,,,,,,,,,,HRM000000721,EAU D'ORANGE VERTE HAND&BODY C.GEL 300ML REFIL NEW
HERMES,CITRON NOIR HAND&BODY CLEANSING GEL 300ML REFIL,3346130433064,HRM113822V0,,,,,,,,,,,HRM000000723,CITRON NOIR HAND&BODY C.GEL 300ML REFIL NEW
HERMES,EAU DE CITRON NOIR HAIR&BODY SHOWER GEL 200ML REFILL ,3346130432913,HRM113797V0,,,,,,,,,,,HRM000000742,EAU DE CITRON NOIR HAIR&BODY SHOWER GEL 200ML REFILL 
HERMES,NOMADS,,,,,,,,,,,,,,
HERMES,HERMESSENCE MUSC PALLIDA EDP 15ML NOMAD,3346130025412,HRM117338V0,,,,,,,,,,,,
HERMES,UN JARDIN SOUS LA MER EDT 15ML,3346130025689,HRM117546V0,,,,,,,,,,,,
HERMES,HERMESSENCE OUD ALEZAN EDP NOMAD EDP 15 ML,3346130431510,HRM113470V0,,,,,,,,,,,HRM000000663,HERMESSENCE OUD ALEZAN EDP NOMAD 15 ML
HERMES,HERMESSENSE VIOLETTE VOLYNKA EDT 15ML NOMAD 15 ML,3346130008903,HRM107113V0,,,,,,,,,,,HRM000000602,HERMESSENCE VIOLETTE VOLYNKA EDT 15 ML NOMAD
HERMES,HERMESSENCE VETIVER TONKA NOMAD 15 ML,3346131051533,HRM26571,3346130011415,HRM107430V0,,,,,,,,,HRM000000060,HERMESSENCE VETIVER TONKA NOMAD 15 ML
HERMES,HERMESSENCE ROSE IKEBANA NOMAD  15 ML,3346131051526,HRM26570,,,,,,,,,,,HRM000000209,HERMESSENCE ROSE IKEBANA NOMAD 15 ML
HERMES,HERMESSENCE AMBRE NARGUILE NOMAD 15 ML,3346131051540,HRM26572,,,,,,,,,,,HRM000000210,HERMESSENCE AMBRE NARGUILE NOMAD 15 ML
HERMES,HERMESSENCE POIVRE SAMARCANDE NOMAD 15 ML,3346131051557,HRM26573,,,,,,,,,,,HRM000000211,HERMESSENCE POIVRE SAMARCANDE NOMAD 15 ML
HERMES,HERMESSENCE OSMANTHE YUNNAN NOMAD 15 ML,3346131051564,HRM26574,,,,,,,,,,,HRM000000212,HERMESSENCE OSMANTHE YUNNAN NOMAD 15 ML
HERMES,HERMESSENCE IRIS UKIYOE NOMAD 15 ML,3346131051601,HRM26578,,,,,,,,,,,HRM000000216,HERMESSENCE IRIS UKIYOE NOMAD 15 ML 15 ML 
HERMES,HERMESSENCE SANTAL MASSOIA  NOMAD 15 ML,3346131051687,HRM27591,,,,,,,,,,,HRM000000217,HERMESSENCE SANTAL MASSOIA NOMAD 15 ML
HERMES,HERMESSENCE EPICE MARINE NOMAD  15 ML,3346131052233,HRM29096,,,,,,,,,,,HRM000000218,HERMESSENCE EPICE MARINE NOMAD 15 ML
HERMES,HERMESSENCE CUIR D'ANGE NOMAD  15 ML,3346131052936,HRM32479,,,,,,,,,,,HRM000000219,HERMESSENCE CUIR D'ANGE NOMAD 15 ML
HERMES,HERMESSENCE MYRRHE EGLANTINE EDT NOMAD 15 ML,3346131055210,HRM39938,,,,,,,,,,,HRM000000221,HERMESSENCE MYRRHE EGLANTINE EDT NOMAD 15 ML
HERMES,HERMESSENCE AGAR EBENE  EDT NOMAD 15 ML,3346131055227,HRM39939,,,,,,,,,,,HRM000000222,HERMESSENCE AGAR EBENE EDT NOMAD 15 ML
HERMES,HERMESSENCE CEDRE SAMBAC EDT NOMAD 15 ML,3346131055234,HRM39940,,,,,,,,,,,HRM000000223,HERMESSENCE CEDRE SAMBAC EDT NOMAD 15 ML
HERMES,ANCILLARIES,,,,,,,,,,,,,,
HERMES,TERRE D'HERMES AFTER SHAVE LOTION 100 ML,3346131400119,HRM20874,3346130009726,HRM107202V0,,,,,,,,,HRM000000072,TERRE D'HERMES AFTER SHAVE LOTION 100 ML
HERMES,TERRE D HERMES AFTER SHAVE BALM 100 ML,3346131405299,HRM30454,3346130009788,HRM107208V0,,,,,,,,,HRM000000073,TERRE 'HERMES AFTER SHAVE BALM 100 ML
HERMES,TERRE D HERMES SOAP 100 GR,3346131400942,HRM21239,3346130013525,HRM107762V0,,,,,,,,,HRM000000074,TERRE D'HERMES SOAP 100 GR
HERMES,TERRE D'HERMES SHOWER GEL HAIR & BODY 200 ML,3346131430246,HRM39499,3346130009894,HRM107219V0,,,,,,,,,HRM000000075,TERRE D'HERMES HAIR&BODY SHOWER GEL 200 ML
HERMES,CABRIOLE,,,,,,,,,,,,,,
HERMES,CABRIOLE ALCOHOL FREE FRAGRANCE NATURAL SPRAY 50ML,3346130415176,HRM108662V0,,,,,,,,,,,HRM000000587,CABRIOLE ALCOHOL FREE FRAGRANCE NATURAL SPRAY 50 ML
HERMES,CANDLE,,,,,,,,,,,,,,
HERMES,PDM SCENTED CANDLE 1 ROSE & GERANIUM LEAVES,3346130025306,HRM117326V0,,,,,,,,,,,,
HERMES,PDM SCENTED CANDLE 2 BAMBOO & SANDALWOOD,3346130025313,HRM117327V0,,,,,,,,,,,,
HERMES,"PDM SCENTED CANDLE 3 IRIS, MUSK & SANDALWOOD",3346130025320,HRM117328V0,,,,,,,,,,,,
HERMES,"PDM SCENTED CANDLE 4 VANILLA, BLACK TEA & CINNAMON",3346130025337,HRM117329V0,,,,,,,,,,,,
HERMES,PDM SCENTED CANDLE 5 TOMATO LEAVES & THYM LEAVES,3346130025344,HRM117330V0,,,,,,,,,,,,
HERMES,PDM MATCH BOX FOR SALE (/10),3346130478393,HRM118123V0,,,,,,,,,,,,
HERMES,HERMÈS - MAKYAJ,,,,,,,,,,,,,,
HERMES,ROUGE HERMES MATTE LIPSTICK,,,,,,,,,,,,,,
HERMES,"ROUGE HERMES MATTE LIPSTICK 11 BEIGE NATUREL 3,5 GR",3346133700941,HMU60001MV011,,,,,,,,,,,HRM000000334,ROUGE HERMES MATTE LIPSTICK 11 BEIGE NATUREL 3.5 GR
HERMES,"ROUGE HERMES MATTE LIPSTICK 33 ORANGE BOÎTE 3,5 GR",3346133700170,HMU60001MV033,,,,,,,,,,,HRM000000336,ROUGE HERMES MATTE LIPSTICK 33 ORANGE BOÎTE 3.5 GR
HERMES,"ROUGE HERMES MATTE LIPSTICK 46 ROUGE EXOTIQUE 3,5 GR",3346133700156,HMU60001MV046,,,,,,,,,,,HRM000000337,ROUGE HERMES MATTE LIPSTICK 46 ROUGE EXOTIQUE 3.5 GR
HERMES,"ROUGE HERMES MATTE LIPSTICK 48 ROSE BOISE 3,5 GR",3346133700149,HMU60001MV048,,,,,,,,,,,HRM000000338,ROUGE HERMES MATTE LIPSTICK 48 ROSE BOISE 3.5 GR
HERMES,"ROUGE HERMES MATTE LIPSTICK 53 ROUGE ORANGE 3,5 GR",3346133700187,HMU60001MV053,,,,,,,,,,,HRM000000339,ROUGE HERMES MATTE LIPSTICK 53 ROUGE ORANGE 3.5 GR
HERMES,"ROUGE HERMES MATTE LIPSTICK 64 ROUGE CASAQUE 3,5 GR",3346133700194,HMU60001MV064,,,,,,,,,,,HRM000000340,ROUGE HERMES MATTE LIPSTICK 64 ROUGE CASAQUE 3.5 GR
HERMES,"ROUGE HERMES MATTE LIPSTICK 68 ROUGE BLEU 3,5 GR",3346133700200,HMU60001MV068,,,,,,,,,,,HRM000000341,ROUGE HERMES MATTE LIPSTICK 68 ROUGE BLEU 3.5 GR
HERMES,"ROUGE HERMES MATTE LIPSTICK 70 ROSE INDIEN 3,5 GR",3346133700163,HMU60001MV070,,,,,,,,,,,HRM000000342,ROUGE HERMES MATTE LIPSTICK 70 ROSE INDIEN 3.5 GR
HERMES,"ROUGE HERMES MATTE LIPSTICK 85 ROUGE H 3,5 GR",3346133700217,HMU60001MV085,,,,,,,,,,,HRM000000344,ROUGE HERMES MATTE LIPSTICK 85 ROUGE H 3.5 GR
HERMES,"ROUGE HERMES MATTE LIPSTICK 97 POURPRE FIGUE  3,5 GR",3346130420385,HMU60001MV097,,,,,,,,,,,HRM000000614,ROUGE HERMES MATTE LIPSTICK 97 POURPRE FIGUE
HERMES,"ROUGE HERMES MATTE LIPSTICK 23 BEIGE DOBLIS 3,5GR",3346130016083,HMU60001MV023,,,,,,,,,,,HRM000000743,"ROUGE HERMES MATTE LIPSTICK 23 BEIGE DOBLIS 3,5GR"
HERMES,ROUGE HERMES SATIN LIPSTICK,,,,,,,,,,,,,,
HERMES,"ROUGE HERMES SATIN LIPSTICK 13 BEIGE KALAHARI 3,5 GR",3346133700040,HMU60001SV013,,,,,,,,,,,HRM000000345,ROUGE HERMES SATIN LIPSTICK 13 BEIGE KALAHARI 3.5 GR
HERMES,"ROUGE HERMES SATIN LIPSTICK 16 BEIGE TADELAKT 3,5 GR",3346133700859,HMU60001SV016,,,,,,,,,,,HRM000000346,ROUGE HERMES SATIN LIPSTICK 16 BEIGE TADELAKT 3.5 GR
HERMES,"ROUGE HERMES SATIN LIPSTICK 18 ROSE ENCENS 3,5 GR",3346133700057,HMU60001SV018,,,,,,,,,,,HRM000000347,ROUGE HERMES SATIN LIPSTICK 18 ROSE ENCENS 3.5 GR
HERMES,"ROUGE HERMES SATIN LIPSTICK 21 ROSE  EPICE 3,5 GR",3346133700064,HMU60001SV021,,,,,,,,,,,HRM000000348,ROUGE HERMES SATIN LIPSTICK 21 ROSE  EPICE 3.5 GR
HERMES,"ROUGE HERMES SATIN LIPSTICK 33 ORANGE BOÎTE 3,5 GR",3346133700101,HMU60001SV033,,,,,,,,,,,HRM000000349,ROUGE HERMES SATIN LIPSTICK 33 ORANGE BOÎTE 3.5 GR
HERMES,"ROUGE HERMES SATIN LIPSTICK 40 ROSE LIPSTICK 3,5 GR",3346133700088,HMU60001SV040,,,,,,,,,,,HRM000000351,ROUGE HERMES SATIN LIPSTICK 40 ROSE LIPSTICK 3.5 GR
HERMES,"ROUGE HERMES SATIN LIPSTICK 64 ROUGE CASAQUE 3,5 GR",3346133700118,HMU60001SV064,,,,,,,,,,,HRM000000356,ROUGE HERMES SATIN LIPSTICK 64 ROUGE CASAQUE 3.5 GR
HERMES,"ROUGE HERMES SATIN LIPSTICK 66 ROUGE PIMENT 3,5 GR",3346133700965,HMU60001SV066,,,,,,,,,,,HRM000000357,ROUGE HERMES SATIN LIPSTICK 66 ROUGE PIMENT 3.5 GR
HERMES,"ROUGE HERMES SATIN LIPSTICK 75 ROUGE AMAZONE 3,5 GR",3346133700125,HMU60001SV075,,,,,,,,,,,HRM000000358,ROUGE HERMES SATIN LIPSTICK 75 ROUGE AMAZONE 3.5 GR
HERMES,"ROUGE HERMES SATIN LIPSTICK 85 ROUGE H 3,5 GR",3346133700132,HMU60001SV085,,,,,,,,,,,HRM000000359,ROUGE HERMES SATIN LIPSTICK 85 ROUGE H 3.5 GR
HERMES,"ROUGE HERMES SATIN LIPSTICK 19 ROSE BRUYERE  3,5 GR",3346130420392,HMU60001SV019,,,,,,,,,,,HRM000000615,ROUGE HERMES SATIN LIPSTICK 19 ROSE BRUYERE
HERMES,"ROUGE HERMES SATIN LIPSTICK 20 BEIGE D'AUTOMNE  3,5 GR",3346130420408,HMU60001SV020,,,,,,,,,,,HRM000000616,ROUGE HERMES SATIN LIPSTICK 20 BEIGE AUTOMNE
HERMES,"ROUGE HERMES SATIN LIPSTICK 79 ROUGE ERABLE  3,5 GR",3346130420415,HMU60001SV079,,,,,,,,,,,HRM000000617,ROUGE HERMES SATIN LIPSTICK 79 ROUGE ERABLE
HERMES,"ROUGE HERMES SATIN LIPSTICK 82 ROUGE VIGNE  3,5 GR",3346130420422,HMU60001SV082,,,,,,,,,,,HRM000000618,ROUGE HERMES SATIN LIPSTICK 82 ROUGE VIGNE
HERMES,"ROUGE HERMES SATIN LIPSTICK 86 BRUN SIENNE 3,5GR",3346130015970,HMU60001SV086,,,,,,,,,,,HRM000000744,"ROUGE HERMES SATIN LIPSTICK 86 BRUN SIENNE 3,5GR"
HERMES,"ROUGE HERMES SATIN LIPSTICK 17 BEIGE EBLOUI 3,5GR",3346130015468,HMU60001SV017,,,,,,,,,,,HRM000000745,"ROUGE HERMES SATIN LIPSTICK 17 BEIGE EBLOUI 3,5GR"
HERMES,"ROUGE HERMES SATIN LIPSTICK 47 BEIGE SANGUINE 3,5GR",3346130015987,HMU60001SV047,,,,,,,,,,,HRM000000746,"ROUGE HERMES SATIN LIPSTICK 47 BEIGE SANGUINE 3,5GR"
HERMES,ROUGE HERMES NATURAL SHINY LIPSTICKS,,,,,,,,,,,,,,
HERMES,ROUGE HERMES NATURAL SHINY LIPSTICK 15 BRUN D'AMBRE,3346130013839,HMU60267TV015,,,,,,,,,,,HRM000000749,ROUGE HERMES NATURAL SHINY LIPSTICK 15 BRUN D'AMBRE
HERMES,ROUGE HERMES NATURAL SHINY LIPSTICK 21 ROSE EPICE,3346130013822,HMU60267TV021,,,,,,,,,,,HRM000000750,ROUGE HERMES NATURAL SHINY LIPSTICK 21 ROSE EPICE
HERMES,ROUGE HERMES NATURAL SHINY LIPSTICK 26 ROSE HIMALAYA,3346130013600,HMU60267TV026,,,,,,,,,,,HRM000000751,ROUGE HERMES NATURAL SHINY LIPSTICK 26 ROSE HIMALAYA
HERMES,ROUGE HERMES NATURAL SHINY LIPSTICK  48 ROSE BOISE,3346130013631,HMU60267TV048,,,,,,,,,,,HRM000000752,ROUGE HERMES NATURAL SHINY LIPSTICK  48 ROSE BOISE
HERMES,ROUGE HERMES NATURAL SHINY LIPSTICK 75 ROUGE AMAZONE,3346130013655,HMU60267TV075,,,,,,,,,,,HRM000000753,ROUGE HERMES NATURAL SHINY LIPSTICK 75 ROUGE AMAZONE
HERMES,ROUGE HERMES NATURAL SHINY LIPSTICK 85 ROUGE H,3346130014850,HMU60267TV085,,,,,,,,,,,HRM000000754,ROUGE HERMES NATURAL SHINY LIPSTICK 85 ROUGE H
HERMES,ROUGE HERMES NATURAL SHINY LIPSTICK 12 BEIGE MIDI,3346130013808,HMU60267TV012,,,,,,,,,,,#N/A,#N/A
HERMES,ROUGE HERMES NATURAL SHINY LIPSTICK 34 CORAIL CUZCO,3346130013617,HMU60267TV034,,,,,,,,,,,HRM000000756,ROUGE HERMES NATURAL SHINY LIPSTICK 34 CORAIL CUZCO
HERMES,ROUGE HERMES NATURAL SHINY LIPSTICK 41 ROSE HACIENDA,3346130013624,HMU60267TV041,,,,,,,,,,,HRM000000757,ROUGE HERMES NATURAL SHINY LIPSTICK 41 ROSE HACIENDA
HERMES,ROUGE HERMES NATURAL SHINY LIPSTICK 64 ROUGE CASAQUE,3346130014812,HMU60267TV064,,,,,,,,,,,HRM000000758,ROUGE HERMES NATURAL SHINY LIPSTICK 64 ROUGE CASAQUE
HERMES,ROUGE HERMES NATURAL SHINY LIPSTICK 83 ROUGE BRIQUE​,3346130013662,HMU60267TV083,,,,,,,,,,,HRM000000759,ROUGE HERMES NATURAL SHINY LIPSTICK 83 ROUGE BRIQUE​
HERMES,ROUGE HERMES NATURAL SHINY LIPSTICK 87 BRUN SELLIER​,3346130013679,HMU60267TV087,,,,,,,,,,,HRM000000760,ROUGE HERMES NATURAL SHINY LIPSTICK 87 BRUN SELLIER​
HERMES,ROUGE HERMES NATURAL SHINY LIPSTICK 14 BEIGE SANTAL,TBC,TBC,,,,,,,,,,,#N/A,#N/A
HERMES,ROUGE HERMES NATURAL SHINY LIPSTICK 12 BEIGE MELBA,3346130013808,HMU60267TV012,,,,,,,,,,,,
HERMES,ROUGE HERMES NATURAL SHINY LIPSTICK 12 BEIGE MELBA,TBC,TBC,,,,,,,,,,,#N/A,#N/A
HERMES,ROUGE HERMES NATURAL SHINY LIPSTICK 16 BEIGE TAN,3346130019213,HMU60267TV016,,,,,,,,,,,HRM000000763,ROUGE HERMES NATURAL SHINY LIPSTICK 16 BEIGE TAN
HERMES,ROUGE HERMES NATURAL SHINY LIPSTICK 77 ROUGE GRENADE,3346130019206,HMU60267TV077,,,,,,,,,,,HRM000000764,ROUGE HERMES NATURAL SHINY LIPSTICK 77 ROUGE GRENADE
HERMES,ROUGE HERMES NATURAL SHINY LIPSTICK 15 BRUN D'AMBRE REFILL,TBC,HMU60268TV015​,,,,,,,,,,,HRM000000765,ROUGE HERMES NATURAL SHINY LIPSTICK 15 BRUN D'AMBRE REFILL
HERMES,ROUGE HERMES NATURAL SHINY LIPSTICK 21 ROSE EPICE REFILL,TBC,HMU60268TV021​,,,,,,,,,,,HRM000000766,ROUGE HERMES NATURAL SHINY LIPSTICK 21 ROSE EPICE REFILL
HERMES,ROUGE HERMES NATURAL SHINY LIPSTICK 26 ROSE HIMALAYA REFILL,TBC,HMU60268TV026​,,,,,,,,,,,HRM000000767,ROUGE HERMES NATURAL SHINY LIPSTICK 26 ROSE HIMALAYA REFILL
HERMES,ROUGE HERMES NATURAL SHINY LIPSTICK  48 ROSE BOISE REFILL,TBC,HMU60268TV048​,,,,,,,,,,,HRM000000768,ROUGE HERMES NATURAL SHINY LIPSTICK  48 ROSE BOISE REFILL
HERMES,LIP BALMS,,,,,,,,,,,,,,
HERMES,"ROUGE HERMES MOISTURIZING LIP BALM 3,5 GR",3346133700996,HMU60001BV000,,,,,,,,,,,HRM000000361,ROUGE HERMES MOISTURIZING LIP BALM 3.5 GR
HERMES,"ROUGE HERMES POPPY LIP SHINE 3,5 GR",3346133701009,HMU60001TV000,,,,,,,,,,,HRM000000362,ROUGE HERMES POPPY LIP SHINE 3.5 GR
HERMES,ROSE HERMES ROSY LIP PERFECTOR 14 ROSE ABRICOTE  4 GR,3346130005278,HMU60284BV014,,,,,,,,,,,HRM000000421,ROSE HERMES ROSY LIP PERFECTOR 14 ROSE ABRICOTÉ 4 GR
HERMES,ROSE HERMES ROSY LIP PERFECTOR 49 ROSE TAN  4 GR,3346130005292,HMU60284BV049,,,,,,,,,,,HRM000000422,ROSE HERMES ROSY LIP PERFECTOR 49 ROSE TAN 4 GR
HERMES,ROSE HERMES ROSY LIP PERFECTOR 30 ROSE D'ETE 4 GR,3346130005285,HMU60284BV030,,,,,,,,,,,HRM000000423,ROSE HERMES ROSY LIP PERFECTOR 30 ROSE D'ETE 4 GR
HERMES,ROSE HERMES ROSY LIP SHINE ENHANCER 27 ROSE CONFETTI  4 GR,3346130419013,HMU60487BV027,,,,,,,,,,,HRM000000653,ROSE HERMES ROSY LIP ENHANCER 27 ROSE CONFETTI
HERMES,ROUGE HERMÈS LIP CARE BALM X3,3346130026365,HMU60854BV000,,,,,,,,,,,,
HERMES,ROUGE HERMÈS REPAIRING LIP MASK X3,3346130026389,HMU60855BV000,,,,,,,,,,,,
HERMES,HERMESISTIBLE LIP BALM,,,,,,,,,,,,,,
HERMES,HERMESISTIBLE PERFUMED LIP OIL 01 BEIGE SAPOTILLE  ,3346130012931,HMU60346HV001,,,,,,,,,,,HRM000000477,HERMESISTIBLE  LIP CARE OIL 01 BEIGE SAPOTILLE 8.5 ML
HERMES,HERMESISTIBLE PERFUMED LIP OIL 02 CORAIL BIGARADE  ,3346130012948,HMU60346HV002,,,,,,,,,,,HRM000000478,HERMESISTIBLE  LIP CARE OIL 02 CORAIL BIGARADE 8.5 ML
HERMES,HERMESISTIBLE PERFUMED LIP OIL 03 ROSE PITAYA  ,3346130012955,HMU60346HV003,,,,,,,,,,,HRM000000479,HERMESISTIBLE  LIP CARE OIL 03 ROSE PITAYA 8.5 ML
HERMES,HERMESISTIBLE PERFUMED LIP OIL 04 ROUGE AMARELLE  ,3346130012962,HMU60346HV004,,,,,,,,,,,HRM000000480,HERMESISTIBLE  LIP CARE OIL 04 ROUGE AMARELLE 8.5 ML
HERMES,HERMESISTIBLE PERFUMED LIP OIL 05 ROSE KOLA  ,3346130012979,HMU60346HV005,,,,,,,,,,,HRM000000481,HERMESISTIBLE  LIP CARE OIL 05 ROSE KOLA 8.5 ML
HERMES,HERMESISTIBLE PERFUMED LIP OIL 06 POURPRE CAMARINE  ,3346130012986,HMU60346HV006,,,,,,,,,,,HRM000000482,HERMESISTIBLE  LIP CARE OIL 06 POURPRE CAMARINE 8.5 ML
HERMES,ROSE HERMES BLUSH,,,,,,,,,,,,,,
HERMES,ROSE HERMES BLUSH 19 ROSE ABRICOT 6 GR,3346133703591,HMU60165PV019,,,,,,,,,,,HRM000000403,ROSE HERMES BLUSH 19 ROSE ABRICOT 6 GR
HERMES,ROSE HERMES BLUSH 23 ROSE BLUSH 6 GR,3346133703607,HMU60165PV023,,,,,,,,,,,HRM000000404,ROSE HERMES BLUSH 23 ROSE BLUSH 6 GR
HERMES,ROSE HERMES BLUSH 28 ROSE PLUME 6 GR,3346133703614,HMU60165PV028,,,,,,,,,,,HRM000000405,ROSE HERMES BLUSH 28 ROSE PLUME 6 GR
HERMES,ROSE HERMES BLUSH 32 ROSE POMMETTE 6 GR,3346133703621,HMU60165PV032,,,,,,,,,,,HRM000000406,ROSE HERMES BLUSH 32 ROSE POMMETTE 6 GR
HERMES,ROSE HERMES BLUSH 45 ROSE OMBRE 6 GR,3346133703645,HMU60165PV045,,,,,,,,,,,HRM000000407,ROSE HERMES BLUSH 45 ROSE OMBRÉ 6 GR
HERMES,ROSE HERMES BLUSH 54 ROSE NUIT 6 GR,3346133703669,HMU60165PV054,,,,,,,,,,,HRM000000409,ROSE HERMES BLUSH 54 ROSE NUIT 6 GR
HERMES,ROSE HERMES BLUSH 61 ROSE FEU 6 GR,3346133703676,HMU60165PV061,,,,,,,,,,,HRM000000410,ROSE HERMES BLUSH 61 ROSE FEU 6 GR
HERMES,ROSE HERMES BLUSH 47 ROSE AMBRE  6 GR,3346130416203,HMU60165PV047,,,,,,,,,,,HRM000000632,ROSE HERMES BLUSH 47 ROSE AMBRE
HERMES,ROSE HERMES BLUSH 58 ROSE CUIVRE  6 GR,3346130416210,HMU60165PV058,,,,,,,,,,,HRM000000677,ROSE HERMES SILKY BLUSH POWDER  58 ROSE CUIVRE
HERMES,BRUSHES & ACCESORIES,,,,,,,,,,,,,,
HERMES,ROUGE HERMES LIP BRUSH ,3346133701184,HMU600490V0,3346130425069,HMU605640V0,,,,,,,,,HRM000000364,ROUGE HERMES LIP BRUSH 3.5 GR
HERMES,ROSE HERMES BLUSH BRUSH ,3346133704192,HMU601560V0,3346130425083,HMU605660V0,,,,,,,,,HRM000000419,ROSE HERMES BLUSH BRUSH 
HERMES,PLEIN AIR FACE POWDER BRUSH - LES PINCEAUX ,3346130007555,HMU602600V0,3346130425106,HMU605680V0,,,,,,,,,HRM000000476,PLEIN AIR FACE POWDER BRUSH 
HERMES,LES PINCEAUX HERMES TRAVEL POWDERS BRUSH ,3346133704215,HMU601580V0,3346130423553,HMU605480V0,,,,,,,,,HRM000000420,ROSE HERMES MINI KABUKI TRAVEL BRUSH 
HERMES,LES PINCEAUX HERMES PLEIN AIR HIGHLIGHTER BRUSH ,3346130415435,HMU604440V0,,,,,,,,,,,HRM000000683,H TRIO LES PINCEAUX FACE PRECISION BRUSH
HERMES,TRAIT D'HERMES EYELASH CURLER ,3346130015246,HMU603190V0,,,,,,,,,,,HRM000000704,TRAIT D'HERMES EYELASH CURLER
HERMES,LES PINCEAUX HERMES PRECISION BLENDING EYE BRUSH ,3346130428541,HMU605620V0,,,,,,,,,,,HRM000000707,LES PINCEAUX HERMÈS PRECISION BLENDING EYE BRUSH
HERMES,LES PINCEAUX HERMES OMBRES D'HERMES EYESHADOW BLENDING BRUSH ,3346130411420,HMU603690V0,,,,,,,,,,,HRM000000706,LES PINCEAUX HERMÈS BLENDING EYE BRUSH
HERMES,LES PINCEAUX HERMES OMBRES D'HERMES EYESHADOW EYELINER BRUSH ,3346130411437,HMU603700V0,,,,,,,,,,,HRM000000685,LES PINCEAUX EYELINER BRUSH
HERMES,LES PINCEAUX HERMES OMBRES D'HERMES EYESHADOW SHADER BRUSH ,3346130411413,HMU603680V0,,,,,,,,,,,HRM000000705,LES PINCEAUX HERMES SHADER EYE BRUSH
HERMES,LES PINCEAUX HERMES OMBRES D'HERMES LASH AND EYEBROW BRUSH ,3346130411444,HMU603710V0,,,,,,,,,,,HRM000000686,LES PINCEAUX LASH AND EYEBROW BRUSH
HERMES,PLEIN AIR MATTIFYNG PAPIERS (100 SHEETS),3346130003779,HMU601800V0,,,,,,,,,,,HRM000000463,PLEIN AIR MATTIFYNG PAPIERS X5 40 ML
HERMES,FOUNDATION BRUSH LE PERFECTEUR,3346130018124,HMU606670V0,,,,,,,,,,,HRM000000772,FOUNDATION BRUSH LE PERFECTEUR
HERMES,COMPLEXION TOOLS - PLATE AND SPATULA  FOR FLUID FOUNDATION,3346130018346,HMU606710V0,,,,,,,,,,,HRM000000773,COMPLEXION TOOLS - PLATE AND SPATULA  FOR FLUID FOUNDATION
HERMES,LES MAINS,,,,,,,,,,,,,,
HERMES,LES MAINS HERMES NAIL POLISH 01 ROSE PORCELAINE  15 ML,3346130007258,HMU60301VV01,3346130424611,HMU60301VV001,,,,,,,,,HRM000000433,LES MAINS HERMES NAIL POLISH 01 ROSE PORCELAINE 15 ML
HERMES,LES MAINS HERMES NAIL POLISH 03 ROSE COQUILLE  15 ML,3346130007265,HMU60301VV03,3346130424628,HMU60301VV003,,,,,,,,,HRM000000434,LES MAINS HERMES NAIL POLISH 03 ROSE COQUILLE 15 ML
HERMES,LES MAINS HERMES NAIL POLISH 30 ROSE HORIZON  15 ML,3346130007289,HMU60301VV030,,,,,,,,,,,HRM000000435,LES MAINS HERMES NAIL POLISH 30 ROSE HORIZON 15 ML
HERMES,LES MAINS HERMES NAIL POLISH 33 ORANGE BOÎTE  15 ML,3346130007296,HMU60301VV033,,,,,,,,,,,HRM000000436,LES MAINS HERMES NAIL POLISH 33 ORANGE BOÎTE 15 ML
HERMES,LES MAINS HERMES NAIL POLISH 39 ORANGE POPPY  15 ML,3346130007302,HMU60301VV039,,,,,,,,,,,HRM000000437,LES MAINS HERMES NAIL POLISH 39 ORANGE POPPY 15 ML
HERMES,LES MAINS HERMES NAIL POLISH 43 ROSE INCARNAT  15 ML,3346130007319,HMU60301VV043,,,,,,,,,,,HRM000000438,LES MAINS HERMES NAIL POLISH 43 ROSE INCARNAT 15 ML
HERMES,LES MAINS HERMES NAIL POLISH 46 ROUGE EXOTIQUE  15 ML,3346130007326,HMU60301VV046,,,,,,,,,,,HRM000000439,LES MAINS HERMES NAIL POLISH 46 ROUGE EXOTIQUE 15 ML
HERMES,LES MAINS HERMES NAIL POLISH 49 ROSE TAMISE  15 ML,3346130007333,HMU60301VV049,,,,,,,,,,,HRM000000440,LES MAINS HERMES NAIL POLISH 49 ROSE TAMISÉ 15 ML
HERMES,LES MAINS HERMES NAIL POLISH 06 ROSE BALTIQUE  15 ML,3346130007272,HMU60301VV06,3346130424635,HMU60301VV006,,,,,,,,,HRM000000441,LES MAINS HERMES NAIL POLISH 06 ROSE BALTIQUE 15 ML
HERMES,LES MAINS HERMES NAIL POLISH 64 ROUGE CASAQUE  15 ML,3346130007340,HMU60301VV064,,,,,,,,,,,HRM000000442,LES MAINS HERMES NAIL POLISH 64 ROUGE CASAQUE 15 ML
HERMES,LES MAINS HERMES NAIL POLISH 65 VERT EGYPTIEN  15 ML,3346130007357,HMU60301VV065,,,,,,,,,,,HRM000000443,LES MAINS HERMES NAIL POLISH 65 VERT EGYPTIEN 15 ML
HERMES,LES MAINS HERMES NAIL POLISH 66 ROUGE PIMENT  15 ML,3346130007364,HMU60301VV066,,,,,,,,,,,HRM000000444,LES MAINS HERMES NAIL POLISH 66 ROUGE PIMENT 15 ML
HERMES,LES MAINS HERMES NAIL POLISH 70 ROSE INDIEN  15 ML,3346130007371,HMU60301VV070,,,,,,,,,,,HRM000000445,LES MAINS HERMES NAIL POLISH 70 ROSE INDIEN 15 ML
HERMES,LES MAINS HERMES NAIL POLISH 71 ORANGE BRÛLE  15 ML,3346130007388,HMU60301VV071,,,,,,,,,,,HRM000000446,LES MAINS HERMES NAIL POLISH 71 ORANGE BRÛLÉ 15 ML
HERMES,LES MAINS HERMES NAIL POLISH 74 ROSE MAGENTA  15 ML,3346130007395,HMU60301VV074,,,,,,,,,,,HRM000000447,LES MAINS HERMES NAIL POLISH 74 ROSE MAGENTA 15 ML
HERMES,LES MAINS HERMES NAIL POLISH 75 ROUGE AMAZONE  15 ML,3346130007401,HMU60301VV075,,,,,,,,,,,HRM000000448,LES MAINS HERMES NAIL POLISH 75 ROUGE AMAZONE 15 ML
HERMES,LES MAINS HERMES NAIL POLISH 77 ROUGE GRENADE  15 ML,3346130007418,HMU60301VV077,,,,,,,,,,,HRM000000449,LES MAINS HERMES NAIL POLISH 77 ROUGE GRENADE 15 ML
HERMES,LES MAINS HERMES NAIL POLISH 79 JAUNE IMPERIAL  15 ML,3346130007425,HMU60301VV079,,,,,,,,,,,HRM000000450,LES MAINS HERMES NAIL POLISH 79 JAUNE IMPÉRIAL 15 ML
HERMES,LES MAINS HERMES NAIL POLISH 80 GRIS ETOUPE  15 ML,3346130007432,HMU60301VV080,,,,,,,,,,,HRM000000451,LES MAINS HERMES NAIL POLISH 80 GRIS ETOUPE 15 ML
HERMES,LES MAINS HERMES NAIL POLISH 85 ROUGE H  15 ML,3346130007449,HMU60301VV085,,,,,,,,,,,HRM000000452,LES MAINS HERMES NAIL POLISH 85 ROUGE H 15 ML
HERMES,LES MAINS HERMES NAIL POLISH 89 VIOLET BYZANTIN  15 ML,3346130007456,HMU60301VV089,,,,,,,,,,,HRM000000453,LES MAINS HERMES NAIL POLISH 89 VIOLET BYZANTIN 15 ML
HERMES,LES MAINS HERMES NAIL POLISH 91 VERT ECOSSAIS  15 ML,3346130007463,HMU60301VV091,,,,,,,,,,,HRM000000454,LES MAINS HERMES NAIL POLISH 91 VERT ECOSSAIS 15 ML
HERMES,LES MAINS HERMES NAIL POLISH 95 BRUN BISTRE  15 ML,3346130007470,HMU60301VV095,,,,,,,,,,,HRM000000455,LES MAINS HERMES NAIL POLISH 95 BRUN BISTRE 15 ML
HERMES,LES MAINS HERMES NAIL POLISH 96 BLEU ENCRE  15 ML,3346130007487,HMU60301VV096,,,,,,,,,,,HRM000000456,LES MAINS HERMES NAIL POLISH 96 BLEU ENCRE 15 ML
HERMES,LES MAINS HERMES NOURISHING OIL NAILS AND CUTICLET 15 ML,3346130007210,HMU60299HV0,,,,,,,,,,,HRM000000457,LES MAINS HERMES NOURISHING OIL NAILS AND CUTICLES 15 ML
HERMES,LES MAINS HERMES ENAMEL BASE COAT 15 ML,3346130007227,HMU60302VV0,,,,,,,,,,,HRM000000458,LES MAINS HERMES ENAMEL BASE COAT 15 ML
HERMES,LES MAINS HERMES TOP COAT  15 ML,3346130007234,HMU60303VVD,,,,,,,,,,,HRM000000459,LES MAINS HERMES TOP COAT 15 ML
HERMES,PLEIN AIR FOUNDATION,,,,,,,,,,,,,,
HERMES,PLEIN AIR FOUNDATION 05,3346130017080,HMU60652EVW05,,,,,,,,,,,HRM000000776,PLEIN AIR FOUNDATION 05
HERMES,PLEIN AIR FOUNDATION 07,3346130017097,HMU60652EVW07,,,,,,,,,,,HRM000000777,PLEIN AIR FOUNDATION 07
HERMES,PLEIN AIR FOUNDATION 11 ,3346130017035,HMU60652EVW11,,,,,,,,,,,HRM000000778,PLEIN AIR FOUNDATION 11 
HERMES,PLEIN AIR FOUNDATION 13,3346130017042,HMU60652EVW13,,,,,,,,,,,HRM000000779,PLEIN AIR FOUNDATION 13
HERMES,PLEIN AIR FOUNDATION 17,3346130017059,HMU60652EVW17,,,,,,,,,,,HRM000000780,PLEIN AIR FOUNDATION 17
HERMES,PLEIN AIR FOUNDATION 21,3346130017066,HMU60652EVW21,,,,,,,,,,,HRM000000781,PLEIN AIR FOUNDATION 21
HERMES,PLEIN AIR FOUNDATION 25,3346130017103,HMU60652EVW25,,,,,,,,,,,HRM000000782,PLEIN AIR FOUNDATION 25
HERMES,PLEIN AIR FOUNDATION 27,3346130017073,HMU60652EVW27,,,,,,,,,,,HRM000000783,PLEIN AIR FOUNDATION 27
HERMES,PLEIN AIR FOUNDATION 31,3346130017011,HMU60652EVW31,,,,,,,,,,,HRM000000784,PLEIN AIR FOUNDATION 31
HERMES,PLEIN AIR FOUNDATION 33,3346130017028,HMU60652EVW33,,,,,,,,,,,HRM000000785,PLEIN AIR FOUNDATION 33
HERMES,PLEIN AIR FOUNDATION 35,3346130017110,HMU60652EVW35,,,,,,,,,,,HRM000000786,PLEIN AIR FOUNDATION 35
HERMES,PLEIN AIR FOUNDATION 37,3346130017134,HMU60652EVW37,,,,,,,,,,,HRM000000787,PLEIN AIR FOUNDATION 37
HERMES,PLEIN AIR FOUNDATION 41,3346130017141,HMU60652EVW41,,,,,,,,,,,HRM000000788,PLEIN AIR FOUNDATION 41
HERMES,PLEIN AIR FOUNDATION 43,3346130017158,HMU60652EVW43,,,,,,,,,,,HRM000000789,PLEIN AIR FOUNDATION 43
HERMES,PLEIN AIR FOUNDATION 45,3346130017127,HMU60652EVW45,,,,,,,,,,,HRM000000790,PLEIN AIR FOUNDATION 45
HERMES,PLEIN AIR FOUNDATION 47,3346130017165,HMU60652EVW47,,,,,,,,,,,HRM000000791,PLEIN AIR FOUNDATION 47
HERMES,PLEIN AIR FOUNDATION 49,3346130017172,HMU60652EVW49,,,,,,,,,,,HRM000000792,PLEIN AIR FOUNDATION 49
HERMES,PLEIN AIR FOUNDATION 51,3346130017189,HMU60652EVW51,,,,,,,,,,,HRM000000793,PLEIN AIR FOUNDATION 51
HERMES,PLEIN AIR FOUNDATION 53,3346130017196,HMU60652EVW53,,,,,,,,,,,HRM000000794,PLEIN AIR FOUNDATION 53
HERMES,PLEIN AIR FOUNDATION 55,3346130017202,HMU60652EVW55,,,,,,,,,,,HRM000000795,PLEIN AIR FOUNDATION 55
HERMES,PLEIN AIR FOUNDATION 57,3346130017219,HMU60652EVW57,,,,,,,,,,,HRM000000796,PLEIN AIR FOUNDATION 57
HERMES,PLEIN AIR FOUNDATION 59,3346130017226,HMU60652EVW59,,,,,,,,,,,HRM000000797,PLEIN AIR FOUNDATION 59
HERMES,PLEIN AIR FOUNDATION 61,3346130020097,HMU60652EVW61,,,,,,,,,,,HRM000000798,PLEIN AIR FOUNDATION 61
HERMES,PLEIN AIR FOUNDATION 63,3346130018339,HMU60652EVW63,,,,,,,,,,,HRM000000799,PLEIN AIR FOUNDATION 63
HERMES,PLEIN AIR FOUNDATION 67,3346130017646,HMU60652EVW67,,,,,,,,,,,HRM000000800,PLEIN AIR FOUNDATION 67
HERMES,PLEIN AIR FOUNDATION 71,3346130017653,HMU60652EVW71,,,,,,,,,,,HRM000000801,PLEIN AIR FOUNDATION 71
HERMES,PLEIN AIR FOUNDATION 73,3346130023531,HMU60652EV073,,,,,,,,,,,HRM000000802,PLEIN AIR FOUNDATION 73
HERMES,PLEIN AIR FOUNDATION 75,3346130023548,HMU60652EV075,,,,,,,,,,,HRM000000803,PLEIN AIR FOUNDATION 75
HERMES,PLEIN AIR FOUNDATION 79,3346130023555,HMU60652EV079,,,,,,,,,,,HRM000000806,PLEIN AIR FOUNDATION 79
HERMES,PLEIN AIR FOUNDATION 81,3346130023562,HMU60652EV081,,,,,,,,,,,HRM000000804,PLEIN AIR FOUNDATION 81
HERMES,PLEIN AIR FOUNDATION 87,3346130023579,HMU60652EV087,,,,,,,,,,,HRM000000807,PLEIN AIR FOUNDATION 87
HERMES,PLEIN AIR FOUNDATION 93,3346130023586,HMU60652EV093,,,,,,,,,,,HRM000000805,PLEIN AIR FOUNDATION 93
HERMES,PLEIN AIR PRIMER - PERFECTING MATTIFYING,3346130020141,HMU60656EV0,,,,,,,,,,,HRM000000808,PLEIN AIR PRIMER - PERFECTING MATTIFYING
HERMES,HERMES PLEIN AIR RADIANT POWDERS,,,,,,,,,,,,,,
HERMES,HERMES PLEIN AIR RADIANT GLOW POWDER 02 MIRAGE,3346130412212,HMU60406PV002,,,,,,,,,,,HRM000000474,HERMES PLEIN AIR RADIANT GLOW POWDER 02 MIRAGE 40 ML
HERMES,HERMES PLEIN AIR RADIANT MATTE POWDER 01 NUAGE  ,3346130412243,HMU60409PV001,,,,,,,,,,,HRM000000475,HERMES PLEIN AIR RADIANT MATTE POWDER 01 NUAGE 40 ML
HERMES,HERMES PLEIN AIR H MINERAL POWDER,,,,,,,,,,,,,,
HERMES,HERMES PLEIN AIR HEALTHY GLOW MINERAL POWDER 01 TOTTORI  ,3346130415299,HMU60447PV001,,,,,,,,,,,HRM000000638,PLEIN AIR HEALTHY GLOW MINERAL POWDER 01 TOTTORI
HERMES,HERMES PLEIN AIR HEALTHY GLOW MINERAL POWDER 02 ATLAS  ,3346130415305,HMU60447PV002,,,,,,,,,,,HRM000000639,PLEIN AIR HEALTHY GLOW MINERAL POWDER 02 ATLAS
HERMES,HERMES PLEIN AIR HEALTHY GLOW MINERAL POWDER 03 SAHARA  ,3346130415312,HMU60447PV003,,,,,,,,,,,HRM000000640,PLEIN AIR HEALTHY GLOW MINERAL POWDER 03 SAHARA
HERMES,HERMES PLEIN AIR HEALTHY GLOW MINERAL POWDER 05 COLORADO  ,3346130415336,HMU60447PV005,,,,,,,,,,,HRM000000642,PLEIN AIR HEALTHY GLOW MINERAL POWDER 05 COLORADO
HERMES,HERMES PLEIN AIR IRIDESCENT POWDER 01 ROSE ATACAMA  ,3346130415398,HMU60449PV001,,,,,,,,,,,HRM000000643,PLEIN AIR IRIDESCENT MINERAL POWDER 01 ROSE ATACAM
HERMES,OMBRES D'HERMES EYESHADOWS,,,,,,,,,,,,,,
HERMES,OMBRES D'HERMES EYESHADOWS 01 OMBRES PETALES  ,3346130411260,HMU60365PV001,,,,,,,,,,,HRM000000688,OMBRES D'HERMES EYESHADOWS 01 OMBRES PETALES
HERMES,OMBRES D'HERMES EYESHADOWS 03 OMBRES FAUVES  ,3346130411284,HMU60365PV003,,,,,,,,,,,HRM000000690,OMBRES D'HERMES EYESHADOWS 03 OMBRES FAUVES
HERMES,OMBRES D'HERMES EYESHADOWS 05 OMBRES FUMEES  ,3346130411307,HMU60365PV005,,,,,,,,,,,HRM000000692,OMBRES D'HERMES EYESHADOWS 05 OMBRES FUMEES
HERMES,OMBRES D'HERMES EYESHADOWS 06 OMBRES MORDOREES  ,3346130411314,HMU60365PV006,,,,,,,,,,,HRM000000693,OMBRES D'HERMES EYESHADOWS 06 OMBRES MORDOREES
HERMES,TRAIT D'HERMES VOLUME MASCARA,,,,,,,,,,,,,,
HERMES,TRAIT D'HERMES VOLUME MASCARA 01 NOIR FUSAIN  ,3346130420712,HMU60510EV001,,,,,,,,,,,HRM000000698,TRAIT D'HERMES VOLUME MASCARA 01 NOIR FUSAIN
HERMES,TRAIT D'HERMES VOLUME MASCARA 02 BRUN BISTRE  ,3346130420729,HMU60510EV002,,,,,,,,,,,HRM000000699,TRAIT D'HERMES VOLUME MASCARA 02 BRUN BISTRE
HERMES,TRAIT D'HERMES VOLUME MASCARA 03 ROUGE H  ,3346130420736,HMU60510EV003,,,,,,,,,,,HRM000000700,TRAIT D'HERMES VOLUME MASCARA 03 ROUGE H
HERMES,TRAIT D'HERMES VOLUME MASCARA 04 BLEU ENCRE  ,3346130420743,HMU60510EV004,,,,,,,,,,,HRM000000701,TRAIT D'HERMES VOLUME MASCARA 04 BLEU ENCRE
HERMES,TRAIT D'HERMES VOLUME MASCARA 05 VERT TITIEN  ,3346130420750,HMU60510EV005,,,,,,,,,,,HRM000000702,TRAIT D'HERMES VOLUME MASCARA 05 VERT TITIEN
HERMES,TRAIT D'HERMES EYE PENCIL,,,,,,,,,,,,,,
HERMES,TRAIT D'HERMES EYE PENCIL 10 OR PERMABRASS ,3346130426165,HMU60570CV010,,,,,,,,,,,HRM000000815,TRAIT D'HERMES EYE PENCIL 10 OR PERMABRASS 
HERMES,TRAIT D'HERMES EYE PENCIL 57 MALACHITE ,3346130426240,HMU60570CV057,,,,,,,,,,,HRM000000823,TRAIT D'HERMES EYE PENCIL 57 MALACHITE 
HERMES,TRAIT D'HERMES EYE PENCIL 62 BLEU DE PRUSSE ,3346130426257,HMU60570CV062,,,,,,,,,,,HRM000000824,TRAIT D'HERMES EYE PENCIL 62 BLEU DE PRUSSE 
HERMES,TRAIT D'HERMES EYE PENCIL 73 MARRON GLACE ,3346130426271,HMU60570CV073,,,,,,,,,,,HRM000000826,TRAIT D'HERMES EYE PENCIL 73 MARRON GLACE 
HERMES,TRAIT D'HERMES EYE PENCIL 74 BRONZE ,3346130426288,HMU60570CV074,,,,,,,,,,,HRM000000827,TRAIT D'HERMES EYE PENCIL 74 BRONZE 
HERMES,TRAIT D'HERMES EYE PENCIL 88 ROUGE SELLIER ,3346130426325,HMU60570CV088,,,,,,,,,,,HRM000000831,TRAIT D'HERMES EYE PENCIL 88 ROUGE SELLIER 
HERMES,TRAIT D'HERMES EYE PENCIL 90 RAISIN ,3346130426332,HMU60570CV090,,,,,,,,,,,HRM000000832,TRAIT D'HERMES EYE PENCIL 90 RAISIN 
HERMES,TRAIT D'HERMES EYE PENCIL 92 VERT TITIEN ,3346130426349,HMU60570CV092,,,,,,,,,,,HRM000000833,TRAIT D'HERMES EYE PENCIL 92 VERT TITIEN 
HERMES,TRAIT D'HERMES EYE PENCIL 93 BRUN BISTRE ,3346130426356,HMU60570CV093,,,,,,,,,,,HRM000000834,TRAIT D'HERMES EYE PENCIL 93 BRUN BISTRE 
HERMES,TRAIT D'HERMES EYE PENCIL 95 BLEU NUIT ,3346130426363,HMU60570CV095,,,,,,,,,,,HRM000000835,TRAIT D'HERMES EYE PENCIL 95 BLEU NUIT 
HERMES,TRAIT D'HERMES EYE PENCIL 96 GRIS GRAPHITE ,3346130426370,HMU60570CV096,,,,,,,,,,,HRM000000836,TRAIT D'HERMES EYE PENCIL 96 GRIS GRAPHITE 
HERMES,TRAIT D'HERMES EYE PENCIL 99 NOIR FUSAIN ,3346130426387,HMU60570CV099,,,,,,,,,,,HRM000000837,TRAIT D'HERMES EYE PENCIL 99 NOIR FUSAIN 
HERMES,TRAIT D'HERMES EYELINER ,3346130426950,HMU60574EV001,,,,,,,,,,,HRM000000838,TRAIT D'HERMES EYELINER 
HERMES,TRAIT D'HERMES LIP PENCIL,,,,,,,,,,,,,,
HERMES,TRAIT D'HERMES LIP PENCIL 16 BEIGE TAN ,3346130426639,HMU60572CV016,,,,,,,,,,,HRM000000840,TRAIT D'HERMES LIP PENCIL 16 BEIGE TAN 
HERMES,TRAIT D'HERMES LIP PENCIL 18 BEIGE THE ,3346130426646,HMU60572CV018,,,,,,,,,,,HRM000000841,TRAIT D'HERMES LIP PENCIL 18 BEIGE THE 
HERMES,TRAIT D'HERMES LIP PENCIL 21 ROSE EPICE ,3346130426660,HMU60572CV021,,,,,,,,,,,HRM000000843,TRAIT D'HERMES LIP PENCIL 21 ROSE EPICE 
HERMES,TRAIT D'HERMES LIP PENCIL 24 ROSE TOMETTE ,3346130426677,HMU60572CV024,,,,,,,,,,,HRM000000844,TRAIT D'HERMES LIP PENCIL 24 ROSE TOMETTE 
HERMES,TRAIT D'HERMES LIP PENCIL 48 ROSE BOISE ,3346130426714,HMU60572CV048,,,,,,,,,,,HRM000000848,TRAIT D'HERMES LIP PENCIL 48 ROSE BOISE 
HERMES,TRAIT D'HERMES LIP PENCIL 64 ROUGE CASAQUE ,3346130426738,HMU60572CV064,,,,,,,,,,,HRM000000850,TRAIT D'HERMES LIP PENCIL 64 ROUGE CASAQUE 
HERMES,TRAIT D'HERMES LIP PENCIL 68 ROUGE BLEU ,3346130426745,HMU60572CV068,,,,,,,,,,,HRM000000851,TRAIT D'HERMES LIP PENCIL 68 ROUGE BLEU 
HERMES,TRAIT D'HERMES LIP PENCIL 75 AMAZONE ,3346130426752,HMU60572CV075,,,,,,,,,,,HRM000000852,TRAIT D'HERMES LIP PENCIL 75 AMAZONE 
HERMES,TRAIT D'HERMES LIP PENCIL 79 ROUGE ERABLE ,3346130426769,HMU60572CV079,,,,,,,,,,,HRM000000853,TRAIT D'HERMES LIP PENCIL 79 ROUGE ERABLE 
HERMES,TRAIT D'HERMES LIP PENCIL 85 ROUGE H ,3346130426776,HMU60572CV085,,,,,,,,,,,HRM000000854,TRAIT D'HERMES LIP PENCIL 85 ROUGE H 
HERMES,TRAIT D'HERMES LIP PENCIL 97 POURPRE FIGUE ,3346130426783,HMU60572CV097,,,,,,,,,,,HRM000000855,TRAIT D'HERMES LIP PENCIL 97 POURPRE FIGUE 
HERMES,TRAIT D'HERMES PENCIL SHARPENER ,3346130015628,HMU605770V0,,,,,,,,,,,HRM000000856,TRAIT D'HERMES PENCIL SHARPENER 
HERMES,ONE SHOT,,,,,,,,,,,,,,
HERMES,PADDOCK EDP 100ML,3346130029557,HRM118529V0,,,,,,,,,,,HRM000000859,PADDOCK EDP 100ML
HERMES,LES MAINS HERMES NAIL POLISH 78 BRUN HELIOS,3346130024606,HMU60797VV078,,,,,,,,,,,,
HERMES,MAKEUP POWDER SOLEIL D'HERMES,3346130024644,HMU60798PV000,,,,,,,,,,,,
HERMES,LES MAINS HERMES NAIL POLISH 28 BLEU CYANEE,3346130027461,HMU60879VV028,,,,,,,,,,,,
HERMES,LES MAINS HERMES NAIL POLISH 58 ROSE ANEMONE,3346130027478,HMU60879VV058,,,,,,,,,,,,
HERMES,ROUGE HERMES SATIN LIPSTICK 60 ROSE BUNGALOW S1 26,3346130027768,HMU60895SV060,,,,,,,,,,,,
HERMES,ROUGE HERMES SATIN LIPSTICK 28 BRUN SUNSET,3346130027751,HMU60895SV028,,,,,,,,,,,,
HERMES,HERMESISTIBLE INFUSED LIP CARE OIL 07 BRUN SEGAI,3346130024552,HMU60346HV007,,,,,,,,,,,,
HERMES,HERMESISTIBLE INFUSED LIP CARE OIL 10 ROSE NASHI,3346130024569,HMU60346HV010,,,,,,,,,,,,
HERMES,FEH26 - TERRE D'HERMÈS EDT SET 100ML +15ML+SHOWER GEL 40ML MAGH,3346130028017,HRM118237V0,,,,,,,,,,,,
HERMES,FEH26 - TERRE D'HERMÈS PP SET 75ML + 15ML +SHOWER GEL 40ML MAGH,3346130028024,HRM118238V0,,,,,,,,,,,,
HERMES,FEH26 - BARÉNIA 2026 EDP SET 60ML + 15ML + SOAP 25GR MAGH,,HRM118236V0,,,,,,,,,,,,
HERMES,FEH26 - UN JARDIN SUR LE NIL EDT SET 100ML+15ML+SOAP 50GR MAGH,3346130027997,HRM118235V0,,,,,,,,,,,,
HERMES,,,,,,,,,,,,,,,
HERMES,TERRE D'HERMES REFILL  EDT 125 ML,3346131404476,HRM28821/1,3346130009672,HRM107196V0,,,,,,,,,HRM000000071,TERRE D'HERMES EDT 125 ML REFILL
HERMES,TERRE D'HERMES PURE PARFUM 125 ML REFILL,3346131404483,HRM28822/1,3346130009856,HRM107215V0,,,,,,,,,HRM000000077,TERRE D'HERMES PURE PERFUME 125 ML REFILL
HERMES,VOYAGE D'HERMES PP EDP 100 ML,3346132101886,HRM28765,3346130012689,HRM107569V0,,,,,,,,,HRM000000028,VOYAGE D'HERMES PARFUM EDP 100 ML
HERMES,VOYAGE D'HERMES EDT 100 ML,3346132100025,HRM26214,3346130012672,HRM107568V0,,,,,,,,,HRM000000029,VOYAGE D'HERMES EDT 100 ML
HERMES,BARENIA EDP 15ML NOMAD,3346130421375,HRM110439V0,,,,,,,,,,,HRM000000724,BARENIA EDP NOMAD 15ML X12
HERMES,BARENIA SOAP 125G,TBC,HRM110440V0,,,,,,,,,,,HRM000000876,BARENIA SOAP 125G
HERMES,BARENIA PERFUMED BODY CREAM 200ML,3346130421399,HRM110441V0,,,,,,,,,,,HRM000000877,BARENIA BODY CREAM 200ML
HERMES,BARENIA EDP INTENSE 15ML NOMAD,3346130018971,HRM116307V0,,,,,,,,,,,HRM000000878,BARENIA EDP INTENSE 15ML NOMAD
HERMES,TWILLY D'HERMES DEO SPRAY 150 ML,3346133200069,HRM36992,3346130010418,HRM107270V0,,,,,,,,,HRM000000098,TWILLY D'HERMES DEO SPRAY 
HERMES,TWILLY D'HERMES BODY & SHOWER CREAM 200 ML,3346133201028,HRM40077,3346130010388,HRM107267V0,,,,,,,,,HRM000000012,TWILLY D'HERMES SHOWER CREAM 200 ML
HERMES,TWILLY D'HERMES BODY LOTION 200 ML,3346133201035,HRM40078,3346130010470,HRM107276V0,,,,,,,,,HRM000000013,TWILLY D'HERMES BODY LOTION 200 ML
HERMES,L'AMBRE DES MERVEILLES EDP 100 ML,3346131792900,HRM29893,3346131796922,HRM101331V0,3346130010074,HRM107246V0,,,,,,,HRM000000022,L'AMBRE DES MERVEILLES EDP 100ML 
HERMES,L'AMBRE DES MERVEILLES EDP 50 ML,3346131792917,HRM29894,3346131796915,HRM101330V0,3346130010067,HRM107245V0,,,,,,,HRM000000023,L'AMBRE DES MERVEILLES EDP 50ML 
HERMES,EAU DES MERVEILLES BLUE EDT 100 ML,3346131796892,HRM101328V0,3346131795635,HRM39052,3346130009320,HRM107179V0,,,,,,,HRM000000024,EAU DES MERVEILLES BLEUE EDT 100 ML
HERMES,EAU DES MERVEILLES BLUE EDT 50 ML,3346131796885,HRM101327V0,3346131795642,HRM39053,3346130009313,HRM107178V0,,,,,,,HRM000000025,EAU DES MERVEILLES BLEUE EDT 50 ML
HERMES,JOUR D'HERMES EDP 85 ML,3346132301149,HRM27557,,,,,,,,,,,HRM000000108,JOUR D'HERMES EDP 85 ML
HERMES,JOUR D'HERMES ABSOLU EDP 85 ML,3346132302801,HRM33002,3346130012511,HRM107549V0,,,,,,,,,HRM000000026,JOUR D'HERMES ABSOLU EDP 85 ML
HERMES,24 FAUBOURG EDP 100 ML,3346130011071,HRM107376V0,3346131610204,HRM78350/1,,,,,,,,,HRM000000027,24 FAUBOURG EDP 100 ML
HERMES,24 FAUBOURG EDT 100 ML,3346130011095,HRM107378V0,3346131610068,HRM78650/1,,,,,,,,,HRM000000082,24 FAUBOURG EDT 100 ML
HERMES,24 FAUBOURG EAU DELICATE 100ML,3346131620050,HRM78451,3346131690657,HRM26094,3346130011156,HRM107384V0,,,,,,,HRM000000511,24 FAUBOURG EAU DELICATE 100ML SPRAY 
HERMES,COLOGNES CONCENTRE D'ORANGE VERTE EDT 100 ML,3346130490654,HRM24724,,,,,,,,,,,HRM000000320,COLOGNES CONCENTRE D'ORANGE VERTE EDT 100 ML
HERMES,EAU D ORANGE VERTE DEODORANT DEO,3346130491989,HRM27634,,,,,,,,,,,HRM000000172,EAU D ORANGE VERTE DEODORANT 150 ML
HERMES,COLOGNES EAU D'ORANGE VERTE DEO STICK 75 GR,3346130009993,HRM24733,,,,,,,,,,,HRM000000116,COLOGNES EAU D'ORANGE VERTE DEO STICK 75 ML
HERMES,CLASSIQUES BEL AMI VETIVER EDT 100 ML,3346130390497,HRM27670,3346130011170,HRM107386V0,,,,,,,,,HRM000000033,CLASSIQUES BEL AMI VETIVER EDT 100 ML
HERMES,CLASSIQUES ROUGE HERMES EDT 100 ML,3346130190400,HRM38316,3346130413356,HRM108307V0,,,,,,,,,HRM000000034,CLASSIQUES ROUGE HERMES EDT 100 ML
HERMES,CLASSIQUES HIRIS EDT 100 ML,3346131840021,HRM27676,3346130011491,HRM107436V0,,,,,,,,,HRM000000035,CLASSIQUES HIRIS EDT 100 ML
HERMES,CLASSIQUES ROCABAR EDT 100 ML,3346132240042,HRM27678,3346132290184,HRM102605V0,3346130011316,HRM107401V0,,,,,,,HRM000000036,CLASSIQUES ROCABAR EDT 100 ML
HERMES,CLASSIQUES AMAZONE EDT EDT 100 ML,3346130640097,HRM27677,3346130690641,HRM102604V0,3346130413349,HRM108306V0,,,,,,,HRM000000037,CLASSIQUES AMAZONE EDT 100 ML
HERMES,CLASSIQUES BEL AMI EDT EDT 100 ML,3346130290384,HRM38274,,,,,,,,,,,HRM000000121,CLASSIQUES BEL AMI EDT 100 ML
HERMES,CLASSIQUES CALECHE EDT 100 ML,3346130390992,HRM38280,3346130011194,HRM107388V0,,,,,,,,,HRM000000038,CLASSIQUES CALECHE EDT 100 ML
HERMES,CLASSIQUES CALECHE SOIE DE PARFUM EDP 100 ML,3346130391043,HRM38285,3346130011286,HRM107397V0,,,,,,,,,HRM000000039,CLASSIQUES CALECHE SOIE DE PARFUM EDP 100 ML
HERMES,CLASSIQUES EAU D'HERMES EDT 100 ML,3346130890171,HRM38290,,,,,,,,,,,HRM000000122,CLASSIQUES EAU D'HERMES EDT 100 ML
HERMES,CLASSIQUES EQUIPAGE EDT 100 ML,3346130590231,HRM38308,3346130011354,HRM107405V0,,,,,,,,,HRM000000040,CLASSIQUES EQUIPAGE EDT 100 ML
HERMES,KELLY CALECHE EDP 100 ML,3346131501816,HRM24593,,,,,,,,,,,HRM000000118,KELLY CALECHE EAU DE PARFUM 100 ML
HERMES,DELIST,,,,,,,,,,,,,,
HERMES,UN JARDIN A CYTHERE BODY LOTION 200 ML,3346130433156,HRM113839V0,,,,,,,,,,,HRM000000720,UN JARDIN A CYTHERE MOIST. B.LOTION B. 200ML
HERMES,UN JARDIN A CYTHERE HAIR&BODY SHOWER GEL 200ML REFILL,3346130432975,HRM113803V0,,,,,,,,,,,HRM000000741,UN JARDIN A CYTHERE HAIR&BODY SHOWER GEL 200ML REFILL
HERMES,COLOGNES EAU DE BASILIC POURPRE  EDC NOMAD 15ML,3346130000044,HRM105080V0,,,,,,,,,,,HRM000000607,EAU DE BASILIC POURPRE EAU DE COLOGNE NOMAD 15 ML
HERMES,TERRE D'HERMES PURE PARFUM NOMAD 15 ML,3346131406449,HRM32665,3346130009863,HRM107216V0,,,,,,,,,HRM000000064,TERRE D'HERMES PURE PERFUME NOMAD 15 ML
HERMES,TERRE D'HERMES EAU GIVREE EDP NOMAD 15ML,3346130012269,HRM107524V0,,,,,,,,,,,HRM000000252,TERRE D'HERMES EAU GIVRÉE EDP NOMAD 15 ML
HERMES,TWILLY D'HERMES EAU GINGER EDP NOMAD 15 ML,3346133203640,HRM103948V0,,,,,,,,,,,HRM000000251,TWILLY D'HERMES GINGER EDP NOMAD 15 ML
HERMES,H24 EDP NOMAD 15 ML,3346130413806,HRM108427V0,,,,,,,,,,,HRM000000606,H24 EDP 15ML NOMAD
HERMES,H24 EDT NOMAD 15 ML,3346133500077,HRM101566V0,,,,,,,,,,,HRM000000250,H24 EAU DE TOILETTE 15 ML FOR SET X12
HERMES,PLEIN AIR COMPLEXION BALM 90 ALEZANA ,3346130003007,HMU60227BVW90,,,,,,,,,,,HRM000000473,PLEIN AIR COMPLEXION BALM 90 ALEZAN 40 ML
HERMES,HERMES PLEIN AIR IRIDESCENT POWDER 02 CORAIL MOJAVE  ,3346130415404,HMU60449PV002,,,,,,,,,,,HRM000000678,PLEIN AIR IRIDESCENT MINERAL POWDER 02 CORAIL MOJAVE
HERMES,OMBRES D'HERMES EYESHADOWS 02 OMBRES VEGETALES  ,3346130411277,HMU60365PV002,,,,,,,,,,,HRM000000689,OMBRES D'HERMES EYESHADOWS 02 OMBRES VEGETALES
HERMES,OMBRES D'HERMES EYESHADOWS 04 OMBRES MARINES  ,3346130411291,HMU60365PV004,,,,,,,,,,,HRM000000691,OMBRES D'HERMES EYESHADOWS 04 OMBRES MARINES
HERMES,TRAIT D'HERMES EYE PENCIL 27 BLEUET ,3346130426196,HMU60570CV027,,,,,,,,,,,HRM000000818,TRAIT D'HERMES EYE PENCIL 27 BLEUET 
HERMES,TRAIT D'HERMES EYE PENCIL 55 VERT PAON ,3346130426226,HMU60570CV055,,,,,,,,,,,HRM000000821,TRAIT D'HERMES EYE PENCIL 55 VERT PAON 
HERMES,TRAIT D'HERMES EYE PENCIL 56 VIOLET INDIGO ,3346130426233,HMU60570CV056,,,,,,,,,,,HRM000000822,TRAIT D'HERMES EYE PENCIL 56 VIOLET INDIGO 
HERMES,TRAIT D'HERMES EYE PENCIL 78 BLEU ENCRE ,3346130426301,HMU60570CV078,,,,,,,,,,,HRM000000829,TRAIT D'HERMES EYE PENCIL 78 BLEU ENCRE 
HERMES,ROUGE HERMES SHEER MATTE LIPSTICK 69 ROSE EPURE,3346130021476,HMU60738MV069,,,,,,,,,,,HRM000000873,ROUGE HERMES SHEER MATTE LIPSTICK 69 ROSE EPURE
HERMES,OMBRES D'HERMES EYESHADOWS 12 OMBRES OPTIQUES,3346130021407,HMU60744PV012,,,,,,,,,,,HRM000000875,OMBRES D’HERMÈS 12 OMBRES ABSTRAITES
HERMES,H24 EDP REFILL 175 ML,3346130417484,HRM109328V0,,,,,,,,,,,HRM000000657,H24 EDP REFILLABLE 175 ML
HERMES,L'OMBRE DES MERVEILLES EDP 30 ML,3346131797103,HRM101655V0,3346130008477,HRM107060V0,,,,,,,,,HRM000000107,L'OMBRE DES MERVEILLES EDP 30 ML
HERMES,UN JARDIN A CYTHERE EDT 100 ML,3346130417262,HRM109289V0,,,,,,,,,,,HRM000000584,UN JARDIN A CYTHERE EDT 100 ML
HERMES,UN JARDIN EN MEDITERRANEE EDT 100 ML,3346131210015,HRM712650/1,,,,,,,,,,,HRM000000314,UN JARDIN EN MEDITERRANEE EDT 100 ML
PENHALIGONS,PEN TR HALFETI EDP KC 30 ML,5056245053276,PEN65227793,5056245042348,65193982,,,,,,,,,PEN65227793,PEN TR HALFETI EDP KC 30 ML 